data,stato,codice_regione,denominazione_regione,lat,long,ricoverati_con_sintomi,terapia_intensiva,totale_ospedalizzati,isolamento_domiciliare,totale_positivi,variazione_totale_positivi,nuovi_positivi,dimessi_guariti,deceduti,casi_da_sospetto_diagnostico,casi_da_screening,totale_casi,tamponi,casi_testati,note,ingressi_terapia_intensiva,note_test,note_casi,totale_positivi_test_molecolare,totale_positivi_test_antigenico_rapido,tamponi_test_molecolare,tamponi_test_antigenico_rapido,codice_nuts_1,codice_nuts_2
2020-02-24T18:00:00,ITA,16,Puglia,41.12559576,16.86736689,0,0,0,0,0,0,0,0,0,,,0,0,,,,,,,,,,,
2020-02-25T18:00:00,ITA,16,Puglia,41.12559576,16.86736689,0,0,0,0,0,0,0,0,0,,,0,0,,,,,,,,,,,
2020-02-26T18:00:00,ITA,16,Puglia,41.12559576,16.86736689,0,0,0,0,0,0,0,0,0,,,0,0,,,,,,,,,,,
2020-02-27T18:00:00,ITA,16,Puglia,41.12559576,16.86736689,1,0,1,0,1,1,1,0,0,,,1,0,,,,,,,,,,,
2020-02-28T18:00:00,ITA,16,Puglia,41.12559576,16.86736689,1,0,1,2,3,2,2,0,0,,,3,242,,,,,,,,,,,
2020-02-29T17:00:00,ITA,16,Puglia,41.12559576,16.86736689,1,0,1,2,3,0,0,0,0,,,3,252,,,,,,,,,,,
2020-03-01T17:00:00,ITA,16,Puglia,41.12559576,16.86736689,1,0,1,2,3,0,0,0,0,,,3,262,,,,,,,,,,,
2020-03-02T18:00:00,ITA,16,Puglia,41.12559576,16.86736689,2,0,2,2,4,1,1,0,0,,,4,278,,,,,,,,,,,
2020-03-03T18:00:00,ITA,16,Puglia,41.12559576,16.86736689,2,0,2,4,6,2,2,0,0,,,6,298,,,,,,,,,,,
2020-03-04T17:00:00,ITA,16,Puglia,41.12559576,16.86736689,4,0,4,3,7,1,3,1,1,,,9,322,,,,,,,,,,,
2020-03-05T17:00:00,ITA,16,Puglia,41.12559576,16.86736689,5,1,6,6,12,5,5,1,1,,,14,359,,,,,,,,,,,
2020-03-06T17:00:00,ITA,16,Puglia,41.12559576,16.86736689,5,1,6,9,15,3,3,1,1,,,17,395,,,,,,,,,,,
2020-03-07T18:00:00,ITA,16,Puglia,41.12559576,16.86736689,9,2,11,12,23,8,9,1,2,,,26,395,,,,,,,,,,,
2020-03-08T18:00:00,ITA,16,Puglia,41.12559576,16.86736689,17,3,20,16,36,13,14,1,3,,,40,627,,,,,,,,,,,
2020-03-09T18:00:00,ITA,16,Puglia,41.12559576,16.86736689,20,6,26,20,46,10,10,1,3,,,50,685,,,,,,,,,,,
2020-03-10T18:00:00,ITA,16,Puglia,41.12559576,16.86736689,28,6,34,21,55,9,9,1,3,,,59,747,,,,,,,,,,,
2020-03-11T17:00:00,ITA,16,Puglia,41.12559576,16.86736689,38,4,42,29,71,16,18,1,5,,,77,909,,,,,,,,,,,
2020-03-12T17:00:00,ITA,16,Puglia,41.12559576,16.86736689,58,2,60,38,98,27,27,1,5,,,104,1269,,,,,,,,,,,
2020-03-13T17:00:00,ITA,16,Puglia,41.12559576,16.86736689,77,2,79,42,121,23,25,3,5,,,129,1449,,,,,,,,,,,
2020-03-14T17:00:00,ITA,16,Puglia,41.12559576,16.86736689,91,6,97,59,156,35,37,2,8,,,166,1681,,,,,,,,,,,
2020-03-15T17:00:00,ITA,16,Puglia,41.12559576,16.86736689,116,6,122,90,212,56,64,2,16,,,230,2017,,,,,,,,,,,
2020-03-16T17:00:00,ITA,16,Puglia,41.12559576,16.86736689,116,6,122,90,212,0,0,2,16,,,230,2017,,nd-IT-0005,,,,,,,,,
2020-03-17T17:00:00,ITA,16,Puglia,41.12559576,16.86736689,155,14,169,151,320,108,110,2,18,,,340,3077,,,,,,,,,,,
2020-03-18T17:00:00,ITA,16,Puglia,41.12559576,16.86736689,156,30,186,176,362,42,43,2,19,,,383,3433,,,,,,,,,,,
2020-03-19T17:00:00,ITA,16,Puglia,41.12559576,16.86736689,173,31,204,245,449,87,95,4,25,,,478,4046,,,,,,,,,,,
2020-03-20T17:00:00,ITA,16,Puglia,41.12559576,16.86736689,191,31,222,329,551,102,103,4,26,,,581,4789,,,,,,,,,,,
2020-03-21T17:00:00,ITA,16,Puglia,41.12559576,16.86736689,209,33,242,400,642,91,94,4,29,,,675,5617,,,,,,,,,,,
2020-03-22T17:00:00,ITA,16,Puglia,41.12559576,16.86736689,252,37,289,459,748,106,111,7,31,,,786,6160,,,,,,,,,,,
2020-03-23T17:00:00,ITA,16,Puglia,41.12559576,16.86736689,285,45,330,532,862,114,120,7,37,,,906,6761,,,,,,,,,,,
2020-03-24T17:00:00,ITA,16,Puglia,41.12559576,16.86736689,317,57,374,566,940,78,99,21,44,,,1005,7345,,,,,,,,,,,
2020-03-25T17:00:00,ITA,16,Puglia,41.12559576,16.86736689,349,64,413,610,1023,83,88,22,48,,,1093,8223,,,,,,,,,,,
2020-03-26T17:00:00,ITA,16,Puglia,41.12559576,16.86736689,480,76,556,539,1095,72,89,22,65,,,1182,9191,,,,,,,,,,,
2020-03-27T17:00:00,ITA,16,Puglia,41.12559576,16.86736689,530,82,612,624,1236,141,152,29,69,,,1334,10233,,,,,,,,,,,
2020-03-28T17:00:00,ITA,16,Puglia,41.12559576,16.86736689,563,98,661,697,1358,122,124,29,71,,,1458,11500,,,,,,,,,,,
2020-03-29T17:00:00,ITA,16,Puglia,41.12559576,16.86736689,559,99,658,774,1432,74,91,31,86,,,1549,12361,,,,,,,,,,,
2020-03-30T17:00:00,ITA,16,Puglia,41.12559576,16.86736689,590,106,696,889,1585,153,163,36,91,,,1712,13117,,,,,,,,,,,
2020-03-31T17:00:00,ITA,16,Puglia,41.12559576,16.86736689,609,105,714,940,1654,69,91,39,110,,,1803,14073,,,,,,,,,,,
2020-04-01T17:00:00,ITA,16,Puglia,41.12559576,16.86736689,637,107,744,1012,1756,102,143,61,129,,,1946,15209,,,,,,,,,,,
2020-04-02T17:00:00,ITA,16,Puglia,41.12559576,16.86736689,645,118,763,1101,1864,108,131,69,144,,,2077,16554,,,,,,,,,,,
2020-04-03T17:00:00,ITA,16,Puglia,41.12559576,16.86736689,648,123,771,1178,1949,85,105,69,164,,,2182,17924,,,,,,,,,,,
2020-04-04T17:00:00,ITA,16,Puglia,41.12559576,16.86736689,627,153,780,1193,1973,24,58,94,173,,,2240,18977,,,,,,,,,,,
2020-04-05T17:00:00,ITA,16,Puglia,41.12559576,16.86736689,574,159,733,1289,2022,49,77,113,182,,,2317,20080,,,,,,,,,,,
2020-04-06T17:00:00,ITA,16,Puglia,41.12559576,16.86736689,625,97,722,1393,2115,93,127,134,195,,,2444,22059,,,,,,,,,,,
2020-04-07T17:00:00,ITA,16,Puglia,41.12559576,16.86736689,615,93,708,1429,2137,22,70,168,209,,,2514,23149,,,,,,,,,,,
2020-04-08T17:00:00,ITA,16,Puglia,41.12559576,16.86736689,639,90,729,1509,2238,101,120,177,219,,,2634,24493,,,,,,,,,,,
2020-04-09T17:00:00,ITA,16,Puglia,41.12559576,16.86736689,630,86,716,1585,2301,63,82,190,225,,,2716,26088,,,,,,,,,,,
2020-04-10T17:00:00,ITA,16,Puglia,41.12559576,16.86736689,631,80,711,1625,2336,35,93,235,238,,,2809,27812,,,,,,,,,,,
2020-04-11T17:00:00,ITA,16,Puglia,41.12559576,16.86736689,627,73,700,1702,2402,66,95,249,253,,,2904,29463,,,,,,,,,,,
2020-04-12T17:00:00,ITA,16,Puglia,41.12559576,16.86736689,609,71,680,1772,2452,50,85,277,260,,,2989,30973,,,,,,,,,,,
2020-04-13T17:00:00,ITA,16,Puglia,41.12559576,16.86736689,600,71,671,1841,2512,60,76,286,267,,,3065,31922,,,,,,,,,,,
2020-04-14T17:00:00,ITA,16,Puglia,41.12559576,16.86736689,611,62,673,1879,2552,40,53,288,278,,,3118,33071,,,,,,,,,,,
2020-04-15T17:00:00,ITA,16,Puglia,41.12559576,16.86736689,592,73,665,1908,2573,21,66,323,288,,,3184,34518,,,,,,,,,,,
2020-04-16T17:00:00,ITA,16,Puglia,41.12559576,16.86736689,603,58,661,1964,2625,52,74,334,299,,,3258,36158,,,,,,,,,,,
2020-04-17T17:00:00,ITA,16,Puglia,41.12559576,16.86736689,590,62,652,2004,2656,31,69,364,307,,,3327,38278,,,,,,,,,,,
2020-04-18T17:00:00,ITA,16,Puglia,41.12559576,16.86736689,594,60,654,2040,2694,38,82,401,314,,,3409,40423,,,,,,,,,,,
2020-04-19T17:00:00,ITA,16,Puglia,41.12559576,16.86736689,590,60,650,2136,2786,92,120,427,316,,,3529,42598,41580.0,,,,,,,,,,
2020-04-20T17:00:00,ITA,16,Puglia,41.12559576,16.86736689,584,66,650,2160,2810,24,38,431,326,,,3567,44189,43119.0,,,,,,,,,,
2020-04-21T17:00:00,ITA,16,Puglia,41.12559576,16.86736689,569,65,634,2178,2812,2,55,459,351,,,3622,45984,44760.0,,,,,,,,,,
2020-04-22T17:00:00,ITA,16,Puglia,41.12559576,16.86736689,564,60,624,2250,2874,62,108,494,362,,,3730,48342,46925.0,,,,,,,,,,
2020-04-23T17:00:00,ITA,16,Puglia,41.12559576,16.86736689,536,55,591,2345,2936,62,109,531,372,,,3839,50410,49403.0,,,,,,,,,,
2020-04-24T17:00:00,ITA,16,Puglia,41.12559576,16.86736689,496,51,547,2386,2933,-3,42,565,383,,,3881,52472,51517.0,,,,,,,,,,
2020-04-25T17:00:00,ITA,16,Puglia,41.12559576,16.86736689,469,48,517,2402,2919,-14,31,602,391,,,3912,54628,53500.0,,,,,,,,,,
2020-04-26T17:00:00,ITA,16,Puglia,41.12559576,16.86736689,464,48,512,2425,2937,18,36,612,399,,,3948,55992,55397.0,,,,,,,,,,
2020-04-27T17:00:00,ITA,16,Puglia,41.12559576,16.86736689,449,51,500,2412,2912,-25,10,641,405,,,3958,56976,55897.0,,,,,,,,,,
2020-04-28T17:00:00,ITA,16,Puglia,41.12559576,16.86736689,448,51,499,2420,2919,7,22,654,407,,,3980,58496,57574.0,,,,,,,,,,
2020-04-29T17:00:00,ITA,16,Puglia,41.12559576,16.86736689,449,47,496,2431,2927,8,49,692,410,,,4029,60334,59801.0,,,,,,,,,,
2020-04-30T17:00:00,ITA,16,Puglia,41.12559576,16.86736689,439,42,481,2468,2949,22,43,708,415,,,4072,62460,61439.0,,,,,,,,,,
2020-05-01T17:00:00,ITA,16,Puglia,41.12559576,16.86736689,428,39,467,2480,2947,-2,27,731,421,,,4099,64292,62702.0,,,,,,,,,,
2020-05-02T17:00:00,ITA,16,Puglia,41.12559576,16.86736689,416,39,455,2499,2954,7,34,757,422,,,4133,65370,63782.0,,,,,,,,,,
2020-05-03T17:00:00,ITA,16,Puglia,41.12559576,16.86736689,410,40,450,2505,2955,1,11,765,424,,,4144,66443,64781.0,,,,,,,,,,
2020-05-04T17:00:00,ITA,16,Puglia,41.12559576,16.86736689,397,39,436,2509,2945,-10,9,779,429,,,4153,67167,65789.0,,,,,,,,,,
2020-05-05T17:00:00,ITA,16,Puglia,41.12559576,16.86736689,384,39,423,2516,2939,-6,17,798,433,,,4170,69128,67238.0,,,,,,,,,,
2020-05-06T17:00:00,ITA,16,Puglia,41.12559576,16.86736689,365,36,401,2502,2903,-36,26,855,438,,,4196,70944,68760.0,,,,,,,,,,
2020-05-07T17:00:00,ITA,16,Puglia,41.12559576,16.86736689,355,35,390,2410,2800,-103,49,1004,441,,,4245,72796,51638.0,,,,,,,,,,
2020-05-08T17:00:00,ITA,16,Puglia,41.12559576,16.86736689,349,33,382,2351,2733,-67,11,1080,443,,,4256,74724,53194.0,,,,,,,,,,
2020-05-09T17:00:00,ITA,16,Puglia,41.12559576,16.86736689,344,33,377,2352,2729,-4,30,1114,443,,,4286,76643,54181.0,,,,,,,,,,
2020-05-10T17:00:00,ITA,16,Puglia,41.12559576,16.86736689,343,34,377,2292,2669,-60,27,1196,448,,,4313,78399,54781.0,,,,,,,,,,
2020-05-11T17:00:00,ITA,16,Puglia,41.12559576,16.86736689,340,32,372,2172,2544,-125,14,1332,451,,,4327,79737,55794.0,,,,,,,,,,
2020-05-12T17:00:00,ITA,16,Puglia,41.12559576,16.86736689,334,31,365,2056,2421,-123,10,1460,456,,,4337,81492,57060.0,,,,,,,,,,
2020-05-13T17:00:00,ITA,16,Puglia,41.12559576,16.86736689,310,27,337,1985,2322,-99,11,1566,460,,,4348,83713,58383.0,,,,,,,,,,
2020-05-14T17:00:00,ITA,16,Puglia,41.12559576,16.86736689,296,24,320,1933,2253,-69,9,1643,461,,,4357,85577,59815.0,,,,,,,,,,
2020-05-15T17:00:00,ITA,16,Puglia,41.12559576,16.86736689,285,23,308,1873,2181,-72,9,1724,461,,,4366,87687,60613.0,,,,,,,,,,
2020-05-16T17:00:00,ITA,16,Puglia,41.12559576,16.86736689,272,22,294,1810,2104,-77,8,1807,463,,,4374,89611,61942.0,,,,,,,,,,
2020-05-17T17:00:00,ITA,16,Puglia,41.12559576,16.86736689,263,21,284,1733,2017,-87,5,1892,470,,,4379,91035,62886.0,,,,,,,,,,
2020-05-18T17:00:00,ITA,16,Puglia,41.12559576,16.86736689,254,22,276,1719,1995,-22,7,1920,471,,,4386,91901,63403.0,,,,,,,,,,
2020-05-19T17:00:00,ITA,16,Puglia,41.12559576,16.86736689,247,22,269,1672,1941,-54,10,1982,473,,,4396,93834,64779.0,,,,,,,,,,
2020-05-20T17:00:00,ITA,16,Puglia,41.12559576,16.86736689,242,21,263,1639,1902,-39,11,2027,478,,,4407,95895,66164.0,,,,,,,,,,
2020-05-21T17:00:00,ITA,16,Puglia,41.12559576,16.86736689,236,20,256,1583,1839,-63,6,2096,478,,,4413,97589,67562.0,,,,,,,,,,
2020-05-22T17:00:00,ITA,16,Puglia,41.12559576,16.86736689,233,17,250,1588,1838,-1,27,2120,482,,,4440,99702,67562.0,,,,,,,,,,
2020-05-23T17:00:00,ITA,16,Puglia,41.12559576,16.86736689,215,17,232,1573,1805,-33,8,2157,486,,,4448,101738,68485.0,,,,,,,,,,
2020-05-24T17:00:00,ITA,16,Puglia,41.12559576,16.86736689,204,17,221,1572,1793,-12,10,2178,487,,,4458,103570,71032.0,,,,,,,,,,
2020-05-25T17:00:00,ITA,16,Puglia,41.12559576,16.86736689,190,15,205,1473,1678,-115,9,2298,491,,,4467,104670,72042.0,,,,,,,,,,
2020-05-26T17:00:00,ITA,16,Puglia,41.12559576,16.86736689,172,17,189,1350,1539,-139,2,2436,494,,,4469,106873,73226.0,,,,,,,,,,
2020-05-27T17:00:00,ITA,16,Puglia,41.12559576,16.86736689,170,17,187,1326,1513,-26,10,2471,495,,,4479,109499,74686.0,,,,,,,,,,
2020-05-28T17:00:00,ITA,16,Puglia,41.12559576,16.86736689,164,16,180,1215,1395,-118,2,2590,496,,,4481,111946,75959.0,,,,,,,,,,
2020-05-29T17:00:00,ITA,16,Puglia,41.12559576,16.86736689,158,12,170,1113,1283,-112,1,2699,500,,,4482,114588,77211.0,,,,,,,,,,
2020-05-30T17:00:00,ITA,16,Puglia,41.12559576,16.86736689,150,12,162,1060,1222,-61,8,2768,500,,,4490,116765,78458.0,,,,,,,,,,
2020-05-31T17:00:00,ITA,16,Puglia,41.12559576,16.86736689,143,11,154,1023,1177,-45,4,2813,504,,,4494,118652,79314.0,,,,,,,,,,
2020-06-01T17:00:00,ITA,16,Puglia,41.12559576,16.86736689,140,11,151,1004,1155,-22,4,2837,506,,,4498,119650,80390.0,,,,,,,,,,
2020-06-02T17:00:00,ITA,16,Puglia,41.12559576,16.86736689,134,11,145,906,1051,-104,0,2939,508,,,4498,121460,81372.0,,,,,,,,,,
2020-06-03T17:00:00,ITA,16,Puglia,41.12559576,16.86736689,131,10,141,895,1036,-15,1,2952,511,,,4499,122506,82041.0,,,,,,,,,,
2020-06-04T17:00:00,ITA,16,Puglia,41.12559576,16.86736689,131,9,140,827,967,-69,4,3022,514,,,4503,125049,83870.0,,,,,,,,,,
2020-06-05T17:00:00,ITA,16,Puglia,41.12559576,16.86736689,111,5,116,730,846,-121,4,3140,521,,,4507,127520,85007.0,,,,,,,,,,
2020-06-06T17:00:00,ITA,16,Puglia,41.12559576,16.86736689,109,4,113,645,758,-88,4,3231,522,,,4511,129898,86405.0,,,,,,,,,,
2020-06-07T17:00:00,ITA,16,Puglia,41.12559576,16.86736689,96,4,100,633,733,-25,0,3253,525,,,4511,131931,86405.0,,,,,,,,,,
2020-06-08T17:00:00,ITA,16,Puglia,41.12559576,16.86736689,94,4,98,600,698,-35,1,3289,525,,,4512,133164,88228.0,,,,,,,,,,
2020-06-09T17:00:00,ITA,16,Puglia,41.12559576,16.86736689,76,5,81,532,613,-85,0,3373,526,,,4512,135625,90248.0,,,,,,,,,,
2020-06-10T17:00:00,ITA,16,Puglia,41.12559576,16.86736689,71,4,75,482,557,-56,0,3426,529,,,4512,138377,91918.0,,,,,,,,,,
2020-06-11T17:00:00,ITA,16,Puglia,41.12559576,16.86736689,65,3,68,399,467,-90,1,3516,530,,,4513,141322,93130.0,,,,,,,,,,
2020-06-12T17:00:00,ITA,16,Puglia,41.12559576,16.86736689,61,2,63,376,439,-28,2,3544,532,,,4515,143844,94456.0,,,,,,,,,,
2020-06-13T17:00:00,ITA,16,Puglia,41.12559576,16.86736689,60,2,62,360,422,-17,0,3561,532,,,4515,145905,96053.0,,,,,,,,,,
2020-06-14T17:00:00,ITA,16,Puglia,41.12559576,16.86736689,57,2,59,359,418,-4,0,3565,532,,,4515,147249,96820.0,,,,,,,,,,
2020-06-15T17:00:00,ITA,16,Puglia,41.12559576,16.86736689,56,2,58,352,410,-8,1,3572,534,,,4516,148627,97877.0,,,,,,,,,,
2020-06-16T17:00:00,ITA,16,Puglia,41.12559576,16.86736689,48,2,50,303,353,-57,0,3628,535,,,4516,151482,99985.0,,,,,,,,,,
2020-06-17T17:00:00,ITA,16,Puglia,41.12559576,16.86736689,46,2,48,276,324,-29,0,3656,536,,,4516,154143,101350.0,,,,,,,,,,
2020-06-18T17:00:00,ITA,16,Puglia,41.12559576,16.86736689,34,1,35,271,306,-18,3,3675,538,,,4519,156582,103148.0,,,,,,,,,,
2020-06-19T17:00:00,ITA,16,Puglia,41.12559576,16.86736689,31,1,32,223,255,-51,1,3727,538,,,4520,158828,104225.0,,,,,,,,,,
2020-06-20T17:00:00,ITA,16,Puglia,41.12559576,16.86736689,32,1,33,187,220,-35,5,3765,540,,,4525,160662,105780.0,,,,,,,,,,
2020-06-21T17:00:00,ITA,16,Puglia,41.12559576,16.86736689,32,1,33,189,222,2,2,3765,540,,,4527,161902,106637.0,,,,,,,,,,
2020-06-22T17:00:00,ITA,16,Puglia,41.12559576,16.86736689,33,0,33,185,218,-4,0,3769,540,,,4527,162940,107702.0,,,,,,,,,,
2020-06-23T17:00:00,ITA,16,Puglia,41.12559576,16.86736689,32,0,32,158,190,-28,2,3797,542,,,4529,165598,109358.0,,,,,,,,,,
2020-06-24T17:00:00,ITA,16,Puglia,41.12559576,16.86736689,29,0,29,148,177,-13,0,3809,543,,,4529,168388,111420.0,,,,,,,,,,
2020-06-25T17:00:00,ITA,16,Puglia,41.12559576,16.86736689,27,0,27,146,173,-4,1,3814,543,2443.0,2087.0,4530,170284,112532.0,,,,,,,,,,
2020-06-26T17:00:00,ITA,16,Puglia,41.12559576,16.86736689,27,0,27,126,153,-20,1,3835,543,2308.0,2223.0,4531,171968,113789.0,Per 1657 casi non è disponibile la provenienza,,,,,,,,,
2020-06-27T17:00:00,ITA,16,Puglia,41.12559576,16.86736689,27,0,27,120,147,-6,0,3841,543,2258.0,2273.0,4531,173422,115265.0,Per 1602 casi non è disponibile la provenienza,,,,,,,,,
2020-06-28T17:00:00,ITA,16,Puglia,41.12559576,16.86736689,27,0,27,119,146,-1,0,3842,543,2258.0,2273.0,4531,174968,116126.0,Per 1602 casi non è disponibile la provenienza,,,,,,,,,
2020-06-29T17:00:00,ITA,16,Puglia,41.12559576,16.86736689,28,0,28,117,145,-1,0,3843,543,2241.0,2290.0,4531,175811,117104.0,Per 1583 casi non è disponibile la provenienza,,,,,,,,,
2020-06-30T17:00:00,ITA,16,Puglia,41.12559576,16.86736689,25,0,25,104,129,-16,0,3857,545,2173.0,2358.0,4531,178251,118741.0,Per 1507 casi non è disponibile la provenienza,,,,,,,,,
2020-07-01T17:00:00,ITA,16,Puglia,41.12559576,16.86736689,24,0,24,88,112,-17,0,3873,545,2159.0,2371.0,4530,180664,120651.0,Per 1491 casi non è disponibile la provenienza,,,,,,,,,
2020-07-02T17:00:00,ITA,16,Puglia,41.12559576,16.86736689,24,0,24,85,109,-3,0,3876,545,2154.0,2376.0,4530,182713,122302.0,Per 1487 casi non è disponibile la provenienza,,,,,,,,,
2020-07-03T17:00:00,ITA,16,Puglia,41.12559576,16.86736689,21,0,21,88,109,0,3,3879,545,2152.0,2381.0,4533,184749,123414.0,Per 1482 casi non è disponibile la provenienza,,,,,,,,,
2020-07-04T17:00:00,ITA,16,Puglia,41.12559576,16.86736689,21,0,21,90,111,2,3,3880,545,2143.0,2393.0,4536,186569,125029.0,Per 1469 casi non è disponibile la provenienza,,,,,,,,,
2020-07-05T17:00:00,ITA,16,Puglia,41.12559576,16.86736689,20,0,20,90,110,-1,0,3881,545,2142.0,2394.0,4536,188242,125961.0,per 1468 casi non è disponibile la provenienza,,,,,,,,,
2020-07-06T17:00:00,ITA,16,Puglia,41.12559576,16.86736689,18,0,18,75,93,-17,0,3898,545,2123.0,2413.0,4536,188969,127514.0,per 1447 casi non e' disponibile la provenienza,,,,,,,,,
2020-07-07T17:00:00,ITA,16,Puglia,41.12559576,16.86736689,12,0,12,67,79,-14,0,3910,546,2108.0,2427.0,4535,191319,128899.0,per 1416 casi non e' disponibile la provenienza,,,,,,,,,
2020-07-08T17:00:00,ITA,16,Puglia,41.12559576,16.86736689,14,0,14,64,78,-1,1,3912,546,2082.0,2454.0,4536,193757,130637.0,per 1374 casi non e' disponibile la provenienza,,,,,,,,,
2020-07-09T17:00:00,ITA,16,Puglia,41.12559576,16.86736689,14,0,14,60,74,-4,0,3916,546,2082.0,2454.0,4536,196070,132160.0,per 1374 casi non e' disponibile la provenienza,,,,,,,,,
2020-07-10T17:00:00,ITA,16,Puglia,41.12559576,16.86736689,13,0,13,59,72,-2,4,3922,546,2084.0,2456.0,4540,198088,134139.0,per 1374 casi non e' disponibile la provenienza,,,,,,,,,
2020-07-11T17:00:00,ITA,16,Puglia,41.12559576,16.86736689,12,0,12,59,71,-1,1,3924,546,2076.0,2465.0,4541,199805,135169.0,per 1357 casi non e' disponibile la provenienza,,,,,,,,,
2020-07-12T17:00:00,ITA,16,Puglia,41.12559576,16.86736689,12,0,12,59,71,0,0,3924,546,2076.0,2465.0,4541,201419,136109.0,per 1357 casi non e' disponibile la provenienza,,,,,,,,,
2020-07-13T17:00:00,ITA,16,Puglia,41.12559576,16.86736689,10,0,10,58,68,-3,0,3926,547,2056.0,2485.0,4541,202256,137079.0,per 1326 casi non e' disponibile la provenienza,,,,,,,,,
2020-07-14T17:00:00,ITA,16,Puglia,41.12559576,16.86736689,10,0,10,58,68,0,0,3926,547,2052.0,2489.0,4541,204917,138661.0,per 1316 casi non e' disponibile la provenienza,,,,,,,,,
2020-07-15T17:00:00,ITA,16,Puglia,41.12559576,16.86736689,10,0,10,58,68,0,0,3926,547,2051.0,2490.0,4541,207413,140603.0,per 1315 casi non e' disponibile la provenienza,,,,,,,,,
2020-07-16T17:00:00,ITA,16,Puglia,41.12559576,16.86736689,11,0,11,57,68,0,1,3926,548,2051.0,2491.0,4542,210124,142396.0,per 1315 casi non e' disponibile la provenienza,,,,,,,,,
2020-07-17T17:00:00,ITA,16,Puglia,41.12559576,16.86736689,12,0,12,58,70,2,5,3929,548,2053.0,2494.0,4547,211843,144093.0,per 1315 casi non e' disponibile la provenienza,,,,,,,,,
2020-07-18T17:00:00,ITA,16,Puglia,41.12559576,16.86736689,14,0,14,58,72,2,3,3930,548,2054.0,2496.0,4550,213873,145802.0,per 1315 casi non e' disponibile la provenienza,,,,,,,,,
2020-07-19T17:00:00,ITA,16,Puglia,41.12559576,16.86736689,14,0,14,65,79,7,7,3930,548,2056.0,2501.0,4557,215649,146774.0,per 1317 casi non e' disponibile la provenienza,,,,,,,,,
2020-07-20T17:00:00,ITA,16,Puglia,41.12559576,16.86736689,14,0,14,65,79,0,0,3930,548,2054.0,2503.0,4557,216402,147702.0,,,,,,,,,,
2020-07-21T17:00:00,ITA,16,Puglia,41.12559576,16.86736689,11,0,11,49,60,-19,0,3948,548,2049.0,2507.0,4556,218910,149713.0,,,,,,,,,,
2020-07-22T17:00:00,ITA,16,Puglia,41.12559576,16.86736689,11,0,11,45,56,-4,0,3952,548,2032.0,2524.0,4556,221331,151624.0,,,,,,,,,,
2020-07-23T17:00:00,ITA,16,Puglia,41.12559576,16.86736689,11,0,11,53,64,8,9,3953,548,2014.0,2551.0,4565,223789,153199.0,,,,,,,,,,
2020-07-24T17:00:00,ITA,16,Puglia,41.12559576,16.86736689,11,0,11,56,67,3,13,3962,549,1991.0,2587.0,4578,225690,155202.0,,,,,,,,,,
2020-07-25T17:00:00,ITA,16,Puglia,41.12559576,16.86736689,16,0,16,60,76,9,8,3961,549,1984.0,2602.0,4586,227533,156395.0,,,,,,,,,,
2020-07-26T17:00:00,ITA,16,Puglia,41.12559576,16.86736689,15,0,15,63,78,2,3,3961,550,1984.0,2605.0,4589,229423,157669.0,,,,,,,,,,
2020-07-27T17:00:00,ITA,16,Puglia,41.12559576,16.86736689,15,0,15,64,79,1,3,3962,551,1985.0,2607.0,4592,230475,158704.0,,,,,,,,,,
2020-07-28T17:00:00,ITA,16,Puglia,41.12559576,16.86736689,15,0,15,67,82,3,4,3963,551,1985.0,2611.0,4596,233247,160386.0,Per 1191 casi non è disponibile la provenienza,,,,,,,,,
2020-07-29T17:00:00,ITA,16,Puglia,41.12559576,16.86736689,17,0,17,75,92,10,10,3963,551,1988.0,2618.0,4606,235701,162238.0,Per 1192 casi non è disponibile la provenienza,,,,,,,,,
2020-07-30T17:00:00,ITA,16,Puglia,41.12559576,16.86736689,17,0,17,77,94,2,3,3964,551,1990.0,2619.0,4609,238142,163824.0,Per 1193 casi non è disponibile la provenienza,,,,,,,,,
2020-07-31T17:00:00,ITA,16,Puglia,41.12559576,16.86736689,18,0,18,77,95,1,2,3964,552,1991.0,2620.0,4611,240004,165237.0,Per 1193 casi non è disponibile la provenienza,,,,,,,,,
2020-08-01T17:00:00,ITA,16,Puglia,41.12559576,16.86736689,19,0,19,93,112,17,20,3967,552,1992.0,2639.0,4631,241836,166712.0,Per 1193 casi non è disponibile la provenienza,,,,,,,,,
2020-08-02T17:00:00,ITA,16,Puglia,41.12559576,16.86736689,20,0,20,100,120,8,8,3967,552,1994.0,2645.0,4639,243309,167514.0,Per 1193 casi non è disponibile la provenienza,,,,,,,,,
2020-08-03T17:00:00,ITA,16,Puglia,41.12559576,16.86736689,23,0,23,102,125,5,9,3970,553,1994.0,2654.0,4648,244174,168787.0,per 1193 casi non e' disponibile la provenienza,,,,,,,,,
2020-08-04T17:00:00,ITA,16,Puglia,41.12559576,16.86736689,22,0,22,109,131,6,7,3971,553,1995.0,2660.0,4655,246581,170642.0,per 1192 casi non e' disponibile la provenienza,,,,,,,,,
2020-08-05T17:00:00,ITA,16,Puglia,41.12559576,16.86736689,24,0,24,128,152,21,23,3973,553,1919.0,2759.0,4678,249211,171932.0,per 1084 casi non e' disponibile la provenienza,,,,,,,,,
2020-08-06T17:00:00,ITA,16,Puglia,41.12559576,16.86736689,24,0,24,134,158,6,7,3974,553,1892.0,2793.0,4685,251470,173426.0,per 1024 casi non e' disponibile la provenienza,,,,,,,,,
2020-08-07T17:00:00,ITA,16,Puglia,41.12559576,16.86736689,26,0,26,144,170,12,11,3973,553,1844.0,2852.0,4696,253378,174742.0,per 950 casi non e' disponibile la provenienza,,,,,,,,,
2020-08-08T17:00:00,ITA,16,Puglia,41.12559576,16.86736689,27,0,27,151,178,8,9,3973,554,1805.0,2900.0,4705,254939,176113.0,per 880 casi non e' disponibile la provenienza,,,,,,,,,
2020-08-09T17:00:00,ITA,16,Puglia,41.12559576,16.86736689,31,0,31,156,187,9,9,3973,554,1806.0,2908.0,4714,256307,176992.0,per 880 casi non e' disponibile la provenienza,,,,,,,,,
2020-08-10T17:00:00,ITA,16,Puglia,41.12559576,16.86736689,36,1,37,176,213,26,26,3973,554,1818.0,2922.0,4740,256997,177798.0,per 880 casi non e' disponibile la provenienza,,,,,,,,,
2020-08-11T17:00:00,ITA,16,Puglia,41.12559576,16.86736689,38,1,39,190,229,16,20,3977,554,1823.0,2937.0,4760,258978,179205.0,per 880 casi non e' disponibile la provenienza,,,,,,,,,
2020-08-12T17:00:00,ITA,16,Puglia,41.12559576,16.86736689,43,2,45,217,262,33,33,3977,554,1836.0,2957.0,4793,261101,180855.0,per 885 casi non e' disponibile la provenienza,,,,,,,,,
2020-08-13T17:00:00,ITA,16,Puglia,41.12559576,16.86736689,46,2,48,228,276,14,16,3979,554,1838.0,2971.0,4809,262847,182067.0,per 886 casi non e' disponibile la provenienza,,,,,,,,,
2020-08-14T17:00:00,ITA,16,Puglia,41.12559576,16.86736689,45,1,46,240,286,10,12,3981,554,1835.0,2986.0,4821,264548,183493.0,per 882 casi non e' disponibile la provenienza,,,,,,,,,
2020-08-15T17:00:00,ITA,16,Puglia,41.12559576,16.86736689,46,1,47,261,308,22,22,3981,554,1844.0,2999.0,4843,266293,184587.0,per 882 casi non e' disponibile la provenienza,,,,,,,,,
2020-08-16T17:00:00,ITA,16,Puglia,41.12559576,16.86736689,47,1,48,275,323,15,15,3981,554,1847.0,3011.0,4858,267374,185276.0,per 882 casi non e' disponibile la provenienza,,,,,,,,,
2020-08-17T17:00:00,ITA,16,Puglia,41.12559576,16.86736689,49,2,51,274,325,2,4,3982,555,1850.0,3012.0,4862,268294,186287.0,per 882 casi non e' disponibile la provenienza,,,,,,,,,
2020-08-18T17:00:00,ITA,16,Puglia,41.12559576,16.86736689,53,3,56,284,340,15,20,3987,555,1853.0,3029.0,4882,270938,188150.0,per 878 casi non e' disponibile la provenienza,,,,,,,,,
2020-08-19T17:00:00,ITA,16,Puglia,41.12559576,16.86736689,52,3,55,315,370,30,33,3990,555,1869.0,3046.0,4915,273632,190197.0,per 879 casi non e' disponibile la provenienza,,,,,,,,,
2020-08-20T17:00:00,ITA,16,Puglia,41.12559576,16.86736689,58,3,61,328,389,19,20,3991,555,1876.0,3059.0,4935,276314,192370.0,per 879 casi non e' disponibile la provenienza,,,,,,,,,
2020-08-21T17:00:00,ITA,16,Puglia,41.12559576,16.86736689,61,4,65,354,419,30,35,3996,555,1884.0,3086.0,4970,279245,194436.0,per 879 casi non e' disponibile la provenienza,,,,,,,,,
2020-08-22T17:00:00,ITA,16,Puglia,41.12559576,16.86736689,62,4,66,370,436,17,22,4001,555,1887.0,3105.0,4992,281824,196707.0,per 880 casi non e' disponibile la provenienza,,,,,,,,,
2020-08-23T17:00:00,ITA,16,Puglia,41.12559576,16.86736689,68,4,72,395,467,31,33,4003,555,1902.0,3123.0,5025,283415,198019.0,,,,,,,,,,
2020-08-24T17:00:00,ITA,16,Puglia,41.12559576,16.86736689,81,4,85,420,505,38,45,4010,555,1913.0,3157.0,5070,284483,199575.0,,,,,,,,,,
2020-08-25T17:00:00,ITA,16,Puglia,41.12559576,16.86736689,88,4,92,456,548,43,49,4016,555,1921.0,3198.0,5119,287755,202052.0,,,,,,,,,,
2020-08-26T17:00:00,ITA,16,Puglia,41.12559576,16.86736689,94,4,98,499,597,49,51,4018,555,1940.0,3230.0,5170,291265,204620.0,,,,,,,,,,
2020-08-27T17:00:00,ITA,16,Puglia,41.12559576,16.86736689,97,3,100,537,637,40,47,4024,556,1957.0,3260.0,5217,294426,207094.0,,,,,,,,,,
2020-08-28T17:00:00,ITA,16,Puglia,41.12559576,16.86736689,104,5,109,575,684,47,51,4028,556,1964.0,3304.0,5268,297585,209467.0,Per 873 casi non è disponibile la provenienza,,,,,,,,,
2020-08-29T17:00:00,ITA,16,Puglia,41.12559576,16.86736689,112,5,117,631,748,64,65,4029,556,1981.0,3352.0,5333,300338,212037.0,,,,,,,,,,
2020-08-30T17:00:00,ITA,16,Puglia,41.12559576,16.86736689,117,5,122,695,817,69,69,4029,556,2004.0,3398.0,5402,303046,213959.0,,,,,,,,,,
2020-08-31T17:00:00,ITA,16,Puglia,41.12559576,16.86736689,116,7,123,721,844,27,38,4040,556,2008.0,3432.0,5440,305020,216105.0,per 878 casi non e' disponibile la provenienza,,,,,,,,,
2020-09-01T17:00:00,ITA,16,Puglia,41.12559576,16.86736689,123,7,130,730,860,16,39,4062,557,2015.0,3464.0,5479,308671,218643.0,per 879 casi non e' disponibile la provenienza,,,,,,,,,
2020-09-02T17:00:00,ITA,16,Puglia,41.12559576,16.86736689,140,6,146,776,922,62,67,4067,557,2017.0,3529.0,5546,312954,221391.0,per 878 casi non e' disponibile la provenienza,,,,,,,,,
2020-09-03T17:00:00,ITA,16,Puglia,41.12559576,16.86736689,148,6,154,832,986,64,78,4078,560,2029.0,3595.0,5624,316840,224094.0,per 881 casi non e' disponibile la provenienza,,,,,,,,,
2020-09-04T17:00:00,ITA,16,Puglia,41.12559576,16.86736689,150,7,157,929,1086,100,117,4095,560,2050.0,3691.0,5741,320159,226927.0,per 878 casi non e' disponibile la provenienza,,,,,,,,,
2020-09-05T17:00:00,ITA,16,Puglia,41.12559576,16.86736689,148,7,155,967,1122,36,55,4112,562,2062.0,3734.0,5796,323322,230046.0,Per 879 casi non è disponibile la provenienza,,,,,,,,,
2020-09-06T17:00:00,ITA,16,Puglia,41.12559576,16.86736689,155,7,162,1005,1167,45,60,4126,563,2070.0,3786.0,5856,326680,231577.0,per 879 casi non e' disponibile la provenienza,,,,,,,,,
2020-09-07T17:00:00,ITA,16,Puglia,41.12559576,16.86736689,167,6,173,1024,1197,30,43,4137,565,2083.0,3816.0,5899,328329,233159.0,Per 883 casi non è disponibile la provenienza,,,,,,,,,
2020-09-08T17:00:00,ITA,16,Puglia,41.12559576,16.86736689,163,7,170,1151,1321,124,143,4154,567,2097.0,3945.0,6042,331919,236175.0,Per 883 casi non è disponibile la provenienza,,,,,,,,,
2020-09-09T17:00:00,ITA,16,Puglia,41.12559576,16.86736689,172,6,178,1236,1414,93,97,4158,567,2116.0,4023.0,6139,335530,239744.0,Per 887 casi non è disponibile la provenienza,,,,,,,,,
2020-09-10T17:00:00,ITA,16,Puglia,41.12559576,16.86736689,179,8,187,1283,1470,56,70,4169,570,2126.0,4083.0,6209,339446,242098.0,Per 885 casi non è disponibile la provenienza,,,,,,,,,
2020-09-11T17:00:00,ITA,16,Puglia,41.12559576,16.86736689,188,8,196,1350,1546,76,82,4175,570,2139.0,4152.0,6291,343000,244885.0,Per 886 casi non è disponibile la provenienza,,,,,,,,,
2020-09-12T17:00:00,ITA,16,Puglia,41.12559576,16.86736689,189,8,197,1402,1599,53,76,4198,570,2134.0,4233.0,6367,346764,248777.0,Per 873 casi non è disponibile la provenienza,,,,,,,,,
2020-09-13T17:00:00,ITA,16,Puglia,41.12559576,16.86736689,195,9,204,1474,1678,79,82,4201,570,2148.0,4301.0,6449,349719,250467.0,Per 872 casi non è disponibile la provenienza,,,,,,,,,
2020-09-14T17:00:00,ITA,16,Puglia,41.12559576,16.86736689,203,11,214,1499,1713,35,61,4225,572,2151.0,4359.0,6510,351539,252699.0,,,,,,,,,,
2020-09-15T17:00:00,ITA,16,Puglia,41.12559576,16.86736689,204,13,217,1559,1776,63,76,4237,573,2160.0,4426.0,6586,356216,255154.0,,,,,,,,,,
2020-09-16T17:00:00,ITA,16,Puglia,41.12559576,16.86736689,204,14,218,1645,1863,87,103,4252,574,2179.0,4510.0,6689,360787,257428.0,,,,,,,,,,
2020-09-17T17:00:00,ITA,16,Puglia,41.12559576,16.86736689,200,14,214,1701,1915,52,63,4262,575,2191.0,4561.0,6752,364798,260264.0,,,,,,,,,,
2020-09-18T17:00:00,ITA,16,Puglia,41.12559576,16.86736689,200,12,212,1774,1986,71,84,4273,577,2207.0,4629.0,6836,368571,263073.0,,,,,,,,,,
2020-09-19T17:00:00,ITA,16,Puglia,41.12559576,16.86736689,201,13,214,1874,2088,102,108,4278,578,2227.0,4717.0,6944,372288,265618.0,,,,,,,,,,
2020-09-20T17:00:00,ITA,16,Puglia,41.12559576,16.86736689,199,11,210,1918,2128,40,50,4287,579,2234.0,4760.0,6994,375065,267208.0,,,,,,,,,,
2020-09-21T17:00:00,ITA,16,Puglia,41.12559576,16.86736689,201,11,212,1977,2189,61,81,4306,580,2238.0,4837.0,7075,376960,268745.0,Per 870 casi non è disponibile la provenienza,,,,,,,,,
2020-09-22T17:00:00,ITA,16,Puglia,41.12559576,16.86736689,204,10,214,1976,2190,1,67,4371,581,2253.0,4889.0,7142,381476,271426.0,Per 869 casi non è disponibile la provenienza,,,,,,,,,
2020-09-23T17:00:00,ITA,16,Puglia,41.12559576,16.86736689,204,10,214,2008,2222,32,89,4426,583,2271.0,4960.0,7231,385490,274285.0,Per 870 casi non è disponibile la provenienza,,,,,,,,,
2020-09-24T17:00:00,ITA,16,Puglia,41.12559576,16.86736689,207,10,217,2046,2263,41,73,4455,586,2287.0,5017.0,7304,389613,276895.0,Per 869 casi non è disponibile la provenienza,,,,,,,,,
2020-09-25T17:00:00,ITA,16,Puglia,41.12559576,16.86736689,208,10,218,2091,2309,46,90,4498,587,2304.0,5090.0,7394,392912,279402.0,Per 873 casi non è disponibile la provenienza,,,,,,,,,
2020-09-26T17:00:00,ITA,16,Puglia,41.12559576,16.86736689,203,11,214,2123,2337,28,51,4518,590,2316.0,5129.0,7445,396426,282195.0,Per 869 casi non è disponibile la provenienza,,,,,,,,,
2020-09-27T17:00:00,ITA,16,Puglia,41.12559576,16.86736689,210,12,222,2182,2404,67,76,4527,590,2331.0,5190.0,7521,399109,283877.0,Per 869 casi non è disponibile la provenienza,,,,,,,,,
2020-09-28T17:00:00,ITA,16,Puglia,41.12559576,16.86736689,214,15,229,2190,2419,15,90,4600,592,2337.0,5274.0,7611,400565,285597.0,per 868 casi non e' disponibile la provenienza,,,,,,,,,
2020-09-29T17:00:00,ITA,16,Puglia,41.12559576,16.86736689,210,14,224,2209,2433,14,76,4662,592,2344.0,5343.0,7687,404787,288503.0,per 868 casi non e' disponibile la provenienza,,,,,,,,,
2020-09-30T17:00:00,ITA,16,Puglia,41.12559576,16.86736689,218,11,229,2287,2516,83,99,4675,595,2360.0,5426.0,7786,409364,291519.0,per 868 casi non e' disponibile la provenienza,,,,,,,,,
2020-10-01T17:00:00,ITA,16,Puglia,41.12559576,16.86736689,217,14,231,2376,2607,91,114,4697,596,2384.0,5516.0,7900,413516,294298.0,per 877 casi non e' disponibile la provenienza,,,,,,,,,
2020-10-02T17:00:00,ITA,16,Puglia,41.12559576,16.86736689,223,13,236,2427,2663,56,72,4712,597,2392.0,5580.0,7972,417465,296760.0,per 871 casi non e' disponibile la provenienza,,,,,,,,,
2020-10-03T17:00:00,ITA,16,Puglia,41.12559576,16.86736689,226,12,238,2523,2761,98,111,4724,598,2412.0,5671.0,8083,421383,299404.0,per 871 casi non e' disponibile la provenienza,,,,,,,,,
2020-10-04T17:00:00,ITA,16,Puglia,41.12559576,16.86736689,231,13,244,2653,2897,136,151,4739,598,2440.0,5794.0,8234,424869,301067.0,per 874 casi non e' disponibile la provenienza,,,,,,,,,
2020-10-05T17:00:00,ITA,16,Puglia,41.12559576,16.86736689,239,14,253,2703,2956,59,83,4762,599,2449.0,5868.0,8317,426286,302788.0,per 865 casi non e' disponibile la provenienza,,,,,,,,,
2020-10-06T17:00:00,ITA,16,Puglia,41.12559576,16.86736689,244,21,265,2726,2991,35,106,4829,603,2470.0,5953.0,8423,430702,306067.0,per 868 casi non e' disponibile la provenienza,,,,,,,,,
2020-10-07T17:00:00,ITA,16,Puglia,41.12559576,16.86736689,251,23,274,2859,3133,142,196,4883,603,2502.0,6117.0,8619,435524,309260.0,per 868 casi non e' disponibile la provenienza,,,,,,,,,
2020-10-08T17:00:00,ITA,16,Puglia,41.12559576,16.86736689,278,23,301,3033,3334,201,248,4929,604,2555.0,6312.0,8867,440278,312343.0,per 881 casi non e' disponibile la provenienza,,,,,,,,,
2020-10-09T17:00:00,ITA,16,Puglia,41.12559576,16.86736689,300,23,323,3227,3550,216,249,4960,606,2603.0,6513.0,9116,444874,315837.0,per 875 casi non e' disponibile la provenienza,,,,,,,,,
2020-10-10T17:00:00,ITA,16,Puglia,41.12559576,16.86736689,300,22,322,3389,3711,161,184,4982,607,2655.0,6645.0,9300,450063,319289.0,per 885 casi non e' disponibile la provenienza,,,,,,,,,
2020-10-11T17:00:00,ITA,16,Puglia,41.12559576,16.86736689,301,21,322,3485,3807,96,212,5097,608,2715.0,6797.0,9512,453950,321156.0,per 902 casi non e' disponibile la provenienza,,,,,,,,,
2020-10-12T17:00:00,ITA,16,Puglia,41.12559576,16.86736689,307,19,326,3587,3913,106,157,5142,614,2762.0,6907.0,9669,456383,323084.0,per 896 casi non e' disponibile la provenienza,,,,,,,,,
2020-10-13T17:00:00,ITA,16,Puglia,41.12559576,16.86736689,310,23,333,3665,3998,85,180,5235,616,2800.0,7049.0,9849,461971,327324.0,Per 872 casi non è disponibile la provenienza,,,,,,,,,
2020-10-14T17:00:00,ITA,16,Puglia,41.12559576,16.86736689,311,23,334,3895,4229,231,315,5317,618,2877.0,7287.0,10164,467815,330789.0,Per 890 casi non è disponibile la provenienza,,,,,,,,,
2020-10-15T17:00:00,ITA,16,Puglia,41.12559576,16.86736689,319,26,345,4064,4409,180,257,5387,625,2947.0,7474.0,10421,473161,334382.0,Per 895 casi non è disponibile la provenienza,,,,,,,,,
2020-10-16T17:00:00,ITA,16,Puglia,41.12559576,16.86736689,326,26,352,4321,4673,264,313,5431,630,3007.0,7727.0,10734,478743,338385.0,Per 871 casi non è disponibile la provenienza,,,,,,,,,
2020-10-17T17:00:00,ITA,16,Puglia,41.12559576,16.86736689,368,33,401,4579,4980,307,350,5472,632,3035.0,8049.0,11084,484125,342024.0,per 747 casi non e' disponibile la provenienza,,,,,,,,,
2020-10-18T17:00:00,ITA,16,Puglia,41.12559576,16.86736689,377,36,413,4820,5233,253,301,5517,635,3113.0,8272.0,11385,488758,344122.0,Per 704 casi non è disponibile la provenienza,,,,,,,,,
2020-10-19T17:00:00,ITA,16,Puglia,41.12559576,16.86736689,397,38,435,5028,5463,230,321,5604,639,3144.0,8562.0,11706,491204,346220.0,,,,,,,,,,
2020-10-20T17:00:00,ITA,16,Puglia,41.12559576,16.86736689,432,39,471,5259,5730,267,295,5629,642,3240.0,8761.0,12001,497031,350691.0,,,,,,,,,,
2020-10-21T17:00:00,ITA,16,Puglia,41.12559576,16.86736689,438,42,480,5511,5991,261,324,5690,644,3322.0,9003.0,12325,502331,355311.0,,,,,,,,,,
2020-10-22T17:00:00,ITA,16,Puglia,41.12559576,16.86736689,448,50,498,5781,6279,288,485,5886,645,3442.0,9368.0,12810,507982,359262.0,,,,,,,,,,
2020-10-23T17:00:00,ITA,16,Puglia,41.12559576,16.86736689,479,52,531,6297,6828,549,590,5926,646,3724.0,9676.0,13400,513235,364270.0,,,,,,,,,,
2020-10-24T17:00:00,ITA,16,Puglia,41.12559576,16.86736689,522,53,575,6823,7398,570,631,5977,656,3933.0,10098.0,14031,518574,367410.0,,,,,,,,,,
2020-10-25T17:00:00,ITA,16,Puglia,41.12559576,16.86736689,548,57,605,7267,7872,474,515,6011,663,4146.0,10400.0,14546,522951,370561.0,,,,,,,,,,
2020-10-26T17:00:00,ITA,16,Puglia,41.12559576,16.86736689,589,59,648,7631,8279,407,424,6018,673,4289.0,10681.0,14970,526008,372347.0,per 1001 casi non e' disponibile la provenienza,,,,,,,,,
2020-10-27T17:00:00,ITA,16,Puglia,41.12559576,16.86736689,635,62,697,8011,8708,429,611,6187,686,4463.0,11118.0,15581,531155,377074.0,per 976 casi non e' disponibile la provenienza,,,,,,,,,
2020-10-28T17:00:00,ITA,16,Puglia,41.12559576,16.86736689,690,70,760,8677,9437,729,772,6217,699,4657.0,11696.0,16353,537592,383008.0,per 932 casi non e' disponibile la provenienza,,,,,,,,,
2020-10-29T17:00:00,ITA,16,Puglia,41.12559576,16.86736689,669,78,747,9255,10002,565,716,6361,706,4849.0,12220.0,17069,544675,386874.0,per 959 casi non e' disponibile la provenienza,,,,,,,,,
2020-10-30T17:00:00,ITA,16,Puglia,41.12559576,16.86736689,634,84,718,9981,10699,697,791,6448,713,5108.0,12752.0,17860,550266,391765.0,per 1001 casi non e' disponibile la provenienza,,,,,,,,,
2020-10-31T17:00:00,ITA,16,Puglia,41.12559576,16.86736689,638,87,725,10668,11393,694,762,6506,723,5068.0,13554.0,18622,556545,396687.0,Per 723 casi non è disponibile la provenienza,,,,,,,,,
2020-11-01T17:00:00,ITA,16,Puglia,41.12559576,16.86736689,677,87,764,11268,12032,639,680,6539,731,5278.0,14024.0,19302,563078,400285.0,per 726 casi non e' disponibile la provenienza,,,,,,,,,
2020-11-02T17:00:00,ITA,16,Puglia,41.12559576,16.86736689,705,88,793,11776,12569,537,626,6619,740,5486.0,14442.0,19928,567138,402022.0,,,,,,,,,,
2020-11-03T17:00:00,ITA,16,Puglia,41.12559576,16.86736689,749,95,844,12681,13525,956,1163,6813,753,5882.0,15209.0,21091,573093,408246.0,per 773 casi non e' disponibile la provenienza,,,,,,,,,
2020-11-04T17:00:00,ITA,16,Puglia,41.12559576,16.86736689,745,116,861,13372,14233,708,994,7089,763,6193.0,15892.0,22085,579289,412674.0,per 801 casi non e' disponibile la provenienza,,,,,,,,,
2020-11-05T17:00:00,ITA,16,Puglia,41.12559576,16.86736689,745,122,867,13956,14823,590,850,7323,789,6492.0,16443.0,22935,586832,419182.0,per 889 casi non e' disponibile la provenienza,,,,,,,,,
2020-11-06T17:00:00,ITA,16,Puglia,41.12559576,16.86736689,787,122,909,14720,15629,806,946,7450,802,6712.0,17169.0,23881,594560,423213.0,per 816 casi non e' disponibile la provenienza,,,,,,,,,
2020-11-07T17:00:00,ITA,16,Puglia,41.12559576,16.86736689,876,124,1000,15573,16573,944,1054,7546,816,6958.0,17977.0,24935,601641,430276.0,per 771 casi non e' disponibile la provenienza,,,,,,,,,
2020-11-08T17:00:00,ITA,16,Puglia,41.12559576,16.86736689,880,123,1003,16184,17187,614,766,7677,837,7183.0,18518.0,25701,608364,433213.0,per 820 casi non e' disponibile la provenienza,,,,,,,,,
2020-11-09T17:00:00,ITA,16,Puglia,41.12559576,16.86736689,968,119,1087,16726,17813,626,730,7774,844,7399.0,19032.0,26431,612467,437142.0,per 856 casi non e' disponibile la provenienza,,,,,,,,,
2020-11-10T17:00:00,ITA,16,Puglia,41.12559576,16.86736689,1029,131,1160,17726,18886,1073,1245,7921,869,7796.0,19880.0,27676,621292,443227.0,Per 923 casi non è disponibile la provenienza,,,,,,,,,
2020-11-11T17:00:00,ITA,16,Puglia,41.12559576,16.86736689,1131,142,1273,18826,20099,1213,1332,8013,896,8141.0,20867.0,29008,629205,448063.0,Per 908 casi non è disponibile la provenienza,,,,,,,,,
2020-11-12T17:00:00,ITA,16,Puglia,41.12559576,16.86736689,1193,145,1338,19917,21255,1156,1434,8252,935,8536.0,21906.0,30442,638141,453311.0,Per 943 casi non è disponibile la provenienza,,,,,,,,,
2020-11-13T17:00:00,ITA,16,Puglia,41.12559576,16.86736689,1249,158,1407,21104,22511,1256,1350,8324,957,8828.0,22964.0,31792,646602,459534.0,Per 940 casi non è disponibile la provenienza,,,,,,,,,
2020-11-14T17:00:00,ITA,16,Puglia,41.12559576,16.86736689,1289,178,1467,22533,24000,1489,1741,8560,973,9536.0,23997.0,33533,656347,466554.0,Per 1281 casi non è disponibile la provenienza,,,,,,,,,
2020-11-15T17:00:00,ITA,16,Puglia,41.12559576,16.86736689,1261,180,1441,23261,24702,702,905,8751,985,9613.0,24825.0,34438,662417,469846.0,Per 1013 casi non è disponibile la provenienza,,,,,,,,,
2020-11-16T17:00:00,ITA,16,Puglia,41.12559576,16.86736689,1295,182,1477,24048,25525,823,1044,8936,1021,9985.0,25497.0,35482,666842,472227.0,,,,,,,,,,
2020-11-17T17:00:00,ITA,16,Puglia,41.12559576,16.86736689,1316,181,1497,25110,26607,1082,1234,9052,1057,10190.0,26526.0,36716,673070,477865.0,,,,,,,,,,
2020-11-18T17:00:00,ITA,16,Puglia,41.12559576,16.86736689,1320,198,1518,26096,27614,1007,1368,9385,1085,10590.0,27494.0,38084,683335,483912.0,,,,,,,,,,
2020-11-19T17:00:00,ITA,16,Puglia,41.12559576,16.86736689,1324,200,1524,26976,28500,886,1263,9734,1113,10933.0,28414.0,39347,692721,491204.0,,,,,,,,,,
2020-11-20T17:00:00,ITA,16,Puglia,41.12559576,16.86736689,1408,202,1610,27824,29434,934,1456,10240,1129,11446.0,29357.0,40803,702823,495932.0,,,,,,,,,,
2020-11-21T17:00:00,ITA,16,Puglia,41.12559576,16.86736689,1432,197,1629,28791,30420,986,1377,10612,1148,11800.0,30380.0,42180,712626,501346.0,,,,,,,,,,
2020-11-22T17:00:00,ITA,16,Puglia,41.12559576,16.86736689,1449,188,1637,29715,31352,932,1327,10975,1180,12239.0,31268.0,43507,719303,506049.0,,,,,,,,,,
2020-11-23T17:00:00,ITA,16,Puglia,41.12559576,16.86736689,1499,191,1690,30289,31979,627,980,11288,1220,12425.0,32062.0,44487,723172,507599.0,per 1036 casi non e' disponibile la provenienza,,,,,,,,,
2020-11-24T17:00:00,ITA,16,Puglia,41.12559576,16.86736689,1485,205,1690,31269,32959,980,1567,11823,1272,13035.0,33019.0,46054,732942,515378.0,per 1193 casi non e' disponibile la provenienza,,,,,,,,,
2020-11-25T17:00:00,ITA,16,Puglia,41.12559576,16.86736689,1483,210,1693,32378,34071,1112,1511,12192,1302,13419.0,34146.0,47565,742930,518776.0,Per 1171 casi non è disponibile la provenienza,,,,,,,,,
2020-11-26T17:00:00,ITA,16,Puglia,41.12559576,16.86736689,1577,211,1788,33191,34979,908,1436,12668,1354,13867.0,35134.0,49001,752542,524389.0,per 1142 casi non e' disponibile la provenienza,,,,,,,,,
2020-11-27T17:00:00,ITA,16,Puglia,41.12559576,16.86736689,1654,201,1855,34562,36417,1438,1737,12919,1402,14379.0,36359.0,50738,762047,529720.0,per 1240 casi non e' disponibile la provenienza,,,,,,,,,
2020-11-28T17:00:00,ITA,16,Puglia,41.12559576,16.86736689,1675,200,1875,35779,37654,1237,1573,13225,1432,15042.0,37269.0,52311,772079,536605.0,per 1567 casi non è disponibile la provenienza,,,,,,,,,
2020-11-29T17:00:00,ITA,16,Puglia,41.12559576,16.86736689,1675,212,1887,36357,38244,590,907,13521,1453,15493.0,37725.0,53218,780364,538195.0,per 1698 casi non è disponibile la provenienza,,,,,,,,,
2020-11-30T17:00:00,ITA,16,Puglia,41.12559576,16.86736689,1692,209,1901,36871,38772,528,1102,14065,1483,15777.0,38543.0,54320,784515,541174.0,per 1641 casi non e' disponibile la provenienza,,,,,,,,,
2020-12-01T17:00:00,ITA,16,Puglia,41.12559576,16.86736689,1693,218,1911,37855,39766,994,1659,14696,1517,16404.0,39575.0,55979,794335,545066.0,per 1762 casi non e' disponibile la provenienza,,,,,,,,,
2020-12-02T17:00:00,ITA,16,Puglia,41.12559576,16.86736689,1685,204,1889,38871,40760,994,1668,15341,1546,16848.0,40799.0,57647,804028,552400.0,per 1749 casi non e' disponibile la provenienza,,,,,,,,,
2020-12-03T17:00:00,ITA,16,Puglia,41.12559576,16.86736689,1621,226,1847,39902,41749,989,1602,15912,1588,0.0,0.0,59249,812781,555325.0,,33.0,,,,,,,,
2020-12-04T17:00:00,ITA,16,Puglia,41.12559576,16.86736689,1596,227,1823,40721,42544,795,1419,16464,1660,,,60668,822261,561954.0,Per 1650 casi non è disponibile la provenienza,42.0,,,,,,,,
2020-12-05T17:00:00,ITA,16,Puglia,41.12559576,16.86736689,1576,220,1796,42364,44160,1616,1884,16704,1688,,,62552,832380,565942.0,,23.0,,,,,,,,
2020-12-06T17:00:00,ITA,16,Puglia,41.12559576,16.86736689,1613,203,1816,44018,45834,1674,1789,16795,1712,,,64341,839673,567857.0,per 2237 casi non e' disponibile la provenienza,11.0,,,,,,,,
2020-12-07T17:00:00,ITA,16,Puglia,41.12559576,16.86736689,1608,197,1805,44773,46578,744,1001,17028,1736,,,65342,843494,571703.0,,14.0,,,,,,,,
2020-12-08T17:00:00,ITA,16,Puglia,41.12559576,16.86736689,1605,197,1802,45510,47312,734,915,17186,1759,,,66257,853140,574371.0,,17.0,,,,,,,,
2020-12-09T17:00:00,ITA,16,Puglia,41.12559576,16.86736689,1639,199,1838,46232,48070,758,917,17325,1779,,,67174,855898,576913.0,,22.0,,,,,,,,
2020-12-10T17:00:00,ITA,16,Puglia,41.12559576,16.86736689,1600,200,1800,47002,48802,732,1332,17870,1834,,,68506,867066,581178.0,,29.0,,,,,,,,
2020-12-11T17:00:00,ITA,16,Puglia,41.12559576,16.86736689,1595,187,1782,48209,49991,1189,1813,18460,1868,,,70319,878289,585802.0,,17.0,,,,,,,,
2020-12-12T17:00:00,ITA,16,Puglia,41.12559576,16.86736689,1587,194,1781,49455,51236,1245,1478,18650,1911,,,71797,888498,589592.0,Per 2665 casi non è disponibile la provenienza,26.0,,,,,,,,
2020-12-13T17:00:00,ITA,16,Puglia,41.12559576,16.86736689,1547,191,1738,50408,52146,910,1175,18892,1934,,,72972,895620,591516.0,,26.0,,,,,,,,
2020-12-14T17:00:00,ITA,16,Puglia,41.12559576,16.86736689,1551,184,1735,50297,52032,-114,656,19638,1958,,,73628,900498,594424.0,,17.0,,,,,,,,
2020-12-15T17:00:00,ITA,16,Puglia,41.12559576,16.86736689,1530,187,1717,50558,52275,243,1023,20364,2012,,,74651,910661,599964.0,,34.0,,,,,,,,
2020-12-16T17:00:00,ITA,16,Puglia,41.12559576,16.86736689,1498,185,1683,51167,52850,575,1388,21132,2057,,,76039,920849,604637.0,,42.0,,,,,,,,
2020-12-17T17:00:00,ITA,16,Puglia,41.12559576,16.86736689,1474,179,1653,50963,52616,-234,1073,22396,2100,,,77112,931577,608774.0,,33.0,,,,,,,,
2020-12-18T17:00:00,ITA,16,Puglia,41.12559576,16.86736689,1457,174,1631,51203,52834,218,1314,23462,2130,,,78426,940923,612809.0,,28.0,,,,,,,,
2020-12-19T17:00:00,ITA,16,Puglia,41.12559576,16.86736689,1432,177,1609,51780,53389,555,1382,24263,2156,,,79808,951771,616910.0,,28.0,,,,,,,,
2020-12-20T17:00:00,ITA,16,Puglia,41.12559576,16.86736689,1436,169,1605,52267,53872,483,791,24548,2179,,,80599,959266,619168.0,,16.0,,,,,,,,
2020-12-21T17:00:00,ITA,16,Puglia,41.12559576,16.86736689,1431,164,1595,51979,53574,-298,788,25603,2210,,,81387,963643,621619.0,,32.0,,,,,,,,
2020-12-22T17:00:00,ITA,16,Puglia,41.12559576,16.86736689,1421,167,1588,51704,53292,-282,876,26726,2245,,,82263,974063,625438.0,,53.0,,,,,,,,
2020-12-23T17:00:00,ITA,16,Puglia,41.12559576,16.86736689,1417,172,1589,51283,52872,-420,942,28068,2265,,,83205,984555,630156.0,,59.0,,,,,,,,
2020-12-24T17:00:00,ITA,16,Puglia,41.12559576,16.86736689,1422,170,1592,51539,53131,259,1458,29248,2284,,,84663,996863,634218.0,,26.0,,,,,,,,
2020-12-25T17:00:00,ITA,16,Puglia,41.12559576,16.86736689,1413,166,1579,52010,53589,458,1011,29775,2310,,,85674,1004403,635809.0,,18.0,,,,,,,,
2020-12-26T17:00:00,ITA,16,Puglia,41.12559576,16.86736689,1435,158,1593,52197,53790,201,544,30093,2335,,,86218,1006794,636666.0,,22.0,,,,,,,,
2020-12-27T17:00:00,ITA,16,Puglia,41.12559576,16.86736689,1444,154,1598,52040,53638,-152,221,30454,2347,,,86439,1008542,638210.0,,28.0,,,,,,,,
2020-12-28T17:00:00,ITA,16,Puglia,41.12559576,16.86736689,1494,139,1633,51524,53157,-481,645,31533,2394,,,87084,1012689,641246.0,,57.0,,,,,,,,
2020-12-29T17:00:00,ITA,16,Puglia,41.12559576,16.86736689,1466,136,1602,51231,52833,-324,749,32572,2428,,,87833,1022357,644883.0,,55.0,,,,,,,,
2020-12-30T17:00:00,ITA,16,Puglia,41.12559576,16.86736689,1497,128,1625,51115,52740,-93,1470,34112,2451,,,89303,1033478,649695.0,,11.0,,,,,,,,
2020-12-31T17:00:00,ITA,16,Puglia,41.12559576,16.86736689,1490,129,1619,51383,53002,262,1661,35490,2472,,,90964,1044314,653907.0,,11.0,,,,,,,,
2021-01-01T17:00:00,ITA,16,Puglia,41.12559576,16.86736689,1476,137,1613,52300,53913,911,1395,35965,2481,,,92359,1051359,655493.0,,13.0,,,,,,,,
2021-01-02T17:00:00,ITA,16,Puglia,41.12559576,16.86736689,1503,139,1642,52170,53812,-101,344,36400,2491,,,92703,1053380,657470.0,,8.0,,,,,,,,
2021-01-03T17:00:00,ITA,16,Puglia,41.12559576,16.86736689,1476,136,1612,52466,54078,266,950,37059,2516,,,93653,1060971,659907.0,,11.0,,,,,,,,
2021-01-04T17:00:00,ITA,16,Puglia,41.12559576,16.86736689,1464,137,1601,51938,53539,-539,631,38209,2536,,,94284,1065109,662401.0,,12.0,,,,,,,,
2021-01-05T17:00:00,ITA,16,Puglia,41.12559576,16.86736689,1401,152,1553,52027,53580,41,1081,39235,2550,,,95365,1075382,666941.0,,23.0,,,,,,,,
2021-01-06T17:00:00,ITA,16,Puglia,41.12559576,16.86736689,1383,153,1536,52492,54028,448,1581,40345,2573,,,96946,1085419,670558.0,,10.0,,,,,,,,
2021-01-07T17:00:00,ITA,16,Puglia,41.12559576,16.86736689,1390,154,1544,51997,53541,-487,657,41468,2594,,,97603,1088595,673205.0,,15.0,,,,,,,,
2021-01-08T17:00:00,ITA,16,Puglia,41.12559576,16.86736689,1362,163,1525,52397,53922,381,1349,42409,2621,,,98952,1099615,678168.0,,33.0,,,,,,,,
2021-01-09T17:00:00,ITA,16,Puglia,41.12559576,16.86736689,1376,175,1551,53184,54735,813,1499,43068,2648,,,100451,1110495,682485.0,,22.0,,,,,,,,
2021-01-10T17:00:00,ITA,16,Puglia,41.12559576,16.86736689,1375,165,1540,53739,55279,544,1162,43662,2672,,,101613,1119005,684680.0,,8.0,,,,,,,,
2021-01-11T17:00:00,ITA,16,Puglia,41.12559576,16.86736689,1388,169,1557,53376,54933,-346,622,44604,2698,,,102235,1122582,687450.0,,14.0,,,,,,,,
2021-01-12T17:00:00,ITA,16,Puglia,41.12559576,16.86736689,1392,170,1562,53688,55250,317,1261,45506,2740,,,103496,1133040,691753.0,,22.0,,,,,,,,
2021-01-13T17:00:00,ITA,16,Puglia,41.12559576,16.86736689,1406,165,1571,53907,55478,228,1082,46345,2755,,,104578,1143261,695988.0,,3.0,,,,,,,,
2021-01-14T17:00:00,ITA,16,Puglia,41.12559576,16.86736689,1387,162,1549,53986,55535,57,1524,47788,2779,,,106102,1152452,700132.0,,10.0,,,,,,,,
2021-01-15T17:00:00,ITA,16,Puglia,41.12559576,16.86736689,1374,148,1522,54300,55822,287,1295,48765,2810,,,107397,1162264,705746.0,,7.0,,,107349.0,48.0,1160967.0,1297.0,ITF,ITF4
2021-01-16T17:00:00,ITA,16,Puglia,41.12559576,16.86736689,1381,148,1529,54474,56003,181,1123,49692,2825,,,108520,1174161,709646.0,,11.0,,,108439.0,81.0,1171368.0,2793.0,ITF,ITF4
2021-01-17T17:00:00,ITA,16,Puglia,41.12559576,16.86736689,1403,142,1545,54575,56120,117,908,50458,2850,,,109428,1181733,711017.0,,5.0,,,109333.0,95.0,1178107.0,3626.0,ITF,ITF4
2021-01-18T17:00:00,ITA,16,Puglia,41.12559576,16.86736689,1398,143,1541,53971,55512,-608,403,51443,2876,,,109831,1184798,713076.0,,11.0,,,109739.0,92.0,1180706.0,4092.0,ITF,ITF4
2021-01-19T17:00:00,ITA,16,Puglia,41.12559576,16.86736689,1354,142,1496,53695,55191,-321,850,52598,2892,,,110681,1197220,718201.0,,10.0,,,110561.0,120.0,1191807.0,5413.0,ITF,ITF4
2021-01-20T17:00:00,ITA,16,Puglia,41.12559576,16.86736689,1350,148,1498,53603,55101,-90,1159,53822,2917,,,111840,1208705,722341.0,,26.0,,,111675.0,165.0,1201933.0,6772.0,ITF,ITF4
2021-01-21T17:00:00,ITA,16,Puglia,41.12559576,16.86736689,1346,151,1497,53287,54784,-317,1275,55388,2943,,,113115,1220229,725978.0,,15.0,,,112934.0,181.0,1212188.0,8041.0,ITF,ITF4
2021-01-22T17:00:00,ITA,16,Puglia,41.12559576,16.86736689,1327,153,1480,53067,54547,-237,1018,56611,2975,,,114133,1230116,729722.0,,15.0,,,113932.0,201.0,1220596.0,9520.0,ITF,ITF4
2021-01-23T17:00:00,ITA,16,Puglia,41.12559576,16.86736689,1381,159,1540,53075,54615,68,1023,57555,2986,,,115156,1240449,733323.0,,14.0,,,114945.0,211.0,1229511.0,10938.0,ITF,ITF4
2021-01-24T17:00:00,ITA,16,Puglia,41.12559576,16.86736689,1391,164,1555,53515,55070,455,954,58040,3000,,,116110,1249072,734710.0,,10.0,,,115891.0,219.0,1237300.0,11772.0,ITF,ITF4
2021-01-25T17:00:00,ITA,16,Puglia,41.12559576,16.86736689,1380,169,1549,52833,54382,-688,401,59097,3032,,,116511,1253021,736815.0,,16.0,,,116283.0,228.0,1240704.0,12317.0,ITF,ITF4
2021-01-26T17:00:00,ITA,16,Puglia,41.12559576,16.86736689,1403,180,1583,52132,53715,-667,995,60729,3062,,,117506,1264811,742039.0,,27.0,,,117241.0,265.0,1251051.0,13760.0,ITF,ITF4
2021-01-27T17:00:00,ITA,16,Puglia,41.12559576,16.86736689,1410,182,1592,51851,53443,-272,1233,62204,3092,,,118739,1276613,746197.0,,18.0,,,118439.0,300.0,1261654.0,14959.0,ITF,ITF4
2021-01-28T17:00:00,ITA,16,Puglia,41.12559576,16.86736689,1394,173,1567,50781,52348,-1095,1159,64424,3126,,,119898,1286025,749986.0,,11.0,,,119574.0,324.0,1269934.0,16091.0,ITF,ITF4
2021-01-29T17:00:00,ITA,16,Puglia,41.12559576,16.86736689,1401,168,1569,50709,52278,-70,1069,65539,3150,,,120967,1294800,754947.0,,12.0,,,120604.0,363.0,1277361.0,17439.0,ITF,ITF4
2021-01-30T17:00:00,ITA,16,Puglia,41.12559576,16.86736689,1389,163,1552,50605,52157,-121,871,66502,3179,,,121838,1304490,759030.0,,7.0,,,121445.0,393.0,1285290.0,19200.0,ITF,ITF4
2021-01-31T17:00:00,ITA,16,Puglia,41.12559576,16.86736689,1397,164,1561,51183,52744,587,1069,66971,3192,,,122907,1312676,760108.0,,10.0,,,122522.0,385.0,1292540.0,20136.0,ITF,ITF4
2021-02-01T17:00:00,ITA,16,Puglia,41.12559576,16.86736689,1411,171,1582,50502,52084,-660,379,67974,3228,,,123286,1316798,762384.0,,13.0,,,122911.0,375.0,1295997.0,20801.0,ITF,ITF4
2021-02-02T17:00:00,ITA,16,Puglia,41.12559576,16.86736689,1432,170,1602,50100,51702,-382,879,69209,3254,,,124165,1325499,767709.0,,13.0,,,123750.0,415.0,1303111.0,22388.0,ITF,ITF4
2021-02-03T17:00:00,ITA,16,Puglia,41.12559576,16.86736689,1429,155,1584,50131,51715,13,1044,70194,3300,,,125209,1336292,771982.0,,4.0,,,124781.0,428.0,1312440.0,23852.0,ITF,ITF4
2021-02-04T17:00:00,ITA,16,Puglia,41.12559576,16.86736689,1420,158,1578,49852,51430,-285,975,71423,3331,,,126184,1346440,775587.0,,14.0,,,125774.0,410.0,1321259.0,25181.0,ITF,ITF4
2021-02-05T17:00:00,ITA,16,Puglia,41.12559576,16.86736689,1416,168,1584,49442,51026,-404,1215,73013,3360,,,127399,1356327,779903.0,,21.0,,,126987.0,412.0,1329718.0,26609.0,ITF,ITF4
2021-02-06T17:00:00,ITA,16,Puglia,41.12559576,16.86736689,1427,157,1584,49491,51075,49,926,73859,3391,,,128325,1366157,783795.0,,9.0,,,127912.0,413.0,1338188.0,27969.0,ITF,ITF4
2021-02-07T17:00:00,ITA,16,Puglia,41.12559576,16.86736689,1434,162,1596,49670,51266,191,765,74425,3399,,,129090,1374908,785476.0,,7.0,,,128685.0,405.0,1345826.0,29082.0,ITF,ITF4
2021-02-08T17:00:00,ITA,16,Puglia,41.12559576,16.86736689,1450,164,1614,48671,50285,-981,377,75760,3422,,,129467,1378491,788200.0,,16.0,,,129073.0,394.0,1348713.0,29778.0,ITF,ITF4
2021-02-09T17:00:00,ITA,16,Puglia,41.12559576,16.86736689,1415,165,1580,46980,48560,-1725,681,78125,3463,,,130148,1387753,792523.0,,25.0,,,129748.0,400.0,1356774.0,30979.0,ITF,ITF4
2021-02-10T17:00:00,ITA,16,Puglia,41.12559576,16.86736689,1488,167,1655,45451,47106,-1454,1063,80617,3488,,,131211,1398270,796957.0,,19.0,,,130781.0,430.0,1365717.0,32553.0,ITF,ITF4
2021-02-11T17:00:00,ITA,16,Puglia,41.12559576,16.86736689,1485,165,1650,42528,44178,-2928,1248,84760,3521,,,132459,1408642,800262.0,,14.0,,,131980.0,479.0,1374995.0,33647.0,ITF,ITF4
2021-02-12T17:00:00,ITA,16,Puglia,41.12559576,16.86736689,1427,169,1596,40004,41600,-2578,1020,88325,3554,,,133479,1418783,804169.0,,20.0,,,132997.0,482.0,1383949.0,34834.0,ITF,ITF4
2021-02-13T17:00:00,ITA,16,Puglia,41.12559576,16.86736689,1384,164,1548,39974,41522,-78,945,89320,3582,,,134424,1428130,807684.0,,15.0,,,133942.0,482.0,1392056.0,36074.0,ITF,ITF4
2021-02-14T17:00:00,ITA,16,Puglia,41.12559576,16.86736689,1359,161,1520,40134,41654,132,732,89903,3599,,,135156,1435404,808985.0,,11.0,,,134678.0,478.0,1398584.0,36820.0,ITF,ITF4
2021-02-15T17:00:00,ITA,16,Puglia,41.12559576,16.86736689,1345,159,1504,38960,40464,-1190,345,91416,3621,,,135501,1438375,810912.0,,8.0,,,135028.0,473.0,1401198.0,37177.0,ITF,ITF4
2021-02-16T17:00:00,ITA,16,Puglia,41.12559576,16.86736689,1324,156,1480,37708,39188,-1276,694,93352,3655,,,136195,1448475,815496.0,,24.0,,,135708.0,487.0,1410084.0,38391.0,ITF,ITF4
2021-02-17T17:00:00,ITA,16,Puglia,41.12559576,16.86736689,1314,156,1470,36564,38034,-1154,883,95372,3672,,,137078,1458849,819456.0,,5.0,,,136600.0,478.0,1419385.0,39464.0,ITF,ITF4
2021-02-18T17:00:00,ITA,16,Puglia,41.12559576,16.86736689,1283,159,1442,34287,35729,-2305,844,98484,3709,,,137922,1468882,823608.0,,21.0,,,137434.0,488.0,1428103.0,40779.0,ITF,ITF4
2021-02-19T17:00:00,ITA,16,Puglia,41.12559576,16.86736689,1261,163,1424,31906,33330,-2399,874,101730,3736,,,138796,1478023,827529.0,,12.0,,,138294.0,502.0,1435919.0,42104.0,ITF,ITF4
2021-02-20T17:00:00,ITA,16,Puglia,41.12559576,16.86736689,1251,164,1415,31669,33084,-246,905,102858,3759,,,139701,1487903,831381.0,,13.0,,,139183.0,518.0,1444416.0,43487.0,ITF,ITF4
2021-02-21T17:00:00,ITA,16,Puglia,41.12559576,16.86736689,1262,169,1431,31767,33198,114,758,103496,3765,,,140459,1494986,833064.0,,11.0,,,139931.0,528.0,1450460.0,44526.0,ITF,ITF4
2021-02-22T17:00:00,ITA,16,Puglia,41.12559576,16.86736689,1282,160,1442,31253,32695,-503,343,104325,3782,,,140802,1499147,835594.0,,11.0,,,140281.0,521.0,1453911.0,45236.0,ITF,ITF4
2021-02-23T17:00:00,ITA,16,Puglia,41.12559576,16.86736689,1265,164,1429,31013,32442,-253,823,105369,3814,,,141625,1511214,841295.0,,26.0,,,141134.0,491.0,1464291.0,46923.0,ITF,ITF4
2021-02-24T17:00:00,ITA,16,Puglia,41.12559576,16.86736689,1255,162,1417,30673,32090,-352,991,106688,3838,,,142616,1522139,845682.0,,15.0,,,142137.0,479.0,1473631.0,48508.0,ITF,ITF4
2021-02-25T17:00:00,ITA,16,Puglia,41.12559576,16.86736689,1253,165,1418,30554,31972,-118,1154,107933,3865,,,143770,1532395,849741.0,,18.0,,,143267.0,503.0,1482626.0,49769.0,ITF,ITF4
2021-02-26T17:00:00,ITA,16,Puglia,41.12559576,16.86736689,1246,164,1410,30629,32039,67,1104,108948,3887,,,144874,1540574,854520.0,,12.0,,,144365.0,509.0,1489415.0,51159.0,ITF,ITF4
2021-02-27T17:00:00,ITA,16,Puglia,41.12559576,16.86736689,1239,161,1400,31057,32457,418,1123,109633,3907,,,145997,1549574,859293.0,,14.0,,,145469.0,528.0,1496910.0,52664.0,ITF,ITF4
2021-02-28T17:00:00,ITA,16,Puglia,41.12559576,16.86736689,1228,170,1398,31683,33081,624,1053,110046,3923,,,147050,1557266,861270.0,,14.0,,,146516.0,534.0,1503622.0,53644.0,ITF,ITF4
2021-03-01T17:00:00,ITA,16,Puglia,41.12559576,16.86736689,1255,167,1422,31540,32962,-119,631,110767,3952,,,147681,1561952,864140.0,,9.0,,,147167.0,514.0,1507586.0,54366.0,ITF,ITF4
2021-03-02T17:00:00,ITA,16,Puglia,41.12559576,16.86736689,1269,163,1432,31679,33111,149,1021,111599,3992,,,148702,1571274,870531.0,,17.0,,,148149.0,553.0,1515381.0,55893.0,ITF,ITF4
2021-03-03T17:00:00,ITA,16,Puglia,41.12559576,16.86736689,1280,168,1448,32220,33668,557,1261,112274,4021,,,149963,1582701,875257.0,,15.0,,,149387.0,576.0,1525534.0,57167.0,ITF,ITF4
2021-03-04T17:00:00,ITA,16,Puglia,41.12559576,16.86736689,1287,162,1449,32357,33806,138,1438,113542,4053,,,151401,1592759,879867.0,,14.0,,,150814.0,587.0,1534320.0,58439.0,ITF,ITF4
2021-03-05T17:00:00,ITA,16,Puglia,41.12559576,16.86736689,1282,161,1443,32807,34250,444,1418,114497,4072,,,152819,1603289,885085.0,,11.0,,,152197.0,622.0,1543342.0,59947.0,ITF,ITF4
2021-03-06T17:00:00,ITA,16,Puglia,41.12559576,16.86736689,1283,156,1439,33414,34853,603,1483,115362,4087,,,154302,1613815,889948.0,,11.0,,,153640.0,662.0,1552340.0,61475.0,ITF,ITF4
2021-03-07T17:00:00,ITA,16,Puglia,41.12559576,16.86736689,1303,155,1458,34008,35466,613,1155,115894,4097,,,155457,1622312,892089.0,,3.0,,,154791.0,666.0,1559831.0,62481.0,ITF,ITF4
2021-03-08T17:00:00,ITA,16,Puglia,41.12559576,16.86736689,1347,169,1516,33691,35207,-259,594,116722,4122,,,156051,1626872,894898.0,,27.0,,,155380.0,671.0,1563648.0,63224.0,ITF,ITF4
2021-03-09T17:00:00,ITA,16,Puglia,41.12559576,16.86736689,1369,163,1532,34273,35805,598,1286,117371,4161,,,157337,1637604,900847.0,,26.0,,,156631.0,706.0,1573147.0,64457.0,ITF,ITF4
2021-03-10T17:00:00,ITA,16,Puglia,41.12559576,16.86736689,1397,165,1562,35033,36595,790,1571,118125,4188,,,158908,1649866,907618.0,,13.0,,,158174.0,734.0,1584061.0,65805.0,ITF,ITF4
2021-03-11T17:00:00,ITA,16,Puglia,41.12559576,16.86736689,1399,172,1571,35415,36986,391,1634,119351,4205,,,160542,1660804,913342.0,,21.0,,,159796.0,746.0,1593570.0,67234.0,ITF,ITF4
2021-03-12T17:00:00,ITA,16,Puglia,41.12559576,16.86736689,1409,174,1583,35723,37306,320,1774,120773,4237,,,162316,1672408,919500.0,,12.0,,,161548.0,768.0,1603584.0,68824.0,ITF,ITF4
2021-03-13T17:00:00,ITA,16,Puglia,41.12559576,16.86736689,1442,175,1617,36750,38367,1061,1700,121389,4260,,,164016,1682730,925360.0,,13.0,,,163232.0,784.0,1612424.0,70306.0,ITF,ITF4
2021-03-14T17:00:00,ITA,16,Puglia,41.12559576,16.86736689,1458,174,1632,37510,39142,775,1542,122147,4269,,,165558,1691681,928007.0,,5.0,,,164769.0,789.0,1620373.0,71308.0,ITF,ITF4
2021-03-15T17:00:00,ITA,16,Puglia,41.12559576,16.86736689,1512,189,1701,37422,39123,-19,715,122847,4303,,,166273,1696388,930891.0,,38.0,,,165487.0,786.0,1624481.0,71907.0,ITF,ITF4
2021-03-16T17:00:00,ITA,16,Puglia,41.12559576,16.86736689,1554,196,1750,37464,39214,91,1126,123852,4333,,,167399,1707351,937016.0,,24.0,,,166565.0,834.0,1634163.0,73188.0,ITF,ITF4
2021-03-17T17:00:00,ITA,16,Puglia,41.12559576,16.86736689,1592,218,1810,38008,39818,604,1734,124948,4367,,,169133,1719822,944225.0,,46.0,,,168291.0,842.0,1645416.0,74406.0,ITF,ITF4
2021-03-18T17:00:00,ITA,16,Puglia,41.12559576,16.86736689,1582,219,1801,38706,40507,689,2082,126314,4394,,,171215,1731033,949416.0,,21.0,,,170359.0,856.0,1655888.0,75145.0,ITF,ITF4
2021-03-19T17:00:00,ITA,16,Puglia,41.12559576,16.86736689,1630,214,1844,39326,41170,663,1785,127409,4421,,,173000,1742669,955759.0,,15.0,,,172129.0,871.0,1666139.0,76530.0,ITF,ITF4
2021-03-20T17:00:00,ITA,16,Puglia,41.12559576,16.86736689,1668,209,1877,40195,42072,902,1983,128464,4447,,,174983,1753965,961174.0,,13.0,,,174069.0,914.0,1676396.0,77569.0,ITF,ITF4
2021-03-21T17:00:00,ITA,16,Puglia,41.12559576,16.86736689,1683,212,1895,41184,43079,1007,1546,128993,4457,,,176529,1763594,964372.0,,11.0,,,175635.0,894.0,1684964.0,78630.0,ITF,ITF4
2021-03-22T17:00:00,ITA,16,Puglia,41.12559576,16.86736689,1712,223,1935,41055,42990,-89,844,129898,4485,,,177373,1768460,966489.0,,24.0,,,176483.0,890.0,1689343.0,79117.0,ITF,ITF4
2021-03-23T17:00:00,ITA,16,Puglia,41.12559576,16.86736689,1787,224,2011,41583,43594,604,1664,130912,4531,,,179037,1781850,974345.0,,37.0,,,178169.0,868.0,1701101.0,80749.0,ITF,ITF4
2021-03-24T17:00:00,ITA,16,Puglia,41.12559576,16.86736689,1761,227,1988,42169,44157,563,1709,132020,4569,,,180746,1792769,980205.0,,15.0,,,179906.0,840.0,1710570.0,82199.0,ITF,ITF4
2021-03-25T17:00:00,ITA,16,Puglia,41.12559576,16.86736689,1762,231,1993,42184,44177,20,2033,133996,4606,,,182779,1805576,985300.0,,38.0,,,181981.0,798.0,1721990.0,83586.0,ITF,ITF4
2021-03-26T17:00:00,ITA,16,Puglia,41.12559576,16.86736689,1766,231,1997,42799,44796,619,2162,135498,4647,,,184941,1817711,990780.0,,20.0,,,184127.0,814.0,1732148.0,85563.0,ITF,ITF4
2021-03-27T17:00:00,ITA,16,Puglia,41.12559576,16.86736689,1774,231,2005,43632,45637,841,2008,136633,4679,,,186949,1830453,995606.0,,16.0,,,186109.0,840.0,1743045.0,87408.0,ITF,ITF4
2021-03-28T17:00:00,ITA,16,Puglia,41.12559576,16.86736689,1800,238,2038,44842,46880,1243,1788,137164,4693,,,188737,1839926,997633.0,,14.0,,,187887.0,850.0,1751707.0,88219.0,ITF,ITF4
2021-03-29T17:00:00,ITA,16,Puglia,41.12559576,16.86736689,1852,248,2100,44394,46494,-386,786,138303,4726,,,189523,1845068,1001111.0,,27.0,,,188647.0,876.0,1755571.0,89497.0,ITF,ITF4
2021-03-30T17:00:00,ITA,16,Puglia,41.12559576,16.86736689,1863,264,2127,44649,46776,282,1527,139513,4761,,,191050,1857302,1007345.0,,41.0,,,190157.0,893.0,1766071.0,91231.0,ITF,ITF4
2021-03-31T17:00:00,ITA,16,Puglia,41.12559576,16.86736689,1840,260,2100,44757,46857,81,1962,141343,4812,,,193012,1871149,1012722.0,,22.0,,,192134.0,878.0,1777912.0,93237.0,ITF,ITF4
2021-04-01T17:00:00,ITA,16,Puglia,41.12559576,16.86736689,1855,260,2115,45917,48032,1175,2369,142501,4848,,,195381,1884442,1017836.0,,21.0,,,194516.0,865.0,1789133.0,95309.0,ITF,ITF4
2021-04-02T17:00:00,ITA,16,Puglia,41.12559576,16.86736689,1879,263,2142,46605,48747,715,2044,143805,4873,,,197425,1899147,1023338.0,,14.0,,,196523.0,902.0,1800672.0,98475.0,ITF,ITF4
2021-04-03T17:00:00,ITA,16,Puglia,41.12559576,16.86736689,1897,256,2153,48013,50166,1419,2142,144505,4896,,,199567,1912783,1027316.0,,4.0,,,198655.0,912.0,1811770.0,101013.0,ITF,ITF4
2021-04-04T17:00:00,ITA,16,Puglia,41.12559576,16.86736689,1896,252,2148,49023,51171,1005,1628,145113,4911,,,201195,1923001,1029714.0,,8.0,,,200264.0,931.0,1820664.0,102337.0,ITF,ITF4
2021-04-05T17:00:00,ITA,16,Puglia,41.12559576,16.86736689,1910,248,2158,49062,51220,49,677,145721,4931,,,201872,1926979,1031836.0,,4.0,,,200887.0,985.0,1823736.0,103243.0,ITF,ITF4
2021-04-06T17:00:00,ITA,16,Puglia,41.12559576,16.86736689,1988,252,2240,48214,50454,-766,475,146892,5001,,,202347,1932738,1033397.0,,31.0,,,201324.0,1023.0,1827565.0,105173.0,ITF,ITF4
2021-04-07T17:00:00,ITA,16,Puglia,41.12559576,16.86736689,2029,268,2297,48432,50729,275,1255,147829,5044,,,203602,1948468,1039651.0,,51.0,,,202565.0,1037.0,1840856.0,107612.0,ITF,ITF4
2021-04-08T17:00:00,ITA,16,Puglia,41.12559576,16.86736689,2020,256,2276,48479,50755,26,1974,149726,5095,,,205576,1963363,1043395.0,,26.0,,,204584.0,992.0,1853704.0,109659.0,ITF,ITF4
2021-04-09T17:00:00,ITA,16,Puglia,41.12559576,16.86736689,1980,260,2240,48807,51047,292,1791,151177,5143,,,207367,1977644,1048357.0,,19.0,,"E' stata effettuata una riclassificazione di alcuni casi confermati da test antigenico, che sono risultati successivamente anche confermati da test molecolare e quindi ricompresi tra questi  ",206406.0,961.0,1865574.0,112070.0,ITF,ITF4
2021-04-10T17:00:00,ITA,16,Puglia,41.12559576,16.86736689,1978,252,2230,49328,51558,511,1804,152439,5174,,,209171,1991105,1052175.0,,9.0,,,208185.0,986.0,1876600.0,114505.0,ITF,ITF4
2021-04-11T17:00:00,ITA,16,Puglia,41.12559576,16.86736689,1989,260,2249,49798,52047,489,1359,153294,5189,,,210530,2001590,1056069.0,,11.0,,,209534.0,996.0,1885967.0,115623.0,ITF,ITF4
2021-04-12T17:00:00,ITA,16,Puglia,41.12559576,16.86736689,1983,265,2248,49328,51576,-471,815,154541,5228,,,211345,2007810,1058928.0,,22.0,,,210335.0,1010.0,1890261.0,117549.0,ITF,ITF4
2021-04-13T17:00:00,ITA,16,Puglia,41.12559576,16.86736689,1966,262,2228,49406,51634,58,1191,155620,5282,,,212536,2020917,1061575.0,,15.0,,,211513.0,1023.0,1900891.0,120026.0,ITF,ITF4
2021-04-14T17:00:00,ITA,16,Puglia,41.12559576,16.86736689,1935,270,2205,49584,51789,155,1488,156914,5321,,,214024,2034564,1063934.0,,29.0,,,213008.0,1016.0,1912370.0,122194.0,ITF,ITF4
2021-04-15T17:00:00,ITA,16,Puglia,41.12559576,16.86736689,1892,277,2169,49557,51726,-63,1867,158805,5360,,,215891,2047926,1067950.0,,34.0,,"E' stata effettuata una riclassificazione di alcuni casi confermati da test antigenico, che sono risultati successivamente anche confermati da test molecolare e quindi ricompresi tra questi  ",214914.0,977.0,1923664.0,124262.0,ITF,ITF4
2021-04-16T17:00:00,ITA,16,Puglia,41.12559576,16.86736689,1895,283,2178,49416,51594,-132,1537,160424,5410,,,217428,2061325,1071879.0,,31.0,,,216438.0,990.0,1934291.0,127034.0,ITF,ITF4
2021-04-17T17:00:00,ITA,16,Puglia,41.12559576,16.86736689,1906,285,2191,49324,51515,-79,1525,162017,5421,,,218953,2074260,1075154.0,,9.0,,,217946.0,1007.0,1945047.0,129213.0,ITF,ITF4
2021-04-18T17:00:00,ITA,16,Puglia,41.12559576,16.86736689,1888,286,2174,49264,51438,-77,1278,163355,5438,,,220231,2084461,1078462.0,,16.0,,,219223.0,1008.0,1954005.0,130456.0,ITF,ITF4
2021-04-19T17:00:00,ITA,16,Puglia,41.12559576,16.86736689,1897,260,2157,48269,50426,-1012,584,164905,5484,,,220815,2090591,1082105.0,,19.0,,,219804.0,1011.0,1958107.0,132484.0,ITF,ITF4
2021-04-20T17:00:00,ITA,16,Puglia,41.12559576,16.86736689,1893,260,2153,47646,49799,-627,1180,166688,5508,,,221995,2103967,1085601.0,,13.0,,,220975.0,1020.0,1969651.0,134316.0,ITF,ITF4
2021-04-21T17:00:00,ITA,16,Puglia,41.12559576,16.86736689,1872,260,2132,47221,49353,-446,1141,168250,5533,,,223136,2116904,1088530.0,,14.0,,"E' stata effettuata una riclassificazione di alcuni casi confermati da test antigenico, che sono risultati successivamente anche confermati da test molecolare e quindi ricompresi tra questi  ",222120.0,1016.0,1980615.0,136289.0,ITF,ITF4
2021-04-22T17:00:00,ITA,16,Puglia,41.12559576,16.86736689,1819,260,2079,47343,49422,69,1895,170041,5568,,,225031,2129376,1092646.0,,22.0,,"E' stata effettuata una riclassificazione di alcuni casi confermati da test antigenico, che sono risultati successivamente anche confermati da test molecolare e quindi ricompresi tra questi  ",224062.0,969.0,1991004.0,138372.0,ITF,ITF4
2021-04-23T17:00:00,ITA,16,Puglia,41.12559576,16.86736689,1778,253,2031,47166,49197,-225,1692,171894,5632,,,226723,2142721,1095502.0,,19.0,,,225751.0,972.0,2001797.0,140924.0,ITF,ITF4
2021-04-24T17:00:00,ITA,16,Puglia,41.12559576,16.86736689,1749,239,1988,47074,49062,-135,1255,173251,5665,,,227978,2156052,1099072.0,,5.0,,,227001.0,977.0,2012342.0,143710.0,ITF,ITF4
2021-04-25T17:00:00,ITA,16,Puglia,41.12559576,16.86736689,1738,235,1973,47298,49271,209,1203,174226,5684,,,229181,2165669,1101460.0,,6.0,,,228182.0,999.0,2020532.0,145137.0,ITF,ITF4
2021-04-26T17:00:00,ITA,16,Puglia,41.12559576,16.86736689,1723,232,1955,46773,48728,-543,477,175209,5721,,,229658,2171461,1104197.0,,22.0,,,228644.0,1014.0,2024053.0,147408.0,ITF,ITF4
2021-04-27T17:00:00,ITA,16,Puglia,41.12559576,16.86736689,1726,227,1953,46708,48661,-67,1056,176295,5758,,,230714,2186084,1108747.0,,18.0,,"E' stata effettuata una riclassificazione di alcuni casi confermati da test antigenico, che sono risultati successivamente anche confermati da test molecolare e quindi ricompresi tra questi  ",229705.0,1009.0,2035802.0,150282.0,ITF,ITF4
2021-04-28T17:00:00,ITA,16,Puglia,41.12559576,16.86736689,1685,231,1916,46727,48643,-18,1282,177547,5806,,,231996,2198817,1112647.0,,40.0,,,230996.0,1000.0,2045910.0,152907.0,ITF,ITF4
2021-04-29T17:00:00,ITA,16,Puglia,41.12559576,16.86736689,1658,230,1888,46541,48429,-214,1501,179232,5836,,,233497,2211107,1116575.0,,15.0,,"E' stata effettuata una riclassificazione di alcuni casi confermati da test antigenico, che sono risultati successivamente anche confermati da test molecolare e quindi ricompresi tra questi  ",232531.0,966.0,2055509.0,155598.0,ITF,ITF4
2021-04-30T17:00:00,ITA,16,Puglia,41.12559576,16.86736689,1631,224,1855,45737,47592,-837,1344,181376,5873,,,234841,2224403,1120349.0,,9.0,,,233865.0,976.0,2065501.0,158902.0,ITF,ITF4
2021-05-01T17:00:00,ITA,16,Puglia,41.12559576,16.86736689,1596,228,1824,45943,47767,175,1130,182310,5894,,,235971,2235853,1123006.0,,9.0,,"E' stata effettuata una riclassificazione di alcuni casi confermati da test antigenico, che sono risultati successivamente anche confermati da test molecolare e quindi ricompresi tra questi",234997.0,974.0,2074937.0,160916.0,ITF,ITF4
2021-05-02T17:00:00,ITA,16,Puglia,41.12559576,16.86736689,1594,219,1813,45824,47637,-130,810,183232,5912,,,236781,2242079,1124128.0,,6.0,,,235798.0,983.0,2079923.0,162156.0,ITF,ITF4
2021-05-03T17:00:00,ITA,16,Puglia,41.12559576,16.86736689,1604,208,1812,45211,47023,-614,335,184129,5964,,,237116,2247607,1126726.0,,14.0,,,236119.0,997.0,2083091.0,164516.0,ITF,ITF4
2021-05-04T17:00:00,ITA,16,Puglia,41.12559576,16.86736689,1585,197,1782,44838,46620,-403,1028,185526,5998,,,238144,2261410,1130408.0,,11.0,,,237145.0,999.0,2094226.0,167184.0,ITF,ITF4
2021-05-05T17:00:00,ITA,16,Puglia,41.12559576,16.86736689,1548,194,1742,44744,46486,-134,1171,186819,6010,,,239315,2273761,1135615.0,,16.0,,"E' stata effettuata una riclassificazione di alcuni casi confermati da test antigenico, che sono risultati successivamente anche confermati da test molecolare e quindi ricompresi tra questi",238336.0,979.0,2104330.0,169431.0,ITF,ITF4
2021-05-06T17:00:00,ITA,16,Puglia,41.12559576,16.86736689,1512,202,1714,43761,45475,-1011,877,188680,6037,,,240192,2285654,1138799.0,,30.0,,"E' stata effettuata una riclassificazione di alcuni casi confermati da test antigenico, che sono risultati successivamente anche confermati da test molecolare e quindi ricompresi tra questi",239227.0,965.0,2113993.0,171661.0,ITF,ITF4
2021-05-07T17:00:00,ITA,16,Puglia,41.12559576,16.86736689,1486,199,1685,42952,44637,-838,870,190368,6057,,,241062,2297340,1142550.0,,9.0,,,240094.0,968.0,2122761.0,174579.0,ITF,ITF4
2021-05-08T17:00:00,ITA,16,Puglia,41.12559576,16.86736689,1471,188,1659,42721,44380,-257,979,191583,6078,,,242041,2308883,1145150.0,,4.0,,"E' stata effettuata una riclassificazione di alcuni casi confermati da test antigenico, che sono risultati successivamente anche confermati da test molecolare e quindi ricompresi tra questi",241074.0,967.0,2131692.0,177191.0,ITF,ITF4
2021-05-09T17:00:00,ITA,16,Puglia,41.12559576,16.86736689,1474,192,1666,42672,44338,-42,646,192246,6103,,,242687,2317514,1146681.0,,15.0,,,241710.0,977.0,2138953.0,178561.0,ITF,ITF4
2021-05-10T17:00:00,ITA,16,Puglia,41.12559576,16.86736689,1424,183,1607,41854,43461,-877,247,193345,6128,,,242934,2322283,1147729.0,,4.0,,"E' stata effettuata una riclassificazione di alcuni casi confermati da test antigenico, che sono risultati successivamente anche confermati da test molecolare e quindi ricompresi tra questi",241962.0,972.0,2141742.0,180541.0,ITF,ITF4
2021-05-11T17:00:00,ITA,16,Puglia,41.12559576,16.86736689,1374,168,1542,41140,42682,-779,684,194784,6152,,,243618,2333975,1151084.0,,7.0,,,242644.0,974.0,2151212.0,182763.0,ITF,ITF4
2021-05-12T17:00:00,ITA,16,Puglia,41.12559576,16.86736689,1315,161,1476,40073,41549,-1133,615,196496,6188,,,244233,2344907,1154116.0,,10.0,,"E' stata effettuata una riclassificazione di alcuni casi confermati da test antigenico, che sono risultati successivamente anche confermati da test molecolare e quindi ricompresi tra questi",243271.0,962.0,2159984.0,184923.0,ITF,ITF4
2021-05-13T17:00:00,ITA,16,Puglia,41.12559576,16.86736689,1239,144,1383,38912,40295,-1254,554,198273,6219,,,244787,2354067,1156162.0,,11.0,,"E' stata effettuata una riclassificazione di alcuni casi confermati da test antigenico, che sono risultati successivamente anche confermati da test molecolare e quindi ricompresi tra questi",243840.0,947.0,2167343.0,186724.0,ITF,ITF4
2021-05-14T17:00:00,ITA,16,Puglia,41.12559576,16.86736689,1182,139,1321,37920,39241,-1054,591,199894,6243,,,245378,2363894,1158445.0,,4.0,,"E' stata effettuata una riclassificazione di alcuni casi confermati da test antigenico, che sono risultati successivamente anche confermati da test molecolare e quindi ricompresi tra questi",244437.0,941.0,2175213.0,188681.0,ITF,ITF4
2021-05-15T17:00:00,ITA,16,Puglia,41.12559576,16.86736689,1126,134,1260,37476,38736,-505,567,200955,6254,,,245945,2373878,1160888.0,,3.0,,"E' stata effettuata una riclassificazione di alcuni casi confermati da test antigenico, che sono risultati successivamente anche confermati da test molecolare e quindi ricompresi tra questi",245006.0,939.0,2183093.0,190785.0,ITF,ITF4
2021-05-16T17:00:00,ITA,16,Puglia,41.12559576,16.86736689,1124,127,1251,37467,38718,-18,404,201369,6262,,,246349,2380773,1162063.0,,2.0,,,245406.0,943.0,2188967.0,191806.0,ITF,ITF4
2021-05-17T17:00:00,ITA,16,Puglia,41.12559576,16.86736689,1097,126,1223,36404,37627,-1091,145,202584,6283,,,246494,2385103,1163520.0,,8.0,,,245544.0,950.0,2191582.0,193521.0,ITF,ITF4
2021-05-18T17:00:00,ITA,16,Puglia,41.12559576,16.86736689,1035,124,1159,35630,36789,-838,407,203808,6304,,,246901,2396787,1166599.0,,8.0,,"E' stata effettuata una riclassificazione di alcuni casi confermati da test antigenico, che sono risultati successivamente anche confermati da test molecolare e quindi ricompresi tra questi",245955.0,946.0,2200960.0,195827.0,ITF,ITF4
2021-05-19T17:00:00,ITA,16,Puglia,41.12559576,16.86736689,991,127,1118,34643,35761,-1028,433,205261,6312,,,247334,2406397,1168478.0,,6.0,,"E' stata effettuata una riclassificazione di alcuni casi confermati da test antigenico, che sono risultati successivamente anche confermati da test molecolare e quindi ricompresi tra questi",246394.0,940.0,2208564.0,197833.0,ITF,ITF4
2021-05-20T17:00:00,ITA,16,Puglia,41.12559576,16.86736689,916,111,1027,33178,34205,-1556,386,207173,6342,,,247720,2415076,1170315.0,,10.0,,"E' stata effettuata una riclassificazione di alcuni casi confermati da test antigenico, che sono risultati successivamente anche confermati da test molecolare e quindi ricompresi tra questi",246785.0,935.0,2215166.0,199910.0,ITF,ITF4
2021-05-21T17:00:00,ITA,16,Puglia,41.12559576,16.86736689,889,102,991,32156,33147,-1058,365,208578,6360,,,248085,2423491,1172514.0,,6.0,,,247149.0,936.0,2221510.0,201981.0,ITF,ITF4
2021-05-22T17:00:00,ITA,16,Puglia,41.12559576,16.86736689,863,100,963,31831,32794,-353,399,209321,6369,,,248484,2432468,1174777.0,,2.0,,,247548.0,936.0,2228241.0,204227.0,ITF,ITF4
2021-05-23T17:00:00,ITA,16,Puglia,41.12559576,16.86736689,838,95,933,31796,32729,-65,274,209640,6389,,,248758,2438845,1175933.0,,5.0,,,247821.0,937.0,2233403.0,205442.0,ITF,ITF4
2021-05-24T17:00:00,ITA,16,Puglia,41.12559576,16.86736689,808,95,903,30866,31769,-960,71,210660,6400,,,248829,2442965,1176735.0,,5.0,,,247887.0,942.0,2235699.0,207266.0,ITF,ITF4
2021-05-25T17:00:00,ITA,16,Puglia,41.12559576,16.86736689,759,88,847,29786,30633,-1136,314,212082,6428,,,249143,2452254,1179100.0,,2.0,,,248207.0,936.0,2243033.0,209221.0,ITF,ITF4
2021-05-26T17:00:00,ITA,16,Puglia,41.12559576,16.86736689,726,83,809,28866,29675,-958,237,213261,6444,,,249380,2461051,1181512.0,,2.0,,,248455.0,925.0,2249740.0,211311.0,ITF,ITF4
2021-05-27T17:00:00,ITA,16,Puglia,41.12559576,16.86736689,686,81,767,27118,27885,-1790,288,215307,6476,,,249668,2468973,1183246.0,,4.0,,,248743.0,925.0,2255708.0,213265.0,ITF,ITF4
2021-05-28T17:00:00,ITA,16,Puglia,41.12559576,16.86736689,648,74,722,25907,26629,-1256,250,216803,6486,,,249918,2476807,1185976.0,,1.0,,,248991.0,927.0,2261146.0,215661.0,ITF,ITF4
2021-05-29T17:00:00,ITA,16,Puglia,41.12559576,16.86736689,606,65,671,25552,26223,-406,269,217472,6492,,,250187,2484493,1187188.0,,1.0,,,249256.0,931.0,2266814.0,217679.0,ITF,ITF4
2021-05-30T17:00:00,ITA,16,Puglia,41.12559576,16.86736689,572,63,635,25048,25683,-540,90,218098,6496,,,250277,2489888,1187656.0,,1.0,,,249344.0,933.0,2271073.0,218815.0,ITF,ITF4
2021-05-31T17:00:00,ITA,16,Puglia,41.12559576,16.86736689,525,60,585,24339,24924,-759,142,218993,6502,,,250419,2493643,1189027.0,,6.0,,"E' stata effettuata una riclassificazione di alcuni casi confermati da test antigenico, che sono risultati successivamente anche confermati da test molecolare e quindi ricompresi tra questi",249488.0,931.0,2273340.0,220303.0,ITF,ITF4
2021-06-01T17:00:00,ITA,16,Puglia,41.12559576,16.86736689,499,56,555,23222,23777,-1147,227,220361,6508,,,250646,2501189,1191931.0,,2.0,,,249716.0,930.0,2278875.0,222314.0,ITF,ITF4
2021-06-02T17:00:00,ITA,16,Puglia,41.12559576,16.86736689,490,50,540,21884,22424,-1353,196,221900,6518,,,250842,2507146,1192965.0,,2.0,,,249913.0,929.0,2283441.0,223705.0,ITF,ITF4
2021-06-03T17:00:00,ITA,16,Puglia,41.12559576,16.86736689,479,44,523,20654,21177,-1247,44,223182,6527,,,250886,2510077,1194212.0,,3.0,,,249957.0,929.0,2284914.0,225163.0,ITF,ITF4
2021-06-04T17:00:00,ITA,16,Puglia,41.12559576,16.86736689,448,35,483,19765,20248,-929,196,224298,6536,,,251082,2518416,1197363.0,,3.0,,,250150.0,932.0,2291116.0,227300.0,ITF,ITF4
2021-06-05T17:00:00,ITA,16,Puglia,41.12559576,16.86736689,423,33,456,18750,19206,-1042,161,225500,6537,,,251243,2525636,1199523.0,,0.0,,,250313.0,930.0,2296141.0,229495.0,ITF,ITF4
2021-06-06T17:00:00,ITA,16,Puglia,41.12559576,16.86736689,411,33,444,18386,18830,-376,139,226011,6541,,,251382,2530335,1200570.0,,2.0,,,250454.0,928.0,2299734.0,230601.0,ITF,ITF4
2021-06-07T17:00:00,ITA,16,Puglia,41.12559576,16.86736689,399,32,431,18108,18539,-291,56,226354,6545,,,251438,2533789,1201183.0,,1.0,,,250507.0,931.0,2301652.0,232137.0,ITF,ITF4
2021-06-08T17:00:00,ITA,16,Puglia,41.12559576,16.86736689,343,29,372,16959,17331,-1208,134,227679,6562,,,251572,2542091,1203847.0,,2.0,,,250643.0,929.0,2307800.0,234291.0,ITF,ITF4
2021-06-09T17:00:00,ITA,16,Puglia,41.12559576,16.86736689,332,25,357,16161,16518,-813,185,228669,6570,,,251757,2549087,1205065.0,,0.0,,,250829.0,928.0,2312834.0,236253.0,ITF,ITF4
2021-06-10T17:00:00,ITA,16,Puglia,41.12559576,16.86736689,308,24,332,14545,14877,-1641,123,230425,6578,,,251880,2555492,1207543.0,,1.0,,"E' stata effettuata una riclassificazione di alcuni casi confermati da test antigenico, che sono risultati successivamente anche confermati da test molecolare e quindi ricompresi tra questi",250953.0,927.0,2317117.0,238375.0,ITF,ITF4
2021-06-11T17:00:00,ITA,16,Puglia,41.12559576,16.86736689,272,22,294,14053,14347,-530,140,231088,6585,,,252020,2561176,1209336.0,,1.0,,"E' stata effettuata una riclassificazione di alcuni casi confermati da test antigenico, che sono risultati successivamente anche confermati da test molecolare e quindi ricompresi tra questi",251095.0,925.0,2320765.0,240411.0,ITF,ITF4
2021-06-12T17:00:00,ITA,16,Puglia,41.12559576,16.86736689,268,21,289,13523,13812,-535,140,231760,6588,,,252160,2567120,1210616.0,,1.0,,"È stata effettuata una riclassificazione di alcuni casi confermati da test antigenico, che sono risultati successivamente anche confermati da test molecolare e quindi ricompresi tra questi ",251236.0,924.0,2324973.0,242147.0,ITF,ITF4
2021-06-13T17:00:00,ITA,16,Puglia,41.12559576,16.86736689,263,21,284,12933,13217,-595,73,232428,6588,,,252233,2571121,1211251.0,,0.0,,"E' stata effettuata una riclassificazione di alcuni casi confermati da test antigenico, che sono risultati successivamente anche confermati da test molecolare e quindi ricompresi tra questi",251310.0,923.0,2327784.0,243337.0,ITF,ITF4
2021-06-14T17:00:00,ITA,16,Puglia,41.12559576,16.86736689,263,20,283,12301,12584,-633,47,233106,6590,,,252280,2574526,1212980.0,,1.0,,,251356.0,924.0,2329387.0,245139.0,ITF,ITF4
2021-06-15T17:00:00,ITA,16,Puglia,41.12559576,16.86736689,247,22,269,11042,11311,-1273,169,234546,6592,,,252449,2582579,1215153.0,,2.0,,,251525.0,924.0,2335465.0,247114.0,ITF,ITF4
2021-06-16T17:00:00,ITA,16,Puglia,41.12559576,16.86736689,231,21,252,10777,11029,-282,112,234937,6595,,,252561,2590229,1216918.0,,0.0,,"E' stata effettuata una riclassificazione di alcuni casi confermati da test antigenico, che sono risultati successivamente anche confermati da test molecolare e quindi ricompresi tra questi",251649.0,912.0,2341001.0,249228.0,ITF,ITF4
2021-06-17T17:00:00,ITA,16,Puglia,41.12559576,16.86736689,218,19,237,9994,10231,-798,90,235823,6597,,,252651,2597073,1218638.0,,0.0,,"E' stata effettuata una riclassificazione di alcuni casi confermati da test antigenico, che sono risultati successivamente anche confermati da test molecolare e quindi ricompresi tra questi",251742.0,909.0,2345865.0,251208.0,ITF,ITF4
2021-06-18T17:00:00,ITA,16,Puglia,41.12559576,16.86736689,207,18,225,9118,9343,-888,106,236813,6601,,,252757,2603966,1220871.0,,0.0,,,251847.0,910.0,2350194.0,253772.0,ITF,ITF4
2021-06-19T17:00:00,ITA,16,Puglia,41.12559576,16.86736689,186,17,203,8706,8909,-434,61,237305,6604,,,252818,2611108,1221931.0,,0.0,,"E' stata effettuata una riclassificazione di alcuni casi confermati da test antigenico, che sono risultati successivamente anche confermati da test molecolare e quindi ricompresi tra questi",251909.0,909.0,2354466.0,256642.0,ITF,ITF4
2021-06-20T17:00:00,ITA,16,Puglia,41.12559576,16.86736689,187,17,204,8655,8859,-50,45,237399,6605,,,252863,2615098,1222521.0,,1.0,,,251954.0,909.0,2357398.0,257700.0,ITF,ITF4
2021-06-21T17:00:00,ITA,16,Puglia,41.12559576,16.86736689,179,16,195,8225,8420,-439,19,237853,6609,,,252882,2619454,1223665.0,,0.0,,,251973.0,909.0,2359234.0,260220.0,ITF,ITF4
2021-06-22T17:00:00,ITA,16,Puglia,41.12559576,16.86736689,173,16,189,6874,7063,-1357,92,239301,6610,,,252974,2627487,1226120.0,,0.0,,,252067.0,907.0,2364944.0,262543.0,ITF,ITF4
2021-06-23T17:00:00,ITA,16,Puglia,41.12559576,16.86736689,170,16,186,5751,5937,-1126,63,240487,6613,,,253037,2634171,1227508.0,,0.0,,,252130.0,907.0,2369467.0,264704.0,ITF,ITF4
2021-06-24T17:00:00,ITA,16,Puglia,41.12559576,16.86736689,165,16,181,5131,5312,-625,42,241154,6613,,,253079,2640463,1229352.0,,0.0,,,252172.0,907.0,2373195.0,267268.0,ITF,ITF4
2021-06-25T17:00:00,ITA,16,Puglia,41.12559576,16.86736689,150,17,167,4334,4501,-811,68,242011,6635,,,253147,2645845,1230965.0,,1.0,,"Dei decessi notificati oggi, uno è relativo alle ultime 24 ore. I restanti risultano da un aggiornamento delle informazioni nel periodo compreso tra marzo e maggio 2021",252240.0,907.0,2376008.0,269837.0,ITF,ITF4
2021-06-26T17:00:00,ITA,16,Puglia,41.12559576,16.86736689,146,15,161,3720,3881,-620,58,242684,6640,,,253205,2652289,1232938.0,,1.0,,,252298.0,907.0,2379431.0,272858.0,ITF,ITF4
2021-06-27T17:00:00,ITA,16,Puglia,41.12559576,16.86736689,145,14,159,3716,3875,-6,33,242723,6640,,,253238,2656229,1233586.0,,0.0,,,252331.0,907.0,2382047.0,274182.0,ITF,ITF4
2021-06-28T17:00:00,ITA,16,Puglia,41.12559576,16.86736689,143,14,157,3315,3472,-403,9,243135,6640,,,253247,2660485,1234825.0,,0.0,,,252339.0,908.0,2383467.0,277018.0,ITF,ITF4
2021-06-29T17:00:00,ITA,16,Puglia,41.12559576,16.86736689,131,15,146,2977,3123,-349,59,243541,6642,,,253306,2668808,1236521.0,,3.0,,"E' stata effettuata una riclassificazione di alcuni casi confermati da test antigenico, che sono risultati successivamente anche confermati da test molecolare e quindi ricompresi tra questi",252401.0,905.0,2388988.0,279820.0,ITF,ITF4
2021-06-30T17:00:00,ITA,16,Puglia,41.12559576,16.86736689,120,11,131,2807,2938,-185,35,243761,6642,,,253341,2676021,1238235.0,,0.0,,"E' stata effettuata una riclassificazione di alcuni casi confermati da test antigenico, che sono risultati successivamente anche confermati da test molecolare e quindi ricompresi tra questi",252439.0,902.0,2393243.0,282778.0,ITF,ITF4
2021-07-01T17:00:00,ITA,16,Puglia,41.12559576,16.86736689,119,11,130,2597,2727,-211,40,244012,6642,,,253381,2682225,1239521.0,,0.0,,,252479.0,902.0,2396759.0,285466.0,ITF,ITF4
2021-07-02T17:00:00,ITA,16,Puglia,41.12559576,16.86736689,118,11,129,2560,2689,-38,43,244093,6642,,,253424,2688193,1241224.0,,0.0,,,252522.0,902.0,2399961.0,288232.0,ITF,ITF4
2021-07-03T17:00:00,ITA,16,Puglia,41.12559576,16.86736689,113,10,123,2541,2664,-25,47,244165,6642,,,253471,2694462,1243148.0,,0.0,,,252568.0,903.0,2403118.0,291344.0,ITF,ITF4
2021-07-04T17:00:00,ITA,16,Puglia,41.12559576,16.86736689,108,10,118,2542,2660,-4,25,244192,6644,,,253496,2698172,1243616.0,,0.0,,,252593.0,903.0,2405695.0,292477.0,ITF,ITF4
2021-07-05T17:00:00,ITA,16,Puglia,41.12559576,16.86736689,107,10,117,2490,2607,-53,15,244260,6644,,,253511,2701954,1244668.0,,0.0,,,252608.0,903.0,2406865.0,295089.0,ITF,ITF4
2021-07-06T17:00:00,ITA,16,Puglia,41.12559576,16.86736689,94,8,102,2476,2578,-29,60,244347,6646,,,253571,2709076,1246049.0,,0.0,,,252667.0,904.0,2411648.0,297428.0,ITF,ITF4
2021-07-07T17:00:00,ITA,16,Puglia,41.12559576,16.86736689,88,8,96,2389,2485,-93,49,244488,6647,,,253620,2714846,1247647.0,,0.0,,,252716.0,904.0,2415003.0,299843.0,ITF,ITF4
2021-07-08T17:00:00,ITA,16,Puglia,41.12559576,16.86736689,84,9,93,2258,2351,-134,58,244679,6648,,,253678,2720973,1248976.0,,1.0,,,252774.0,904.0,2418769.0,302204.0,ITF,ITF4
2021-07-09T17:00:00,ITA,16,Puglia,41.12559576,16.86736689,83,9,92,2044,2136,-215,44,244936,6650,,,253722,2726848,1250874.0,,0.0,,,252817.0,905.0,2421936.0,304912.0,ITF,ITF4
2021-07-10T17:00:00,ITA,16,Puglia,41.12559576,16.86736689,78,9,87,2023,2110,-26,41,245003,6650,,,253763,2733022,1252744.0,,0.0,,,252858.0,905.0,2425065.0,307957.0,ITF,ITF4
2021-07-11T17:00:00,ITA,16,Puglia,41.12559576,16.86736689,78,9,87,2040,2127,17,34,245020,6650,,,253797,2737033,1253345.0,,0.0,,,252892.0,905.0,2427770.0,309263.0,ITF,ITF4
2021-07-12T17:00:00,ITA,16,Puglia,41.12559576,16.86736689,73,9,82,1797,1879,-248,19,245285,6652,,,253816,2741375,1254617.0,,0.0,,,252911.0,905.0,2429166.0,312209.0,ITF,ITF4
2021-07-13T17:00:00,ITA,16,Puglia,41.12559576,16.86736689,69,8,77,1635,1712,-167,97,245548,6653,,,253913,2748902,1256069.0,,0.0,,,253004.0,909.0,2433971.0,314931.0,ITF,ITF4
2021-07-14T17:00:00,ITA,16,Puglia,41.12559576,16.86736689,72,8,80,1567,1647,-65,44,245654,6656,,,253957,2754985,1257612.0,,0.0,,,253047.0,910.0,2437418.0,317567.0,ITF,ITF4
2021-07-15T17:00:00,ITA,16,Puglia,41.12559576,16.86736689,69,7,76,1575,1651,4,42,245690,6658,,,253999,2761070,1259104.0,,0.0,,,253089.0,910.0,2440849.0,320221.0,ITF,ITF4
2021-07-16T17:00:00,ITA,16,Puglia,41.12559576,16.86736689,65,9,74,1567,1641,-10,46,245746,6658,,,254045,2767226,1260510.0,,2.0,,,253133.0,912.0,2444185.0,323041.0,ITF,ITF4
2021-07-17T17:00:00,ITA,16,Puglia,41.12559576,16.86736689,65,9,74,1625,1699,58,81,245768,6659,,,254126,2773928,1262013.0,,1.0,,,253214.0,912.0,2447422.0,326506.0,ITF,ITF4
2021-07-18T17:00:00,ITA,16,Puglia,41.12559576,16.86736689,66,9,75,1683,1758,59,70,245779,6659,,,254196,2777620,1262545.0,,0.0,,,253283.0,913.0,2450018.0,327602.0,ITF,ITF4
2021-07-19T17:00:00,ITA,16,Puglia,41.12559576,16.86736689,66,10,76,1700,1776,18,47,245808,6659,,,254243,2781728,1264060.0,,1.0,,,253327.0,916.0,2451403.0,330325.0,ITF,ITF4
2021-07-20T17:00:00,ITA,16,Puglia,41.12559576,16.86736689,76,9,85,1690,1775,-1,80,245889,6659,,,254323,2789492,1266449.0,,0.0,,"E' stata effettuata una riclassificazione di alcuni casi confermati da test antigenico, che sono risultati successivamente anche confermati da test molecolare e quindi ricompresi tra questi",253408.0,915.0,2456126.0,333366.0,ITF,ITF4
2021-07-21T17:00:00,ITA,16,Puglia,41.12559576,16.86736689,74,8,82,1742,1824,49,139,245974,6664,,,254462,2796793,1268487.0,,0.0,,"E' stata effettuata una riclassificazione di alcuni casi confermati da test antigenico, che sono risultati successivamente anche confermati da test molecolare e quindi ricompresi tra questi",253548.0,914.0,2460321.0,336472.0,ITF,ITF4
2021-07-22T17:00:00,ITA,16,Puglia,41.12559576,16.86736689,77,9,86,1845,1931,107,154,246021,6664,,,254616,2804129,1269906.0,,1.0,,"E' stata effettuata una riclassificazione di alcuni casi confermati da test antigenico, che sono risultati successivamente anche confermati da test molecolare e quindi ricompresi tra questi",253708.0,908.0,2463735.0,340394.0,ITF,ITF4
2021-07-23T17:00:00,ITA,16,Puglia,41.12559576,16.86736689,80,9,89,1887,1976,45,131,246107,6664,,,254747,2815016,1272564.0,,0.0,,,253834.0,913.0,2468081.0,346935.0,ITF,ITF4
2021-07-24T17:00:00,ITA,16,Puglia,41.12559576,16.86736689,81,9,90,1983,2073,97,138,246148,6664,,,254885,2828159,1275050.0,,0.0,,,253961.0,924.0,2472763.0,355396.0,ITF,ITF4
2021-07-25T17:00:00,ITA,16,Puglia,41.12559576,16.86736689,78,9,87,2126,2213,140,164,246172,6664,,,255049,2834769,1276805.0,,0.0,,,254119.0,930.0,2474810.0,359959.0,ITF,ITF4
2021-07-26T17:00:00,ITA,16,Puglia,41.12559576,16.86736689,75,8,83,1788,1871,-342,56,246567,6667,,,255105,2838958,1278376.0,,0.0,,,254165.0,940.0,2476372.0,362586.0,ITF,ITF4
2021-07-27T17:00:00,ITA,16,Puglia,41.12559576,16.86736689,78,10,88,1736,1824,-47,132,246745,6668,,,255237,2850144,1280678.0,,3.0,,,254292.0,945.0,2480355.0,369789.0,ITF,ITF4
2021-07-28T17:00:00,ITA,16,Puglia,41.12559576,16.86736689,75,9,84,1833,1917,93,163,246814,6669,,,255400,2862638,1283577.0,,1.0,,,254444.0,956.0,2486036.0,376602.0,ITF,ITF4
2021-07-29T17:00:00,ITA,16,Puglia,41.12559576,16.86736689,75,9,84,1893,1977,60,151,246905,6669,,,255551,2874001,1286402.0,,0.0,,"E' stata effettuata una riclassificazione di alcuni casi confermati da test antigenico, che sono risultati successivamente anche confermati da test molecolare e quindi ricompresi tra questi",254598.0,953.0,2490894.0,383107.0,ITF,ITF4
2021-07-30T17:00:00,ITA,16,Puglia,41.12559576,16.86736689,82,8,90,2069,2159,182,248,246971,6669,,,255799,2885860,1288882.0,,0.0,,,254831.0,968.0,2495720.0,390140.0,ITF,ITF4
2021-07-31T17:00:00,ITA,16,Puglia,41.12559576,16.86736689,81,8,89,2259,2348,189,232,247015,6668,,,256031,2897563,1291133.0,,0.0,,E' stato corretto un caso erroneamente riportato come deceduto nei giorni precedenti,255049.0,982.0,2499692.0,397871.0,ITF,ITF4
2021-08-01T17:00:00,ITA,16,Puglia,41.12559576,16.86736689,75,9,84,2337,2421,73,158,247099,6669,,,256189,2907054,1293396.0,,1.0,,,255202.0,987.0,2503075.0,403979.0,ITF,ITF4
2021-08-02T17:00:00,ITA,16,Puglia,41.12559576,16.86736689,83,9,92,2360,2452,31,66,247134,6669,,,256255,2912103,1295126.0,,0.0,,,255253.0,1002.0,2505131.0,406972.0,ITF,ITF4
