data,prima_dose,seconda_dose,terza_dose,pregressa_infezione,mono_dose,prima_dose_tot,seconda_dose_tot,terza_dose_tot
2020-02-24,,,,,,,,
2020-02-25,,,,,,,,
2020-02-26,,,,,,,,
2020-02-27,,,,,,,,
2020-02-28,,,,,,,,
2020-02-29,,,,,,,,
2020-03-01,,,,,,,,
2020-03-02,,,,,,,,
2020-03-03,,,,,,,,
2020-03-04,,,,,,,,
2020-03-05,,,,,,,,
2020-03-06,,,,,,,,
2020-03-07,,,,,,,,
2020-03-08,,,,,,,,
2020-03-09,,,,,,,,
2020-03-10,,,,,,,,
2020-03-11,,,,,,,,
2020-03-12,,,,,,,,
2020-03-13,,,,,,,,
2020-03-14,,,,,,,,
2020-03-15,,,,,,,,
2020-03-16,,,,,,,,
2020-03-17,,,,,,,,
2020-03-18,,,,,,,,
2020-03-19,,,,,,,,
2020-03-20,,,,,,,,
2020-03-21,,,,,,,,
2020-03-22,,,,,,,,
2020-03-23,,,,,,,,
2020-03-24,,,,,,,,
2020-03-25,,,,,,,,
2020-03-26,,,,,,,,
2020-03-27,,,,,,,,
2020-03-28,,,,,,,,
2020-03-29,,,,,,,,
2020-03-30,,,,,,,,
2020-03-31,,,,,,,,
2020-04-01,,,,,,,,
2020-04-02,,,,,,,,
2020-04-03,,,,,,,,
2020-04-04,,,,,,,,
2020-04-05,,,,,,,,
2020-04-06,,,,,,,,
2020-04-07,,,,,,,,
2020-04-08,,,,,,,,
2020-04-09,,,,,,,,
2020-04-10,,,,,,,,
2020-04-11,,,,,,,,
2020-04-12,,,,,,,,
2020-04-13,,,,,,,,
2020-04-14,,,,,,,,
2020-04-15,,,,,,,,
2020-04-16,,,,,,,,
2020-04-17,,,,,,,,
2020-04-18,,,,,,,,
2020-04-19,,,,,,,,
2020-04-20,,,,,,,,
2020-04-21,,,,,,,,
2020-04-22,,,,,,,,
2020-04-23,,,,,,,,
2020-04-24,,,,,,,,
2020-04-25,,,,,,,,
2020-04-26,,,,,,,,
2020-04-27,,,,,,,,
2020-04-28,,,,,,,,
2020-04-29,,,,,,,,
2020-04-30,,,,,,,,
2020-05-01,,,,,,,,
2020-05-02,,,,,,,,
2020-05-03,,,,,,,,
2020-05-04,,,,,,,,
2020-05-05,,,,,,,,
2020-05-06,,,,,,,,
2020-05-07,,,,,,,,
2020-05-08,,,,,,,,
2020-05-09,,,,,,,,
2020-05-10,,,,,,,,
2020-05-11,,,,,,,,
2020-05-12,,,,,,,,
2020-05-13,,,,,,,,
2020-05-14,,,,,,,,
2020-05-15,,,,,,,,
2020-05-16,,,,,,,,
2020-05-17,,,,,,,,
2020-05-18,,,,,,,,
2020-05-19,,,,,,,,
2020-05-20,,,,,,,,
2020-05-21,,,,,,,,
2020-05-22,,,,,,,,
2020-05-23,,,,,,,,
2020-05-24,,,,,,,,
2020-05-25,,,,,,,,
2020-05-26,,,,,,,,
2020-05-27,,,,,,,,
2020-05-28,,,,,,,,
2020-05-29,,,,,,,,
2020-05-30,,,,,,,,
2020-05-31,,,,,,,,
2020-06-01,,,,,,,,
2020-06-02,,,,,,,,
2020-06-03,,,,,,,,
2020-06-04,,,,,,,,
2020-06-05,,,,,,,,
2020-06-06,,,,,,,,
2020-06-07,,,,,,,,
2020-06-08,,,,,,,,
2020-06-09,,,,,,,,
2020-06-10,,,,,,,,
2020-06-11,,,,,,,,
2020-06-12,,,,,,,,
2020-06-13,,,,,,,,
2020-06-14,,,,,,,,
2020-06-15,,,,,,,,
2020-06-16,,,,,,,,
2020-06-17,,,,,,,,
2020-06-18,,,,,,,,
2020-06-19,,,,,,,,
2020-06-20,,,,,,,,
2020-06-21,,,,,,,,
2020-06-22,,,,,,,,
2020-06-23,,,,,,,,
2020-06-24,,,,,,,,
2020-06-25,,,,,,,,
2020-06-26,,,,,,,,
2020-06-27,,,,,,,,
2020-06-28,,,,,,,,
2020-06-29,,,,,,,,
2020-06-30,,,,,,,,
2020-07-01,,,,,,,,
2020-07-02,,,,,,,,
2020-07-03,,,,,,,,
2020-07-04,,,,,,,,
2020-07-05,,,,,,,,
2020-07-06,,,,,,,,
2020-07-07,,,,,,,,
2020-07-08,,,,,,,,
2020-07-09,,,,,,,,
2020-07-10,,,,,,,,
2020-07-11,,,,,,,,
2020-07-12,,,,,,,,
2020-07-13,,,,,,,,
2020-07-14,,,,,,,,
2020-07-15,,,,,,,,
2020-07-16,,,,,,,,
2020-07-17,,,,,,,,
2020-07-18,,,,,,,,
2020-07-19,,,,,,,,
2020-07-20,,,,,,,,
2020-07-21,,,,,,,,
2020-07-22,,,,,,,,
2020-07-23,,,,,,,,
2020-07-24,,,,,,,,
2020-07-25,,,,,,,,
2020-07-26,,,,,,,,
2020-07-27,,,,,,,,
2020-07-28,,,,,,,,
2020-07-29,,,,,,,,
2020-07-30,,,,,,,,
2020-07-31,,,,,,,,
2020-08-01,,,,,,,,
2020-08-02,,,,,,,,
2020-08-03,,,,,,,,
2020-08-04,,,,,,,,
2020-08-05,,,,,,,,
2020-08-06,,,,,,,,
2020-08-07,,,,,,,,
2020-08-08,,,,,,,,
2020-08-09,,,,,,,,
2020-08-10,,,,,,,,
2020-08-11,,,,,,,,
2020-08-12,,,,,,,,
2020-08-13,,,,,,,,
2020-08-14,,,,,,,,
2020-08-15,,,,,,,,
2020-08-16,,,,,,,,
2020-08-17,,,,,,,,
2020-08-18,,,,,,,,
2020-08-19,,,,,,,,
2020-08-20,,,,,,,,
2020-08-21,,,,,,,,
2020-08-22,,,,,,,,
2020-08-23,,,,,,,,
2020-08-24,,,,,,,,
2020-08-25,,,,,,,,
2020-08-26,,,,,,,,
2020-08-27,,,,,,,,
2020-08-28,,,,,,,,
2020-08-29,,,,,,,,
2020-08-30,,,,,,,,
2020-08-31,,,,,,,,
2020-09-01,,,,,,,,
2020-09-02,,,,,,,,
2020-09-03,,,,,,,,
2020-09-04,,,,,,,,
2020-09-05,,,,,,,,
2020-09-06,,,,,,,,
2020-09-07,,,,,,,,
2020-09-08,,,,,,,,
2020-09-09,,,,,,,,
2020-09-10,,,,,,,,
2020-09-11,,,,,,,,
2020-09-12,,,,,,,,
2020-09-13,,,,,,,,
2020-09-14,,,,,,,,
2020-09-15,,,,,,,,
2020-09-16,,,,,,,,
2020-09-17,,,,,,,,
2020-09-18,,,,,,,,
2020-09-19,,,,,,,,
2020-09-20,,,,,,,,
2020-09-21,,,,,,,,
2020-09-22,,,,,,,,
2020-09-23,,,,,,,,
2020-09-24,,,,,,,,
2020-09-25,,,,,,,,
2020-09-26,,,,,,,,
2020-09-27,,,,,,,,
2020-09-28,,,,,,,,
2020-09-29,,,,,,,,
2020-09-30,,,,,,,,
2020-10-01,,,,,,,,
2020-10-02,,,,,,,,
2020-10-03,,,,,,,,
2020-10-04,,,,,,,,
2020-10-05,,,,,,,,
2020-10-06,,,,,,,,
2020-10-07,,,,,,,,
2020-10-08,,,,,,,,
2020-10-09,,,,,,,,
2020-10-10,,,,,,,,
2020-10-11,,,,,,,,
2020-10-12,,,,,,,,
2020-10-13,,,,,,,,
2020-10-14,,,,,,,,
2020-10-15,,,,,,,,
2020-10-16,,,,,,,,
2020-10-17,,,,,,,,
2020-10-18,,,,,,,,
2020-10-19,,,,,,,,
2020-10-20,,,,,,,,
2020-10-21,,,,,,,,
2020-10-22,,,,,,,,
2020-10-23,,,,,,,,
2020-10-24,,,,,,,,
2020-10-25,,,,,,,,
2020-10-26,,,,,,,,
2020-10-27,,,,,,,,
2020-10-28,,,,,,,,
2020-10-29,,,,,,,,
2020-10-30,,,,,,,,
2020-10-31,,,,,,,,
2020-11-01,,,,,,,,
2020-11-02,,,,,,,,
2020-11-03,,,,,,,,
2020-11-04,,,,,,,,
2020-11-05,,,,,,,,
2020-11-06,,,,,,,,
2020-11-07,,,,,,,,
2020-11-08,,,,,,,,
2020-11-09,,,,,,,,
2020-11-10,,,,,,,,
2020-11-11,,,,,,,,
2020-11-12,,,,,,,,
2020-11-13,,,,,,,,
2020-11-14,,,,,,,,
2020-11-15,,,,,,,,
2020-11-16,,,,,,,,
2020-11-17,,,,,,,,
2020-11-18,,,,,,,,
2020-11-19,,,,,,,,
2020-11-20,,,,,,,,
2020-11-21,,,,,,,,
2020-11-22,,,,,,,,
2020-11-23,,,,,,,,
2020-11-24,,,,,,,,
2020-11-25,,,,,,,,
2020-11-26,,,,,,,,
2020-11-27,,,,,,,,
2020-11-28,,,,,,,,
2020-11-29,,,,,,,,
2020-11-30,,,,,,,,
2020-12-01,,,,,,,,
2020-12-02,,,,,,,,
2020-12-03,,,,,,,,
2020-12-04,,,,,,,,
2020-12-05,,,,,,,,
2020-12-06,,,,,,,,
2020-12-07,,,,,,,,
2020-12-08,,,,,,,,
2020-12-09,,,,,,,,
2020-12-10,,,,,,,,
2020-12-11,,,,,,,,
2020-12-12,,,,,,,,
2020-12-13,,,,,,,,
2020-12-14,,,,,,,,
2020-12-15,,,,,,,,
2020-12-16,,,,,,,,
2020-12-17,,,,,,,,
2020-12-18,,,,,,,,
2020-12-19,,,,,,,,
2020-12-20,,,,,,,,
2020-12-21,,,,,,,,
2020-12-22,,,,,,,,
2020-12-23,,,,,,,,
2020-12-24,,,,,,,,
2020-12-25,,,,,,,,
2020-12-26,,,,,,,,
2020-12-27,628.0,0.0,0.0,1.0,0.0,628.0,0.0,0.0
2020-12-28,1.0,0.0,0.0,0.0,0.0,629.0,0.0,0.0
2020-12-29,1.0,0.0,0.0,0.0,0.0,630.0,0.0,0.0
2020-12-30,327.0,0.0,0.0,1.0,0.0,957.0,0.0,0.0
2020-12-31,801.0,0.0,0.0,4.0,0.0,1758.0,0.0,0.0
2021-01-01,2408.0,0.0,0.0,2.0,0.0,4166.0,0.0,0.0
2021-01-02,3539.0,0.0,0.0,9.0,0.0,7705.0,0.0,0.0
2021-01-03,3361.0,0.0,0.0,4.0,0.0,11066.0,0.0,0.0
2021-01-04,5230.0,0.0,0.0,13.0,0.0,16296.0,0.0,0.0
2021-01-05,5378.0,0.0,0.0,12.0,0.0,21674.0,0.0,0.0
2021-01-06,4617.0,0.0,0.0,1.0,0.0,26291.0,0.0,0.0
2021-01-07,6178.0,0.0,0.0,5.0,0.0,32469.0,0.0,0.0
2021-01-08,6067.0,0.0,0.0,3.0,0.0,38536.0,0.0,0.0
2021-01-09,4539.0,0.0,0.0,4.0,0.0,43075.0,0.0,0.0
2021-01-10,3035.0,0.0,0.0,3.0,0.0,46110.0,0.0,0.0
2021-01-11,5171.0,0.0,0.0,13.0,0.0,51281.0,0.0,0.0
2021-01-12,3628.0,0.0,0.0,6.0,0.0,54909.0,0.0,0.0
2021-01-13,4097.0,0.0,0.0,35.0,0.0,59006.0,0.0,0.0
2021-01-14,3288.0,0.0,0.0,2.0,0.0,62294.0,0.0,0.0
2021-01-15,3913.0,0.0,0.0,5.0,0.0,66207.0,0.0,0.0
2021-01-16,3298.0,0.0,0.0,4.0,0.0,69505.0,0.0,0.0
2021-01-17,2025.0,514.0,0.0,5.0,0.0,71530.0,514.0,0.0
2021-01-18,1028.0,98.0,0.0,1.0,0.0,72558.0,612.0,0.0
2021-01-19,1119.0,0.0,0.0,0.0,0.0,73677.0,612.0,0.0
2021-01-20,1093.0,250.0,0.0,2.0,0.0,74770.0,862.0,0.0
2021-01-21,872.0,723.0,0.0,0.0,0.0,75642.0,1585.0,0.0
2021-01-22,529.0,2339.0,0.0,0.0,0.0,76171.0,3924.0,0.0
2021-01-23,647.0,3334.0,0.0,0.0,0.0,76818.0,7258.0,0.0
2021-01-24,199.0,3150.0,0.0,0.0,0.0,77017.0,10408.0,0.0
2021-01-25,254.0,4891.0,0.0,1.0,0.0,77271.0,15299.0,0.0
2021-01-26,222.0,5182.0,0.0,0.0,0.0,77493.0,20481.0,0.0
2021-01-27,204.0,4634.0,0.0,0.0,0.0,77697.0,25115.0,0.0
2021-01-28,355.0,5934.0,0.0,2.0,0.0,78052.0,31049.0,0.0
2021-01-29,298.0,5854.0,0.0,0.0,0.0,78350.0,36903.0,0.0
2021-01-30,190.0,4438.0,0.0,0.0,0.0,78540.0,41341.0,0.0
2021-01-31,104.0,2949.0,0.0,0.0,0.0,78644.0,44290.0,0.0
2021-02-01,531.0,4995.0,0.0,1.0,0.0,79175.0,49285.0,0.0
2021-02-02,192.0,3551.0,0.0,1.0,0.0,79367.0,52836.0,0.0
2021-02-03,243.0,3988.0,0.0,0.0,0.0,79610.0,56824.0,0.0
2021-02-04,968.0,3298.0,0.0,0.0,0.0,80578.0,60122.0,0.0
2021-02-05,1937.0,3834.0,0.0,3.0,0.0,82515.0,63956.0,0.0
2021-02-06,1302.0,3239.0,0.0,1.0,0.0,83817.0,67195.0,0.0
2021-02-07,885.0,1927.0,0.0,5.0,0.0,84702.0,69122.0,0.0
2021-02-08,3667.0,459.0,0.0,9.0,0.0,88369.0,69581.0,0.0
2021-02-09,3911.0,611.0,0.0,13.0,0.0,92280.0,70192.0,0.0
2021-02-10,3776.0,528.0,0.0,13.0,0.0,96056.0,70720.0,0.0
2021-02-11,5138.0,242.0,0.0,51.0,0.0,101194.0,70962.0,0.0
2021-02-12,7404.0,213.0,0.0,70.0,0.0,108598.0,71175.0,0.0
2021-02-13,7549.0,227.0,0.0,96.0,0.0,116147.0,71402.0,0.0
2021-02-14,8868.0,110.0,0.0,87.0,0.0,125015.0,71512.0,0.0
2021-02-15,7920.0,829.0,0.0,118.0,0.0,132935.0,72341.0,0.0
2021-02-16,8513.0,722.0,0.0,141.0,0.0,141448.0,73063.0,0.0
2021-02-17,7387.0,755.0,0.0,93.0,0.0,148835.0,73818.0,0.0
2021-02-18,7846.0,904.0,0.0,133.0,0.0,156681.0,74722.0,0.0
2021-02-19,7719.0,515.0,0.0,123.0,0.0,164400.0,75237.0,0.0
2021-02-20,4131.0,537.0,0.0,60.0,0.0,168531.0,75774.0,0.0
2021-02-21,4916.0,171.0,0.0,82.0,0.0,173447.0,75945.0,0.0
2021-02-22,9367.0,279.0,0.0,247.0,0.0,182814.0,76224.0,0.0
2021-02-23,7327.0,167.0,0.0,268.0,0.0,190141.0,76391.0,0.0
2021-02-24,10066.0,199.0,0.0,147.0,0.0,200207.0,76590.0,0.0
2021-02-25,9493.0,995.0,0.0,163.0,0.0,209700.0,77585.0,0.0
2021-02-26,8711.0,1211.0,0.0,186.0,0.0,218411.0,78796.0,0.0
2021-02-27,1054.0,903.0,0.0,43.0,0.0,219465.0,79699.0,0.0
2021-02-28,904.0,727.0,0.0,44.0,0.0,220369.0,80426.0,0.0
2021-03-01,766.0,3644.0,0.0,66.0,0.0,221135.0,84070.0,0.0
2021-03-02,7042.0,3448.0,0.0,114.0,0.0,228177.0,87518.0,0.0
2021-03-03,14507.0,3611.0,0.0,119.0,0.0,242684.0,91129.0,0.0
2021-03-04,14650.0,3080.0,0.0,177.0,0.0,257334.0,94209.0,0.0
2021-03-05,11926.0,4762.0,0.0,218.0,0.0,269260.0,98971.0,0.0
2021-03-06,2862.0,4204.0,0.0,76.0,0.0,272122.0,103175.0,0.0
2021-03-07,1999.0,3546.0,0.0,113.0,0.0,274121.0,106721.0,0.0
2021-03-08,1875.0,4831.0,0.0,38.0,0.0,275996.0,111552.0,0.0
2021-03-09,5535.0,5566.0,0.0,89.0,0.0,281531.0,117118.0,0.0
2021-03-10,14360.0,3994.0,0.0,87.0,1.0,295891.0,121112.0,0.0
2021-03-11,12509.0,3374.0,0.0,182.0,0.0,308400.0,124486.0,0.0
2021-03-12,13324.0,3535.0,0.0,206.0,0.0,321724.0,128021.0,0.0
2021-03-13,5183.0,3967.0,0.0,169.0,0.0,326907.0,131988.0,0.0
2021-03-14,3158.0,3935.0,0.0,102.0,0.0,330065.0,135923.0,0.0
2021-03-15,4073.0,4450.0,0.0,186.0,0.0,334138.0,140373.0,0.0
2021-03-16,2583.0,2260.0,0.0,82.0,0.0,336721.0,142633.0,0.0
2021-03-17,6843.0,4533.0,0.0,81.0,0.0,343564.0,147166.0,0.0
2021-03-18,5883.0,3998.0,0.0,129.0,0.0,349447.0,151164.0,0.0
2021-03-19,7133.0,2892.0,0.0,154.0,0.0,356580.0,154056.0,0.0
2021-03-20,5369.0,1140.0,0.0,91.0,0.0,361949.0,155196.0,0.0
2021-03-21,1815.0,1434.0,0.0,51.0,0.0,363764.0,156630.0,0.0
2021-03-22,4688.0,450.0,0.0,138.0,0.0,368452.0,157080.0,0.0
2021-03-23,6991.0,2287.0,0.0,171.0,0.0,375443.0,159367.0,0.0
2021-03-24,10421.0,9494.0,0.0,149.0,0.0,385864.0,168861.0,0.0
2021-03-25,15335.0,8427.0,0.0,252.0,0.0,401199.0,177288.0,0.0
2021-03-26,14738.0,5835.0,0.0,192.0,0.0,415937.0,183123.0,0.0
2021-03-27,8517.0,217.0,0.0,140.0,2.0,424454.0,183340.0,0.0
2021-03-28,5886.0,253.0,0.0,76.0,0.0,430340.0,183593.0,0.0
2021-03-29,9195.0,349.0,0.0,147.0,0.0,439535.0,183942.0,0.0
2021-03-30,13276.0,3578.0,0.0,195.0,0.0,452811.0,187520.0,0.0
2021-03-31,20203.0,12278.0,0.0,347.0,0.0,473014.0,199798.0,0.0
2021-04-01,16240.0,10752.0,0.0,201.0,0.0,489254.0,210550.0,0.0
2021-04-02,23698.0,8099.0,0.0,244.0,0.0,512952.0,218649.0,0.0
2021-04-03,13703.0,1119.0,0.0,202.0,0.0,526655.0,219768.0,0.0
2021-04-04,13494.0,255.0,0.0,183.0,0.0,540149.0,220023.0,0.0
2021-04-05,14374.0,738.0,0.0,180.0,0.0,554523.0,220761.0,0.0
2021-04-06,18082.0,3745.0,0.0,431.0,0.0,572605.0,224506.0,0.0
2021-04-07,28190.0,7285.0,0.0,394.0,0.0,600795.0,231791.0,0.0
2021-04-08,23078.0,6459.0,0.0,302.0,0.0,623873.0,238250.0,0.0
2021-04-09,20804.0,3446.0,0.0,374.0,0.0,644677.0,241696.0,0.0
2021-04-10,10786.0,745.0,0.0,196.0,0.0,655463.0,242441.0,0.0
2021-04-11,3349.0,156.0,0.0,135.0,3.0,658812.0,242597.0,0.0
2021-04-12,1830.0,659.0,0.0,152.0,0.0,660642.0,243256.0,0.0
2021-04-13,5780.0,2483.0,0.0,242.0,1.0,666422.0,245739.0,0.0
2021-04-14,14602.0,5137.0,0.0,483.0,1.0,681024.0,250876.0,0.0
2021-04-15,15453.0,8627.0,0.0,450.0,0.0,696477.0,259503.0,0.0
2021-04-16,21538.0,6952.0,0.0,539.0,0.0,718015.0,266455.0,0.0
2021-04-17,18016.0,2148.0,0.0,430.0,0.0,736031.0,268603.0,0.0
2021-04-18,7103.0,1040.0,0.0,235.0,1.0,743134.0,269643.0,0.0
2021-04-19,7831.0,1035.0,0.0,248.0,0.0,750965.0,270678.0,0.0
2021-04-20,12264.0,5597.0,0.0,315.0,0.0,763229.0,276275.0,0.0
2021-04-21,16951.0,12166.0,0.0,538.0,1.0,780180.0,288441.0,0.0
2021-04-22,17533.0,17576.0,0.0,706.0,0.0,797713.0,306017.0,0.0
2021-04-23,8883.0,16415.0,0.0,456.0,0.0,806596.0,322432.0,0.0
2021-04-24,5679.0,7469.0,0.0,315.0,2.0,812275.0,329901.0,0.0
2021-04-25,8793.0,2148.0,0.0,137.0,6381.0,821068.0,332049.0,0.0
2021-04-26,7473.0,2561.0,0.0,115.0,4244.0,828541.0,334610.0,0.0
2021-04-27,3694.0,6510.0,0.0,179.0,5.0,832235.0,341120.0,0.0
2021-04-28,3481.0,15350.0,0.0,327.0,18.0,835716.0,356470.0,0.0
2021-04-29,18625.0,20220.0,0.0,603.0,0.0,854341.0,376690.0,0.0
2021-04-30,19687.0,19988.0,0.0,612.0,1.0,874028.0,396678.0,0.0
2021-05-01,13766.0,9231.0,0.0,348.0,0.0,887794.0,405909.0,0.0
2021-05-02,8992.0,1970.0,0.0,223.0,0.0,896786.0,407879.0,0.0
2021-05-03,10428.0,1347.0,0.0,186.0,2.0,907214.0,409226.0,0.0
2021-05-04,12518.0,5478.0,0.0,340.0,0.0,919732.0,414704.0,0.0
2021-05-05,14998.0,14596.0,0.0,596.0,1.0,934730.0,429300.0,0.0
2021-05-06,13605.0,17319.0,0.0,549.0,5.0,948335.0,446619.0,0.0
2021-05-07,11436.0,20268.0,0.0,524.0,2102.0,959771.0,466887.0,0.0
2021-05-08,13400.0,15542.0,0.0,269.0,3708.0,973171.0,482429.0,0.0
2021-05-09,9500.0,12892.0,0.0,178.0,1597.0,982671.0,495321.0,0.0
2021-05-10,15343.0,10663.0,0.0,263.0,905.0,998014.0,505984.0,0.0
2021-05-11,12198.0,15501.0,0.0,286.0,598.0,1010212.0,521485.0,0.0
2021-05-12,13672.0,20069.0,0.0,511.0,0.0,1023884.0,541554.0,0.0
2021-05-13,13343.0,21406.0,0.0,499.0,13.0,1037227.0,562960.0,0.0
2021-05-14,20167.0,12775.0,0.0,497.0,120.0,1057394.0,575735.0,0.0
2021-05-15,23042.0,5917.0,0.0,434.0,0.0,1080436.0,581652.0,0.0
2021-05-16,23967.0,2484.0,0.0,255.0,15.0,1104403.0,584136.0,0.0
2021-05-17,20595.0,8959.0,0.0,252.0,5.0,1124998.0,593095.0,0.0
2021-05-18,19799.0,8848.0,0.0,223.0,0.0,1144797.0,601943.0,0.0
2021-05-19,18687.0,9090.0,0.0,229.0,0.0,1163484.0,611033.0,0.0
2021-05-20,18668.0,10870.0,0.0,260.0,587.0,1182152.0,621903.0,0.0
2021-05-21,17256.0,11490.0,0.0,235.0,1012.0,1199408.0,633393.0,0.0
2021-05-22,21510.0,4302.0,0.0,229.0,4854.0,1220918.0,637695.0,0.0
2021-05-23,25636.0,2567.0,0.0,254.0,2095.0,1246554.0,640262.0,0.0
2021-05-24,23919.0,9597.0,0.0,271.0,0.0,1270473.0,649859.0,0.0
2021-05-25,19284.0,14656.0,0.0,288.0,1.0,1289757.0,664515.0,0.0
2021-05-26,20136.0,15234.0,0.0,277.0,4.0,1309893.0,679749.0,0.0
2021-05-27,13299.0,14894.0,0.0,213.0,17.0,1323192.0,694643.0,0.0
2021-05-28,17439.0,12516.0,0.0,241.0,765.0,1340631.0,707159.0,0.0
2021-05-29,23212.0,8186.0,0.0,210.0,4812.0,1363843.0,715345.0,0.0
2021-05-30,21518.0,6961.0,0.0,248.0,2595.0,1385361.0,722306.0,0.0
2021-05-31,19298.0,10865.0,0.0,235.0,268.0,1404659.0,733171.0,0.0
2021-06-01,22895.0,3841.0,0.0,249.0,803.0,1427554.0,737012.0,0.0
2021-06-02,21894.0,5521.0,0.0,232.0,545.0,1449448.0,742533.0,0.0
2021-06-03,27178.0,4596.0,0.0,308.0,2870.0,1476626.0,747129.0,0.0
2021-06-04,20291.0,7829.0,0.0,270.0,1992.0,1496917.0,754958.0,0.0
2021-06-05,20563.0,7625.0,0.0,277.0,2807.0,1517480.0,762583.0,0.0
2021-06-06,22586.0,5393.0,0.0,382.0,491.0,1540066.0,767976.0,0.0
2021-06-07,30970.0,3673.0,0.0,370.0,874.0,1571036.0,771649.0,0.0
2021-06-08,31727.0,504.0,0.0,409.0,1321.0,1602763.0,772153.0,0.0
2021-06-09,33934.0,470.0,0.0,484.0,1880.0,1636697.0,772623.0,0.0
2021-06-10,25517.0,562.0,0.0,397.0,2589.0,1662214.0,773185.0,0.0
2021-06-11,24680.0,4666.0,0.0,437.0,1839.0,1686894.0,777851.0,0.0
2021-06-12,24647.0,4396.0,0.0,381.0,1928.0,1711541.0,782247.0,0.0
2021-06-13,22553.0,1664.0,0.0,416.0,158.0,1734094.0,783911.0,0.0
2021-06-14,27408.0,4115.0,0.0,341.0,190.0,1761502.0,788026.0,0.0
2021-06-15,26293.0,4585.0,0.0,387.0,176.0,1787795.0,792611.0,0.0
2021-06-16,26260.0,5199.0,0.0,372.0,917.0,1814055.0,797810.0,0.0
2021-06-17,26680.0,5573.0,0.0,405.0,1029.0,1840735.0,803383.0,0.0
2021-06-18,24943.0,5419.0,0.0,493.0,693.0,1865678.0,808802.0,0.0
2021-06-19,21348.0,4801.0,0.0,395.0,249.0,1887026.0,813603.0,0.0
2021-06-20,15372.0,9537.0,0.0,295.0,271.0,1902398.0,823140.0,0.0
2021-06-21,18070.0,12826.0,0.0,337.0,54.0,1920468.0,835966.0,0.0
2021-06-22,22362.0,8236.0,0.0,490.0,74.0,1942830.0,844202.0,0.0
2021-06-23,19738.0,11423.0,0.0,453.0,301.0,1962568.0,855625.0,0.0
2021-06-24,19225.0,9767.0,0.0,508.0,405.0,1981793.0,865392.0,0.0
2021-06-25,12036.0,21295.0,0.0,355.0,182.0,1993829.0,886687.0,0.0
2021-06-26,9918.0,24407.0,0.0,290.0,16.0,2003747.0,911094.0,0.0
2021-06-27,5882.0,27289.0,0.0,161.0,5.0,2009629.0,938383.0,0.0
2021-06-28,8368.0,29126.0,0.0,235.0,48.0,2017997.0,967509.0,0.0
2021-06-29,7912.0,28961.0,0.0,223.0,92.0,2025909.0,996470.0,0.0
2021-06-30,8414.0,29643.0,0.0,269.0,233.0,2034323.0,1026113.0,0.0
2021-07-01,10630.0,21115.0,0.0,375.0,264.0,2044953.0,1047228.0,0.0
2021-07-02,10766.0,17225.0,0.0,353.0,281.0,2055719.0,1064453.0,0.0
2021-07-03,11849.0,17196.0,0.0,436.0,15.0,2067568.0,1081649.0,0.0
2021-07-04,9322.0,21927.0,0.0,343.0,123.0,2076890.0,1103576.0,0.0
2021-07-05,10306.0,19984.0,0.0,273.0,419.0,2087196.0,1123560.0,0.0
2021-07-06,10978.0,14547.0,0.0,292.0,234.0,2098174.0,1138107.0,0.0
2021-07-07,9273.0,16157.0,0.0,245.0,214.0,2107447.0,1154264.0,0.0
2021-07-08,9220.0,11609.0,0.0,294.0,469.0,2116667.0,1165873.0,0.0
2021-07-09,7628.0,21290.0,0.0,246.0,164.0,2124295.0,1187163.0,0.0
2021-07-10,7907.0,21200.0,0.0,233.0,163.0,2132202.0,1208363.0,0.0
2021-07-11,9108.0,16861.0,0.0,238.0,436.0,2141310.0,1225224.0,0.0
2021-07-12,9615.0,18354.0,0.0,350.0,7.0,2150925.0,1243578.0,0.0
2021-07-13,7674.0,21494.0,0.0,211.0,151.0,2158599.0,1265072.0,0.0
2021-07-14,8541.0,20143.0,0.0,326.0,94.0,2167140.0,1285215.0,0.0
2021-07-15,8058.0,22942.0,0.0,293.0,280.0,2175198.0,1308157.0,0.0
2021-07-16,7678.0,19746.0,0.0,291.0,552.0,2182876.0,1327903.0,0.0
2021-07-17,8896.0,18583.0,0.0,300.0,208.0,2191772.0,1346486.0,0.0
2021-07-18,8288.0,21866.0,0.0,263.0,0.0,2200060.0,1368352.0,0.0
2021-07-19,8733.0,28977.0,0.0,350.0,29.0,2208793.0,1397329.0,0.0
2021-07-20,7927.0,29212.0,0.0,228.0,125.0,2216720.0,1426541.0,0.0
2021-07-21,7302.0,30967.0,0.0,277.0,141.0,2224022.0,1457508.0,0.0
2021-07-22,4452.0,34807.0,0.0,185.0,195.0,2228474.0,1492315.0,0.0
2021-07-23,4366.0,33963.0,0.0,176.0,87.0,2232840.0,1526278.0,0.0
2021-07-24,6812.0,31417.0,0.0,266.0,24.0,2239652.0,1557695.0,0.0
2021-07-25,7020.0,26720.0,0.0,214.0,6.0,2246672.0,1584415.0,0.0
2021-07-26,10043.0,27950.0,0.0,358.0,261.0,2256715.0,1612365.0,0.0
2021-07-27,11211.0,27158.0,0.0,408.0,181.0,2267926.0,1639523.0,0.0
2021-07-28,12063.0,26171.0,0.0,395.0,222.0,2279989.0,1665694.0,0.0
2021-07-29,12561.0,26498.0,0.0,402.0,336.0,2292550.0,1692192.0,0.0
2021-07-30,10765.0,26797.0,0.0,404.0,555.0,2303315.0,1718989.0,0.0
2021-07-31,12322.0,23050.0,0.0,517.0,288.0,2315637.0,1742039.0,0.0
2021-08-01,13746.0,15657.0,0.0,549.0,353.0,2329383.0,1757696.0,0.0
2021-08-02,13286.0,21587.0,0.0,472.0,743.0,2342669.0,1779283.0,0.0
2021-08-03,12137.0,23838.0,0.0,459.0,450.0,2354806.0,1803121.0,0.0
2021-08-04,11292.0,23114.0,0.0,495.0,423.0,2366098.0,1826235.0,0.0
2021-08-05,12070.0,22304.0,0.0,433.0,526.0,2378168.0,1848539.0,0.0
2021-08-06,15295.0,17186.0,0.0,571.0,708.0,2393463.0,1865725.0,0.0
2021-08-07,14175.0,15794.0,0.0,558.0,152.0,2407638.0,1881519.0,0.0
2021-08-08,14558.0,9944.0,0.0,582.0,130.0,2422196.0,1891463.0,0.0
2021-08-09,18411.0,9795.0,0.0,806.0,623.0,2440607.0,1901258.0,0.0
2021-08-10,16289.0,8964.0,0.0,740.0,202.0,2456896.0,1910222.0,0.0
2021-08-11,16872.0,9441.0,0.0,835.0,344.0,2473768.0,1919663.0,0.0
2021-08-12,14301.0,10919.0,0.0,705.0,399.0,2488069.0,1930582.0,0.0
2021-08-13,11345.0,11255.0,0.0,615.0,144.0,2499414.0,1941837.0,0.0
2021-08-14,10484.0,11544.0,0.0,461.0,63.0,2509898.0,1953381.0,0.0
2021-08-15,5246.0,9252.0,0.0,213.0,1.0,2515144.0,1962633.0,0.0
2021-08-16,16588.0,12718.0,0.0,783.0,135.0,2531732.0,1975351.0,0.0
2021-08-17,11538.0,14060.0,0.0,557.0,542.0,2543270.0,1989411.0,0.0
2021-08-18,12996.0,12528.0,0.0,649.0,246.0,2556266.0,2001939.0,0.0
2021-08-19,11889.0,11675.0,0.0,692.0,742.0,2568155.0,2013614.0,0.0
2021-08-20,9941.0,9807.0,0.0,533.0,139.0,2578096.0,2023421.0,0.0
2021-08-21,8148.0,9480.0,0.0,414.0,9.0,2586244.0,2032901.0,0.0
2021-08-22,7306.0,10927.0,0.0,351.0,240.0,2593550.0,2043828.0,0.0
2021-08-23,11444.0,10571.0,0.0,780.0,519.0,2604994.0,2054399.0,0.0
2021-08-24,12863.0,8332.0,0.0,911.0,291.0,2617857.0,2062731.0,0.0
2021-08-25,10685.0,9037.0,0.0,783.0,459.0,2628542.0,2071768.0,0.0
2021-08-26,9566.0,8396.0,0.0,764.0,332.0,2638108.0,2080164.0,0.0
2021-08-27,7863.0,8062.0,0.0,551.0,195.0,2645971.0,2088226.0,0.0
2021-08-28,6529.0,8986.0,0.0,485.0,105.0,2652500.0,2097212.0,0.0
2021-08-29,7775.0,8858.0,0.0,610.0,7.0,2660275.0,2106070.0,0.0
2021-08-30,13442.0,10579.0,0.0,1186.0,486.0,2673717.0,2116649.0,0.0
2021-08-31,11725.0,8846.0,0.0,791.0,261.0,2685442.0,2125495.0,0.0
2021-09-01,13780.0,9222.0,0.0,1082.0,24.0,2699222.0,2134717.0,0.0
2021-09-02,11318.0,6157.0,0.0,961.0,479.0,2710540.0,2140874.0,0.0
2021-09-03,7800.0,5955.0,0.0,742.0,27.0,2718340.0,2146829.0,0.0
2021-09-04,7813.0,8412.0,0.0,789.0,158.0,2726153.0,2155241.0,0.0
2021-09-05,6489.0,8313.0,0.0,561.0,41.0,2732642.0,2163554.0,0.0
2021-09-06,9595.0,12394.0,0.0,1063.0,162.0,2742237.0,2175948.0,0.0
2021-09-07,6836.0,11611.0,0.0,678.0,90.0,2749073.0,2187559.0,0.0
2021-09-08,7341.0,13449.0,0.0,770.0,64.0,2756414.0,2201008.0,0.0
2021-09-09,6964.0,12270.0,0.0,963.0,53.0,2763378.0,2213278.0,0.0
2021-09-10,5618.0,12090.0,0.0,654.0,13.0,2768996.0,2225368.0,0.0
2021-09-11,5472.0,13068.0,0.0,648.0,12.0,2774468.0,2238436.0,0.0
2021-09-12,4391.0,13450.0,0.0,574.0,10.0,2778859.0,2251886.0,0.0
2021-09-13,3576.0,14604.0,17.0,390.0,8.0,2782435.0,2266490.0,17.0
2021-09-14,3242.0,12701.0,14.0,362.0,6.0,2785677.0,2279191.0,31.0
2021-09-15,3802.0,12632.0,45.0,551.0,44.0,2789479.0,2291823.0,76.0
2021-09-16,4334.0,12771.0,51.0,500.0,47.0,2793813.0,2304594.0,127.0
2021-09-17,4226.0,14895.0,48.0,516.0,23.0,2798039.0,2319489.0,175.0
2021-09-18,5665.0,15919.0,55.0,712.0,3.0,2803704.0,2335408.0,230.0
2021-09-19,5490.0,15733.0,44.0,652.0,3.0,2809194.0,2351141.0,274.0
2021-09-20,3471.0,18315.0,891.0,359.0,20.0,2812665.0,2369456.0,1165.0
2021-09-21,2904.0,16565.0,986.0,274.0,1.0,2815569.0,2386021.0,2151.0
2021-09-22,4812.0,17277.0,781.0,440.0,38.0,2820381.0,2403298.0,2932.0
2021-09-23,4544.0,14494.0,1172.0,465.0,40.0,2824925.0,2417792.0,4104.0
2021-09-24,4678.0,13868.0,1085.0,506.0,11.0,2829603.0,2431660.0,5189.0
2021-09-25,5677.0,14391.0,330.0,644.0,14.0,2835280.0,2446051.0,5519.0
2021-09-26,4836.0,10048.0,341.0,550.0,7.0,2840116.0,2456099.0,5860.0
2021-09-27,4327.0,16526.0,1158.0,559.0,12.0,2844443.0,2472625.0,7018.0
2021-09-28,3960.0,12464.0,1022.0,455.0,13.0,2848403.0,2485089.0,8040.0
2021-09-29,5093.0,13943.0,1205.0,516.0,43.0,2853496.0,2499032.0,9245.0
2021-09-30,4909.0,12686.0,1112.0,554.0,20.0,2858405.0,2511718.0,10357.0
2021-10-01,2725.0,9982.0,611.0,281.0,16.0,2861130.0,2521700.0,10968.0
2021-10-02,3256.0,9610.0,235.0,373.0,9.0,2864386.0,2531310.0,11203.0
2021-10-03,2276.0,8264.0,85.0,234.0,0.0,2866662.0,2539574.0,11288.0
2021-10-04,3066.0,9565.0,1963.0,295.0,7.0,2869728.0,2549139.0,13251.0
2021-10-05,2706.0,10430.0,1615.0,286.0,5.0,2872434.0,2559569.0,14866.0
2021-10-06,3414.0,9409.0,1764.0,399.0,29.0,2875848.0,2568978.0,16630.0
2021-10-07,3575.0,8341.0,1665.0,409.0,8.0,2879423.0,2577319.0,18295.0
2021-10-08,3159.0,7750.0,1744.0,418.0,19.0,2882582.0,2585069.0,20039.0
2021-10-09,2765.0,7483.0,585.0,403.0,18.0,2885347.0,2592552.0,20624.0
2021-10-10,1310.0,6928.0,443.0,118.0,10.0,2886657.0,2599480.0,21067.0
2021-10-11,2695.0,8891.0,2361.0,255.0,5.0,2889352.0,2608371.0,23428.0
2021-10-12,3093.0,7991.0,2411.0,322.0,10.0,2892445.0,2616362.0,25839.0
2021-10-13,4151.0,10017.0,5663.0,376.0,25.0,2896596.0,2626379.0,31502.0
2021-10-14,4228.0,8409.0,6946.0,379.0,45.0,2900824.0,2634788.0,38448.0
2021-10-15,4044.0,7236.0,7368.0,389.0,12.0,2904868.0,2642024.0,45816.0
2021-10-16,3262.0,7811.0,4615.0,470.0,14.0,2908130.0,2649835.0,50431.0
2021-10-17,1544.0,6188.0,3821.0,185.0,0.0,2909674.0,2656023.0,54252.0
2021-10-18,2172.0,7068.0,6381.0,223.0,2.0,2911846.0,2663091.0,60633.0
2021-10-19,1586.0,4634.0,7807.0,207.0,15.0,2913432.0,2667725.0,68440.0
2021-10-20,2017.0,5803.0,12608.0,321.0,19.0,2915449.0,2673528.0,81048.0
2021-10-21,1921.0,5859.0,10408.0,291.0,28.0,2917370.0,2679387.0,91456.0
2021-10-22,1758.0,5137.0,9377.0,315.0,9.0,2919128.0,2684524.0,100833.0
2021-10-23,1187.0,6014.0,4726.0,229.0,23.0,2920315.0,2690538.0,105559.0
2021-10-24,802.0,4968.0,2304.0,166.0,0.0,2921117.0,2695506.0,107863.0
2021-10-25,1224.0,5438.0,5068.0,166.0,3.0,2922341.0,2700944.0,112931.0
2021-10-26,1026.0,4114.0,6245.0,186.0,3.0,2923367.0,2705058.0,119176.0
2021-10-27,1484.0,5330.0,13666.0,242.0,8.0,2924851.0,2710388.0,132842.0
2021-10-28,1425.0,5181.0,14331.0,277.0,4.0,2926276.0,2715569.0,147173.0
2021-10-29,959.0,3063.0,11786.0,142.0,0.0,2927235.0,2718632.0,158959.0
2021-10-30,930.0,3921.0,6552.0,175.0,0.0,2928165.0,2722553.0,165511.0
2021-10-31,546.0,1715.0,2433.0,93.0,0.0,2928711.0,2724268.0,167944.0
2021-11-01,372.0,1395.0,957.0,69.0,0.0,2929083.0,2725663.0,168901.0
2021-11-02,732.0,2427.0,6194.0,119.0,0.0,2929815.0,2728090.0,175095.0
2021-11-03,1146.0,3168.0,13688.0,191.0,0.0,2930961.0,2731258.0,188783.0
2021-11-04,1223.0,3431.0,14388.0,178.0,0.0,2932184.0,2734689.0,203171.0
2021-11-05,969.0,2892.0,13308.0,158.0,2.0,2933153.0,2737581.0,216479.0
2021-11-06,887.0,2727.0,6903.0,172.0,0.0,2934040.0,2740308.0,223382.0
2021-11-07,560.0,1521.0,2377.0,94.0,0.0,2934600.0,2741829.0,225759.0
2021-11-08,670.0,2777.0,6078.0,111.0,0.0,2935270.0,2744606.0,231837.0
2021-11-09,785.0,2609.0,8361.0,111.0,1.0,2936055.0,2747215.0,240198.0
2021-11-10,996.0,3826.0,16415.0,114.0,0.0,2937051.0,2751041.0,256613.0
2021-11-11,1065.0,3591.0,15446.0,123.0,0.0,2938116.0,2754632.0,272059.0
2021-11-12,1025.0,4805.0,12667.0,117.0,0.0,2939141.0,2759437.0,284726.0
2021-11-13,850.0,2666.0,6712.0,124.0,0.0,2939991.0,2762103.0,291438.0
2021-11-14,302.0,1249.0,3295.0,38.0,0.0,2940293.0,2763352.0,294733.0
2021-11-15,845.0,1881.0,7772.0,80.0,0.0,2941138.0,2765233.0,302505.0
2021-11-16,600.0,1344.0,8398.0,58.0,0.0,2941738.0,2766577.0,310903.0
2021-11-17,1239.0,1815.0,15048.0,124.0,0.0,2942977.0,2768392.0,325951.0
2021-11-18,1214.0,1811.0,16018.0,93.0,1.0,2944191.0,2770203.0,341969.0
2021-11-19,951.0,1533.0,13765.0,109.0,1.0,2945142.0,2771736.0,355734.0
2021-11-20,659.0,1221.0,6827.0,68.0,0.0,2945801.0,2772957.0,362561.0
2021-11-21,505.0,637.0,2380.0,59.0,0.0,2946306.0,2773594.0,364941.0
2021-11-22,699.0,1128.0,9976.0,50.0,1.0,2947005.0,2774722.0,374917.0
2021-11-23,794.0,1110.0,11380.0,65.0,0.0,2947799.0,2775832.0,386297.0
2021-11-24,1367.0,2779.0,18446.0,100.0,0.0,2949166.0,2778611.0,404743.0
2021-11-25,1372.0,1636.0,21662.0,98.0,4.0,2950538.0,2780247.0,426405.0
2021-11-26,1338.0,1254.0,21240.0,99.0,0.0,2951876.0,2781501.0,447645.0
2021-11-27,1241.0,984.0,14901.0,95.0,0.0,2953117.0,2782485.0,462546.0
2021-11-28,1102.0,783.0,9949.0,86.0,0.0,2954219.0,2783268.0,472495.0
2021-11-29,1266.0,947.0,18284.0,105.0,0.0,2955485.0,2784215.0,490779.0
2021-11-30,1147.0,1060.0,21709.0,92.0,0.0,2956632.0,2785275.0,512488.0
2021-12-01,1459.0,1270.0,28628.0,123.0,0.0,2958091.0,2786545.0,541116.0
2021-12-02,1670.0,1402.0,30220.0,206.0,0.0,2959761.0,2787947.0,571336.0
2021-12-03,1732.0,1281.0,27423.0,186.0,1.0,2961493.0,2789228.0,598759.0
2021-12-04,1264.0,1009.0,17992.0,145.0,0.0,2962757.0,2790237.0,616751.0
2021-12-05,1369.0,662.0,14557.0,167.0,0.0,2964126.0,2790899.0,631308.0
2021-12-06,1515.0,834.0,19181.0,162.0,1.0,2965641.0,2791733.0,650489.0
2021-12-07,1594.0,967.0,23327.0,162.0,0.0,2967235.0,2792700.0,673816.0
2021-12-08,1676.0,655.0,13522.0,200.0,0.0,2968911.0,2793355.0,687338.0
2021-12-09,2156.0,1676.0,31882.0,249.0,2.0,2971067.0,2795031.0,719220.0
2021-12-10,1535.0,1395.0,29122.0,209.0,0.0,2972602.0,2796426.0,748342.0
2021-12-11,1217.0,1091.0,19253.0,160.0,0.0,2973819.0,2797517.0,767595.0
2021-12-12,877.0,524.0,16501.0,126.0,0.0,2974696.0,2798041.0,784096.0
2021-12-13,1039.0,1133.0,23238.0,150.0,1.0,2975735.0,2799174.0,807334.0
2021-12-14,1477.0,1021.0,25862.0,194.0,0.0,2977212.0,2800195.0,833196.0
2021-12-15,1884.0,1587.0,33914.0,280.0,0.0,2979096.0,2801782.0,867110.0
2021-12-16,2416.0,1450.0,34695.0,327.0,1.0,2981512.0,2803232.0,901805.0
2021-12-17,2089.0,1302.0,29970.0,232.0,0.0,2983601.0,2804534.0,931775.0
2021-12-18,2150.0,1032.0,20561.0,220.0,0.0,2985751.0,2805566.0,952336.0
2021-12-19,1134.0,689.0,16268.0,120.0,0.0,2986885.0,2806255.0,968604.0
2021-12-20,2162.0,1065.0,22234.0,230.0,0.0,2989047.0,2807320.0,990838.0
2021-12-21,2069.0,1242.0,25268.0,224.0,0.0,2991116.0,2808562.0,1016106.0
2021-12-22,2543.0,1722.0,34388.0,274.0,1.0,2993659.0,2810284.0,1050494.0
2021-12-23,2080.0,1671.0,29423.0,247.0,0.0,2995739.0,2811955.0,1079917.0
2021-12-24,773.0,917.0,9338.0,79.0,0.0,2996512.0,2812872.0,1089255.0
2021-12-25,288.0,438.0,4620.0,35.0,0.0,2996800.0,2813310.0,1093875.0
2021-12-26,518.0,889.0,9076.0,70.0,0.0,2997318.0,2814199.0,1102951.0
2021-12-27,2536.0,1743.0,24518.0,332.0,0.0,2999854.0,2815942.0,1127469.0
2021-12-28,2753.0,1560.0,28580.0,313.0,0.0,3002607.0,2817502.0,1156049.0
2021-12-29,2835.0,1506.0,35589.0,393.0,0.0,3005442.0,2819008.0,1191638.0
2021-12-30,2457.0,1762.0,32321.0,337.0,0.0,3007899.0,2820770.0,1223959.0
2021-12-31,1108.0,934.0,10825.0,157.0,0.0,3009007.0,2821704.0,1234784.0
2022-01-01,544.0,599.0,7288.0,75.0,0.0,3009551.0,2822303.0,1242072.0
2022-01-02,1738.0,1640.0,18216.0,215.0,0.0,3011289.0,2823943.0,1260288.0
2022-01-03,3206.0,1832.0,24478.0,467.0,0.0,3014495.0,2825775.0,1284766.0
2022-01-04,3456.0,1970.0,30111.0,480.0,0.0,3017951.0,2827745.0,1314877.0
2022-01-05,2698.0,2427.0,32088.0,412.0,0.0,3020649.0,2830172.0,1346965.0
2022-01-06,922.0,1574.0,9654.0,178.0,0.0,3021571.0,2831746.0,1356619.0
2022-01-07,3170.0,3190.0,30976.0,535.0,0.0,3024741.0,2834936.0,1387595.0
2022-01-08,3565.0,2646.0,23342.0,419.0,0.0,3028306.0,2837582.0,1410937.0
2022-01-09,2814.0,1684.0,17583.0,425.0,0.0,3031120.0,2839266.0,1428520.0
2022-01-10,2814.0,2801.0,28992.0,321.0,0.0,3033934.0,2842067.0,1457512.0
2022-01-11,3474.0,3029.0,32807.0,480.0,0.0,3037408.0,2845096.0,1490319.0
2022-01-12,3596.0,3680.0,39715.0,451.0,0.0,3041004.0,2848776.0,1530034.0
2022-01-13,4252.0,3325.0,40586.0,489.0,0.0,3045256.0,2852101.0,1570620.0
2022-01-14,3662.0,2161.0,36276.0,442.0,0.0,3048918.0,2854262.0,1606896.0
2022-01-15,4241.0,1787.0,27708.0,413.0,0.0,3053159.0,2856049.0,1634604.0
2022-01-16,3142.0,1302.0,20230.0,278.0,0.0,3056301.0,2857351.0,1654834.0
2022-01-17,2924.0,3031.0,30411.0,332.0,0.0,3059225.0,2860382.0,1685245.0
2022-01-18,2863.0,3125.0,33109.0,373.0,0.0,3062088.0,2863507.0,1718354.0
2022-01-19,3173.0,3336.0,39052.0,408.0,0.0,3065261.0,2866843.0,1757406.0
2022-01-20,3246.0,3042.0,38005.0,368.0,0.0,3068507.0,2869885.0,1795411.0
2022-01-21,3141.0,2058.0,33851.0,374.0,0.0,3071648.0,2871943.0,1829262.0
2022-01-22,4395.0,1358.0,24522.0,366.0,0.0,3076043.0,2873301.0,1853784.0
2022-01-23,2670.0,2105.0,15199.0,261.0,0.0,3078713.0,2875406.0,1868983.0
2022-01-24,1943.0,3156.0,25750.0,242.0,0.0,3080656.0,2878562.0,1894733.0
2022-01-25,2077.0,3235.0,26630.0,234.0,0.0,3082733.0,2881797.0,1921363.0
2022-01-26,2514.0,3107.0,30165.0,265.0,0.0,3085247.0,2884904.0,1951528.0
2022-01-27,2758.0,2151.0,30148.0,309.0,0.0,3088005.0,2887055.0,1981676.0
2022-01-28,2258.0,2630.0,27987.0,239.0,0.0,3090263.0,2889685.0,2009663.0
2022-01-29,3391.0,3281.0,20539.0,259.0,0.0,3093654.0,2892966.0,2030202.0
2022-01-30,2354.0,2844.0,13238.0,149.0,0.0,3096008.0,2895810.0,2043440.0
2022-01-31,2253.0,3082.0,22816.0,262.0,0.0,3098261.0,2898892.0,2066256.0
2022-02-01,2038.0,3337.0,21175.0,279.0,0.0,3100299.0,2902229.0,2087431.0
2022-02-02,2058.0,3626.0,21506.0,306.0,0.0,3102357.0,2905855.0,2108937.0
2022-02-03,1900.0,4183.0,20226.0,273.0,0.0,3104257.0,2910038.0,2129163.0
2022-02-04,2052.0,4459.0,18971.0,252.0,0.0,3106309.0,2914497.0,2148134.0
2022-02-05,2166.0,4876.0,16883.0,228.0,0.0,3108475.0,2919373.0,2165017.0
2022-02-06,1596.0,4049.0,11144.0,165.0,0.0,3110071.0,2923422.0,2176161.0
2022-02-07,929.0,3685.0,13983.0,147.0,0.0,3111000.0,2927107.0,2190144.0
2022-02-08,934.0,3366.0,12515.0,125.0,0.0,3111934.0,2930473.0,2202659.0
2022-02-09,1024.0,3760.0,13207.0,177.0,0.0,3112958.0,2934233.0,2215866.0
2022-02-10,1051.0,3580.0,11933.0,158.0,0.0,3114009.0,2937813.0,2227799.0
2022-02-11,853.0,3358.0,11354.0,132.0,0.0,3114862.0,2941171.0,2239153.0
2022-02-12,1026.0,4572.0,10757.0,107.0,0.0,3115888.0,2945743.0,2249910.0
2022-02-13,491.0,2882.0,6807.0,71.0,0.0,3116379.0,2948625.0,2256717.0
2022-02-14,394.0,2188.0,7295.0,84.0,0.0,3116773.0,2950813.0,2264012.0
2022-02-15,553.0,2327.0,7047.0,104.0,0.0,3117326.0,2953140.0,2271059.0
2022-02-16,605.0,2819.0,8990.0,94.0,0.0,3117931.0,2955959.0,2280049.0
2022-02-17,530.0,2896.0,7936.0,96.0,0.0,3118461.0,2958855.0,2287985.0
2022-02-18,562.0,2625.0,9577.0,92.0,0.0,3119023.0,2961480.0,2297562.0
2022-02-19,561.0,3568.0,7946.0,83.0,0.0,3119584.0,2965048.0,2305508.0
2022-02-20,275.0,2404.0,5559.0,41.0,0.0,3119859.0,2967452.0,2311067.0
2022-02-21,302.0,2200.0,6024.0,66.0,0.0,3120161.0,2969652.0,2317091.0
2022-02-22,332.0,1994.0,4553.0,67.0,0.0,3120493.0,2971646.0,2321644.0
2022-02-23,368.0,2295.0,6201.0,86.0,0.0,3120861.0,2973941.0,2327845.0
2022-02-24,358.0,2153.0,6410.0,73.0,0.0,3121219.0,2976094.0,2334255.0
2022-02-25,341.0,2390.0,7480.0,72.0,0.0,3121560.0,2978484.0,2341735.0
2022-02-26,287.0,2306.0,6532.0,78.0,0.0,3121847.0,2980790.0,2348267.0
2022-02-27,267.0,1893.0,4693.0,52.0,0.0,3122114.0,2982683.0,2352960.0
2022-02-28,141.0,990.0,3281.0,34.0,0.0,3122255.0,2983673.0,2356241.0
2022-03-01,173.0,1106.0,2907.0,32.0,0.0,3122428.0,2984779.0,2359148.0
2022-03-02,275.0,1364.0,3755.0,39.0,0.0,3122703.0,2986143.0,2362903.0
2022-03-03,366.0,1207.0,4178.0,73.0,0.0,3123069.0,2987350.0,2367081.0
2022-03-04,287.0,959.0,3254.0,40.0,0.0,3123356.0,2988309.0,2370335.0
2022-03-05,246.0,1257.0,3537.0,45.0,0.0,3123602.0,2989566.0,2373872.0
2022-03-06,70.0,323.0,462.0,16.0,0.0,3123672.0,2989889.0,2374334.0
2022-03-07,312.0,787.0,3686.0,51.0,0.0,3123984.0,2990676.0,2378020.0
2022-03-08,236.0,781.0,3476.0,43.0,0.0,3124220.0,2991457.0,2381496.0
2022-03-09,266.0,824.0,3812.0,31.0,0.0,3124486.0,2992281.0,2385308.0
2022-03-10,216.0,753.0,4216.0,47.0,0.0,3124702.0,2993034.0,2389524.0
2022-03-11,217.0,753.0,3987.0,32.0,0.0,3124919.0,2993787.0,2393511.0
2022-03-12,188.0,786.0,3967.0,41.0,0.0,3125107.0,2994573.0,2397478.0
2022-03-13,27.0,163.0,625.0,2.0,0.0,3125134.0,2994736.0,2398103.0
2022-03-14,215.0,496.0,2969.0,29.0,0.0,3125349.0,2995232.0,2401072.0
2022-03-15,208.0,545.0,3815.0,35.0,0.0,3125557.0,2995777.0,2404887.0
2022-03-16,150.0,571.0,3356.0,23.0,0.0,3125707.0,2996348.0,2408243.0
2022-03-17,137.0,489.0,3571.0,26.0,0.0,3125844.0,2996837.0,2411814.0
2022-03-18,192.0,512.0,4080.0,14.0,0.0,3126036.0,2997349.0,2415894.0
2022-03-19,189.0,513.0,3553.0,29.0,0.0,3126225.0,2997862.0,2419447.0
2022-03-20,13.0,108.0,204.0,3.0,0.0,3126238.0,2997970.0,2419651.0
2022-03-21,149.0,374.0,3414.0,19.0,0.0,3126387.0,2998344.0,2423065.0
2022-03-22,162.0,390.0,4123.0,18.0,0.0,3126549.0,2998734.0,2427188.0
2022-03-23,125.0,419.0,3446.0,30.0,0.0,3126674.0,2999153.0,2430634.0
2022-03-24,123.0,511.0,3750.0,21.0,0.0,3126797.0,2999664.0,2434384.0
2022-03-25,165.0,505.0,4252.0,19.0,0.0,3126962.0,3000169.0,2438636.0
2022-03-26,147.0,473.0,3869.0,37.0,0.0,3127109.0,3000642.0,2442505.0
2022-03-27,19.0,50.0,34.0,3.0,0.0,3127128.0,3000692.0,2442539.0
2022-03-28,101.0,400.0,3045.0,14.0,0.0,3127229.0,3001092.0,2445584.0
2022-03-29,103.0,418.0,2870.0,17.0,0.0,3127332.0,3001510.0,2448454.0
2022-03-30,119.0,398.0,2779.0,17.0,0.0,3127451.0,3001908.0,2451233.0
2022-03-31,115.0,325.0,2641.0,14.0,0.0,3127566.0,3002233.0,2453874.0
2022-04-01,60.0,206.0,1827.0,9.0,0.0,3127626.0,3002439.0,2455701.0
2022-04-02,67.0,173.0,1469.0,16.0,0.0,3127693.0,3002612.0,2457170.0
2022-04-03,0.0,0.0,0.0,0.0,0.0,3127693.0,3002612.0,2457170.0
2022-04-04,78.0,227.0,2033.0,8.0,0.0,3127771.0,3002839.0,2459203.0
2022-04-05,79.0,245.0,2098.0,23.0,0.0,3127850.0,3003084.0,2461301.0
2022-04-06,91.0,278.0,2679.0,19.0,0.0,3127941.0,3003362.0,2463980.0
2022-04-07,84.0,236.0,2692.0,15.0,0.0,3128025.0,3003598.0,2466672.0
2022-04-08,76.0,247.0,2663.0,20.0,0.0,3128101.0,3003845.0,2469335.0
2022-04-09,63.0,229.0,1375.0,35.0,0.0,3128164.0,3004074.0,2470710.0
2022-04-10,0.0,0.0,6.0,0.0,0.0,3128164.0,3004074.0,2470716.0
2022-04-11,57.0,230.0,2066.0,27.0,0.0,3128221.0,3004304.0,2472782.0
2022-04-12,54.0,172.0,1754.0,18.0,0.0,3128275.0,3004476.0,2474536.0
2022-04-13,79.0,208.0,2261.0,17.0,0.0,3128354.0,3004684.0,2476797.0
2022-04-14,80.0,214.0,2400.0,16.0,0.0,3128434.0,3004898.0,2479197.0
2022-04-15,62.0,181.0,1884.0,24.0,0.0,3128496.0,3005079.0,2481081.0
2022-04-16,42.0,131.0,659.0,37.0,0.0,3128538.0,3005210.0,2481740.0
2022-04-17,42.0,131.0,659.0,37.0,0.0,3128580.0,3005341.0,2482399.0
2022-04-18,42.0,131.0,659.0,37.0,0.0,3128622.0,3005472.0,2483058.0
2022-04-19,70.0,188.0,1996.0,33.0,0.0,3128692.0,3005660.0,2485054.0
2022-04-20,63.0,165.0,1539.0,34.0,0.0,3128755.0,3005825.0,2486593.0
2022-04-21,63.0,194.0,1945.0,7.0,0.0,3128818.0,3006019.0,2488538.0
2022-04-22,65.0,162.0,1825.0,32.0,0.0,3128883.0,3006181.0,2490363.0
2022-04-23,33.0,98.0,967.0,18.0,0.0,3128916.0,3006279.0,2491330.0
2022-04-24,2.0,3.0,56.0,0.0,0.0,3128918.0,3006282.0,2491386.0
2022-04-25,0.0,2.0,47.0,0.0,0.0,3128918.0,3006284.0,2491433.0
2022-04-26,83.0,169.0,1658.0,42.0,0.0,3129001.0,3006453.0,2493091.0
2022-04-27,60.0,129.0,1434.0,23.0,0.0,3129061.0,3006582.0,2494525.0
2022-04-28,55.0,163.0,1666.0,22.0,0.0,3129116.0,3006745.0,2496191.0
2022-04-29,70.0,130.0,1594.0,56.0,0.0,3129186.0,3006875.0,2497785.0
2022-04-30,35.0,69.0,650.0,48.0,0.0,3129221.0,3006944.0,2498435.0
2022-05-01,35.0,69.0,650.0,48.0,0.0,3129256.0,3007013.0,2499085.0
2022-05-02,28.0,70.0,716.0,10.0,0.0,3129284.0,3007083.0,2499801.0
2022-05-03,37.0,80.0,890.0,22.0,0.0,3129321.0,3007163.0,2500691.0
2022-05-04,47.0,97.0,967.0,19.0,0.0,3129368.0,3007260.0,2501658.0
2022-05-05,59.0,120.0,1104.0,14.0,0.0,3129427.0,3007380.0,2502762.0
2022-05-06,52.0,91.0,817.0,54.0,0.0,3129479.0,3007471.0,2503579.0
2022-05-07,34.0,42.0,373.0,31.0,0.0,3129513.0,3007513.0,2503952.0
2022-05-08,0.0,2.0,4.0,0.0,0.0,3129513.0,3007515.0,2503956.0
2022-05-09,17.0,41.0,636.0,10.0,0.0,3129530.0,3007556.0,2504592.0
2022-05-10,34.0,87.0,765.0,31.0,0.0,3129564.0,3007643.0,2505357.0
2022-05-11,38.0,58.0,1103.0,15.0,0.0,3129602.0,3007701.0,2506460.0
2022-05-12,55.0,99.0,1186.0,29.0,0.0,3129657.0,3007800.0,2507646.0
2022-05-13,53.0,81.0,951.0,42.0,0.0,3129710.0,3007881.0,2508597.0
2022-05-14,30.0,39.0,432.0,53.0,0.0,3129740.0,3007920.0,2509029.0
2022-05-15,0.0,0.0,3.0,0.0,0.0,3129740.0,3007920.0,2509032.0
2022-05-16,29.0,33.0,548.0,12.0,0.0,3129769.0,3007953.0,2509580.0
2022-05-17,17.0,88.0,531.0,20.0,0.0,3129786.0,3008041.0,2510111.0
2022-05-18,40.0,74.0,876.0,14.0,0.0,3129826.0,3008115.0,2510987.0
2022-05-19,46.0,71.0,910.0,27.0,0.0,3129872.0,3008186.0,2511897.0
2022-05-20,41.0,89.0,647.0,46.0,0.0,3129913.0,3008275.0,2512544.0
2022-05-21,27.0,55.0,470.0,41.0,0.0,3129940.0,3008330.0,2513014.0
2022-05-22,0.0,0.0,3.0,0.0,0.0,3129940.0,3008330.0,2513017.0
2022-05-23,18.0,32.0,587.0,3.0,0.0,3129958.0,3008362.0,2513604.0
2022-05-24,24.0,40.0,662.0,21.0,0.0,3129982.0,3008402.0,2514266.0
2022-05-25,30.0,67.0,962.0,14.0,0.0,3130012.0,3008469.0,2515228.0
2022-05-26,40.0,74.0,1107.0,40.0,0.0,3130052.0,3008543.0,2516335.0
2022-05-27,28.0,63.0,804.0,35.0,0.0,3130080.0,3008606.0,2517139.0
2022-05-28,22.0,66.0,488.0,40.0,0.0,3130102.0,3008672.0,2517627.0
2022-05-29,0.0,0.0,6.0,0.0,0.0,3130102.0,3008672.0,2517633.0
2022-05-30,22.0,44.0,524.0,11.0,0.0,3130124.0,3008716.0,2518157.0
2022-05-31,17.0,62.0,721.0,30.0,0.0,3130141.0,3008778.0,2518878.0
2022-06-01,18.0,27.0,491.0,7.0,0.0,3130159.0,3008805.0,2519369.0
2022-06-02,0.0,0.0,8.0,0.0,0.0,3130159.0,3008805.0,2519377.0
2022-06-03,18.0,24.0,576.0,10.0,0.0,3130177.0,3008829.0,2519953.0
2022-06-04,10.0,49.0,274.0,31.0,0.0,3130187.0,3008878.0,2520227.0
2022-06-05,10.0,49.0,274.0,31.0,0.0,3130197.0,3008927.0,2520501.0
2022-06-06,18.0,33.0,519.0,15.0,0.0,3130215.0,3008960.0,2521020.0
2022-06-07,12.0,54.0,644.0,7.0,0.0,3130227.0,3009014.0,2521664.0
2022-06-08,17.0,43.0,719.0,9.0,0.0,3130244.0,3009057.0,2522383.0
2022-06-09,28.0,58.0,832.0,31.0,0.0,3130272.0,3009115.0,2523215.0
2022-06-10,25.0,46.0,663.0,13.0,0.0,3130297.0,3009161.0,2523878.0
2022-06-11,32.0,42.0,544.0,33.0,0.0,3130329.0,3009203.0,2524422.0
2022-06-12,32.0,42.0,544.0,33.0,0.0,3130361.0,3009245.0,2524966.0
2022-06-13,14.0,37.0,417.0,5.0,0.0,3130375.0,3009282.0,2525383.0
2022-06-14,30.0,45.0,525.0,25.0,0.0,3130405.0,3009327.0,2525908.0
2022-06-15,13.0,42.0,762.0,21.0,0.0,3130418.0,3009369.0,2526670.0
2022-06-16,17.0,41.0,622.0,15.0,0.0,3130435.0,3009410.0,2527292.0
2022-06-17,21.0,51.0,506.0,33.0,0.0,3130456.0,3009461.0,2527798.0
2022-06-18,10.0,47.0,461.0,30.0,0.0,3130466.0,3009508.0,2528259.0
2022-06-19,0.0,0.0,0.0,0.0,0.0,3130466.0,3009508.0,2528259.0
2022-06-20,19.0,32.0,424.0,18.0,0.0,3130485.0,3009540.0,2528683.0
2022-06-21,28.0,52.0,760.0,16.0,0.0,3130513.0,3009592.0,2529443.0
2022-06-22,12.0,40.0,727.0,15.0,0.0,3130525.0,3009632.0,2530170.0
2022-06-23,31.0,56.0,667.0,25.0,0.0,3130556.0,3009688.0,2530837.0
2022-06-24,15.0,27.0,494.0,14.0,0.0,3130571.0,3009715.0,2531331.0
2022-06-25,25.0,41.0,615.0,38.0,0.0,3130596.0,3009756.0,2531946.0
2022-06-26,0.0,0.0,2.0,0.0,0.0,3130596.0,3009756.0,2531948.0
2022-06-27,14.0,18.0,487.0,7.0,0.0,3130610.0,3009774.0,2532435.0
2022-06-28,15.0,34.0,712.0,9.0,0.0,3130625.0,3009808.0,2533147.0
2022-06-29,18.0,37.0,793.0,18.0,0.0,3130643.0,3009845.0,2533940.0
2022-06-30,47.0,40.0,814.0,37.0,0.0,3130690.0,3009885.0,2534754.0
2022-07-01,8.0,40.0,434.0,9.0,0.0,3130698.0,3009925.0,2535188.0
2022-07-02,24.0,46.0,398.0,12.0,0.0,3130722.0,3009971.0,2535586.0
2022-07-03,0.0,0.0,1.0,0.0,0.0,3130722.0,3009971.0,2535587.0
2022-07-04,13.0,21.0,408.0,1.0,0.0,3130735.0,3009992.0,2535995.0
2022-07-05,34.0,36.0,812.0,18.0,0.0,3130769.0,3010028.0,2536807.0
2022-07-06,25.0,34.0,716.0,15.0,0.0,3130794.0,3010062.0,2537523.0
2022-07-07,29.0,42.0,920.0,18.0,0.0,3130823.0,3010104.0,2538443.0
2022-07-08,31.0,43.0,591.0,16.0,0.0,3130854.0,3010147.0,2539034.0
2022-07-09,37.0,38.0,614.0,17.0,0.0,3130891.0,3010185.0,2539648.0
2022-07-10,0.0,0.0,3.0,0.0,0.0,3130891.0,3010185.0,2539651.0
2022-07-11,21.0,24.0,521.0,5.0,0.0,3130912.0,3010209.0,2540172.0
2022-07-12,44.0,64.0,908.0,15.0,0.0,3130956.0,3010273.0,2541080.0
2022-07-13,25.0,24.0,807.0,6.0,0.0,3130981.0,3010297.0,2541887.0
2022-07-14,47.0,47.0,1093.0,16.0,0.0,3131028.0,3010344.0,2542980.0
2022-07-15,37.0,44.0,732.0,17.0,0.0,3131065.0,3010388.0,2543712.0
2022-07-16,43.0,46.0,639.0,16.0,0.0,3131108.0,3010434.0,2544351.0
2022-07-17,0.0,0.0,3.0,0.0,0.0,3131108.0,3010434.0,2544354.0
2022-07-18,32.0,27.0,836.0,3.0,0.0,3131140.0,3010461.0,2545190.0
2022-07-19,51.0,41.0,1213.0,6.0,0.0,3131191.0,3010502.0,2546403.0
2022-07-20,40.0,41.0,1547.0,4.0,0.0,3131231.0,3010543.0,2547950.0
2022-07-21,62.0,58.0,1701.0,8.0,0.0,3131293.0,3010601.0,2549651.0
2022-07-22,45.0,33.0,1314.0,5.0,0.0,3131338.0,3010634.0,2550965.0
2022-07-23,34.0,47.0,685.0,8.0,0.0,3131372.0,3010681.0,2551650.0
2022-07-24,3.0,2.0,69.0,0.0,0.0,3131375.0,3010683.0,2551719.0
2022-07-25,48.0,22.0,991.0,3.0,0.0,3131423.0,3010705.0,2552710.0
2022-07-26,57.0,57.0,1237.0,8.0,0.0,3131480.0,3010762.0,2553947.0
2022-07-27,61.0,43.0,1631.0,2.0,0.0,3131541.0,3010805.0,2555578.0
2022-07-28,83.0,46.0,1643.0,9.0,0.0,3131624.0,3010851.0,2557221.0
2022-07-29,49.0,38.0,1074.0,8.0,0.0,3131673.0,3010889.0,2558295.0
2022-07-30,45.0,38.0,631.0,7.0,0.0,3131718.0,3010927.0,2558926.0
2022-07-31,4.0,1.0,65.0,0.0,0.0,3131722.0,3010928.0,2558991.0
2022-08-01,22.0,31.0,804.0,0.0,0.0,3131744.0,3010959.0,2559795.0
2022-08-02,28.0,41.0,866.0,0.0,0.0,3131772.0,3011000.0,2560661.0
2022-08-03,45.0,25.0,1042.0,1.0,0.0,3131817.0,3011025.0,2561703.0
2022-08-04,45.0,42.0,1016.0,1.0,0.0,3131862.0,3011067.0,2562719.0
2022-08-05,34.0,30.0,694.0,0.0,0.0,3131896.0,3011097.0,2563413.0
2022-08-06,21.0,25.0,302.0,0.0,0.0,3131917.0,3011122.0,2563715.0
2022-08-07,0.0,0.0,13.0,0.0,0.0,3131917.0,3011122.0,2563728.0
2022-08-08,35.0,29.0,500.0,0.0,0.0,3131952.0,3011151.0,2564228.0
2022-08-09,29.0,30.0,479.0,1.0,0.0,3131981.0,3011181.0,2564707.0
2022-08-10,43.0,17.0,556.0,2.0,0.0,3132024.0,3011198.0,2565263.0
2022-08-11,38.0,40.0,524.0,2.0,0.0,3132062.0,3011238.0,2565787.0
2022-08-12,21.0,26.0,333.0,2.0,0.0,3132083.0,3011264.0,2566120.0
2022-08-13,15.0,13.0,121.0,0.0,0.0,3132098.0,3011277.0,2566241.0
2022-08-14,15.0,13.0,121.0,0.0,0.0,3132113.0,3011290.0,2566362.0
2022-08-15,0.0,0.0,3.0,0.0,0.0,3132113.0,3011290.0,2566365.0
2022-08-16,23.0,35.0,275.0,0.0,0.0,3132136.0,3011325.0,2566640.0
2022-08-17,25.0,20.0,330.0,0.0,0.0,3132161.0,3011345.0,2566970.0
2022-08-18,36.0,30.0,479.0,0.0,0.0,3132197.0,3011375.0,2567449.0
2022-08-19,29.0,40.0,357.0,0.0,0.0,3132226.0,3011415.0,2567806.0
2022-08-20,15.0,28.0,158.0,1.0,0.0,3132241.0,3011443.0,2567964.0
2022-08-21,15.0,28.0,158.0,1.0,0.0,3132256.0,3011471.0,2568122.0
2022-08-22,25.0,27.0,223.0,0.0,0.0,3132281.0,3011498.0,2568345.0
2022-08-23,30.0,17.0,244.0,1.0,0.0,3132311.0,3011515.0,2568589.0
2022-08-24,35.0,26.0,297.0,0.0,0.0,3132346.0,3011541.0,2568886.0
2022-08-25,32.0,20.0,326.0,1.0,0.0,3132378.0,3011561.0,2569212.0
2022-08-26,24.0,21.0,224.0,1.0,0.0,3132402.0,3011582.0,2569436.0
2022-08-27,22.0,16.0,89.0,1.0,0.0,3132424.0,3011598.0,2569525.0
2022-08-28,22.0,16.0,89.0,1.0,0.0,3132446.0,3011614.0,2569614.0
2022-08-29,20.0,36.0,261.0,2.0,0.0,3132466.0,3011650.0,2569875.0
2022-08-30,36.0,18.0,315.0,1.0,0.0,3132502.0,3011668.0,2570190.0
2022-08-31,48.0,41.0,388.0,4.0,0.0,3132550.0,3011709.0,2570578.0
2022-09-01,40.0,29.0,304.0,2.0,0.0,3132590.0,3011738.0,2570882.0
2022-09-02,28.0,20.0,193.0,0.0,0.0,3132618.0,3011758.0,2571075.0
2022-09-03,24.0,14.0,117.0,0.0,0.0,3132642.0,3011772.0,2571192.0
2022-09-04,24.0,14.0,117.0,0.0,0.0,3132666.0,3011786.0,2571309.0
2022-09-05,15.0,9.0,215.0,1.0,0.0,3132681.0,3011795.0,2571524.0
2022-09-06,16.0,15.0,167.0,1.0,0.0,3132697.0,3011810.0,2571691.0
2022-09-07,25.0,23.0,304.0,0.0,0.0,3132722.0,3011833.0,2571995.0
2022-09-08,15.0,23.0,305.0,1.0,0.0,3132737.0,3011856.0,2572300.0
2022-09-09,53.0,34.0,220.0,3.0,0.0,3132790.0,3011890.0,2572520.0
2022-09-10,20.0,22.0,105.0,0.0,0.0,3132810.0,3011912.0,2572625.0
2022-09-11,20.0,22.0,105.0,0.0,0.0,3132830.0,3011934.0,2572730.0
2022-09-12,27.0,27.0,200.0,3.0,0.0,3132857.0,3011961.0,2572930.0
2022-09-13,25.0,10.0,105.0,0.0,0.0,3132882.0,3011971.0,2573035.0
2022-09-14,15.0,24.0,210.0,1.0,0.0,3132897.0,3011995.0,2573245.0
2022-09-15,8.0,17.0,248.0,1.0,0.0,3132905.0,3012012.0,2573493.0
2022-09-16,20.0,25.0,166.0,0.0,0.0,3132925.0,3012037.0,2573659.0
2022-09-17,29.0,25.0,121.0,1.0,0.0,3132954.0,3012062.0,2573780.0
2022-09-18,29.0,25.0,121.0,1.0,0.0,3132983.0,3012087.0,2573901.0
2022-09-19,28.0,13.0,195.0,0.0,0.0,3133011.0,3012100.0,2574096.0
2022-09-20,28.0,22.0,163.0,1.0,0.0,3133039.0,3012122.0,2574259.0
2022-09-21,27.0,43.0,344.0,2.0,0.0,3133066.0,3012165.0,2574603.0
2022-09-22,19.0,22.0,306.0,1.0,0.0,3133085.0,3012187.0,2574909.0
2022-09-23,7.0,21.0,250.0,0.0,0.0,3133092.0,3012208.0,2575159.0
2022-09-24,24.0,26.0,166.0,0.0,0.0,3133116.0,3012234.0,2575325.0
2022-09-25,0.0,0.0,0.0,0.0,0.0,3133116.0,3012234.0,2575325.0
2022-09-26,26.0,19.0,301.0,1.0,0.0,3133142.0,3012253.0,2575626.0
2022-09-27,21.0,17.0,209.0,0.0,0.0,3133163.0,3012270.0,2575835.0
2022-09-28,25.0,24.0,485.0,0.0,0.0,3133188.0,3012294.0,2576320.0
2022-09-29,18.0,15.0,436.0,0.0,0.0,3133206.0,3012309.0,2576756.0
2022-09-30,21.0,40.0,389.0,2.0,0.0,3133227.0,3012349.0,2577145.0
2022-10-01,7.0,14.0,182.0,0.0,0.0,3133234.0,3012363.0,2577327.0
2022-10-02,7.0,14.0,182.0,0.0,0.0,3133241.0,3012377.0,2577509.0
2022-10-03,18.0,13.0,249.0,0.0,0.0,3133259.0,3012390.0,2577758.0
2022-10-04,17.0,15.0,200.0,0.0,0.0,3133276.0,3012405.0,2577958.0
2022-10-05,23.0,16.0,486.0,1.0,0.0,3133299.0,3012421.0,2578444.0
2022-10-06,17.0,13.0,648.0,0.0,0.0,3133316.0,3012434.0,2579092.0
2022-10-07,15.0,18.0,375.0,0.0,0.0,3133331.0,3012452.0,2579467.0
2022-10-08,22.0,29.0,185.0,4.0,0.0,3133353.0,3012481.0,2579652.0
2022-10-09,0.0,0.0,0.0,0.0,0.0,3133353.0,3012481.0,2579652.0
2022-10-10,16.0,35.0,352.0,0.0,0.0,3133369.0,3012516.0,2580004.0
2022-10-11,22.0,18.0,450.0,0.0,0.0,3133391.0,3012534.0,2580454.0
2022-10-12,21.0,13.0,668.0,1.0,0.0,3133412.0,3012547.0,2581122.0
2022-10-13,40.0,23.0,864.0,0.0,0.0,3133452.0,3012570.0,2581986.0
2022-10-14,19.0,13.0,477.0,1.0,0.0,3133471.0,3012583.0,2582463.0
2022-10-15,25.0,28.0,217.0,2.0,0.0,3133496.0,3012611.0,2582680.0
2022-10-16,1.0,0.0,1.0,0.0,0.0,3133497.0,3012611.0,2582681.0
2022-10-17,33.0,27.0,447.0,1.0,0.0,3133530.0,3012638.0,2583128.0
2022-10-18,35.0,22.0,584.0,0.0,0.0,3133565.0,3012660.0,2583712.0
2022-10-19,40.0,21.0,1031.0,0.0,0.0,3133605.0,3012681.0,2584743.0
2022-10-20,50.0,24.0,1111.0,0.0,0.0,3133655.0,3012705.0,2585854.0
2022-10-21,23.0,16.0,777.0,2.0,0.0,3133678.0,3012721.0,2586631.0
2022-10-22,37.0,15.0,389.0,1.0,0.0,3133715.0,3012736.0,2587020.0
2022-10-23,0.0,0.0,2.0,0.0,0.0,3133715.0,3012736.0,2587022.0
2022-10-24,25.0,21.0,552.0,0.0,0.0,3133740.0,3012757.0,2587574.0
2022-10-25,27.0,12.0,645.0,0.0,0.0,3133767.0,3012769.0,2588219.0
2022-10-26,47.0,24.0,1150.0,0.0,0.0,3133814.0,3012793.0,2589369.0
2022-10-27,44.0,32.0,1082.0,2.0,0.0,3133858.0,3012825.0,2590451.0
2022-10-28,28.0,11.0,764.0,0.0,1.0,3133886.0,3012836.0,2591215.0
2022-10-29,21.0,16.0,400.0,1.0,0.0,3133907.0,3012852.0,2591615.0
2022-10-30,1.0,0.0,2.0,0.0,0.0,3133908.0,3012852.0,2591617.0
2022-10-31,23.0,23.0,437.0,0.0,0.0,3133931.0,3012875.0,2592054.0
2022-11-01,0.0,0.0,3.0,0.0,0.0,3133931.0,3012875.0,2592057.0
2022-11-02,21.0,14.0,739.0,3.0,0.0,3133952.0,3012889.0,2592796.0
2022-11-03,48.0,28.0,1011.0,1.0,0.0,3134000.0,3012917.0,2593807.0
2022-11-04,38.0,16.0,793.0,2.0,0.0,3134038.0,3012933.0,2594600.0
2022-11-05,13.0,17.0,365.0,0.0,0.0,3134051.0,3012950.0,2594965.0
2022-11-06,0.0,0.0,2.0,0.0,0.0,3134051.0,3012950.0,2594967.0
2022-11-07,41.0,30.0,537.0,1.0,0.0,3134092.0,3012980.0,2595504.0
2022-11-08,26.0,21.0,679.0,0.0,0.0,3134118.0,3013001.0,2596183.0
2022-11-09,32.0,26.0,952.0,3.0,0.0,3134150.0,3013027.0,2597135.0
2022-11-10,35.0,12.0,961.0,0.0,0.0,3134185.0,3013039.0,2598096.0
2022-11-11,21.0,12.0,667.0,0.0,0.0,3134206.0,3013051.0,2598763.0
2022-11-12,9.0,27.0,337.0,1.0,0.0,3134215.0,3013078.0,2599100.0
2022-11-13,0.0,0.0,4.0,0.0,0.0,3134215.0,3013078.0,2599104.0
2022-11-14,27.0,19.0,421.0,2.0,0.0,3134242.0,3013097.0,2599525.0
2022-11-15,15.0,12.0,526.0,1.0,0.0,3134257.0,3013109.0,2600051.0
2022-11-16,43.0,24.0,796.0,0.0,0.0,3134300.0,3013133.0,2600847.0
2022-11-17,42.0,21.0,776.0,3.0,0.0,3134342.0,3013154.0,2601623.0
2022-11-18,40.0,20.0,665.0,1.0,0.0,3134382.0,3013174.0,2602288.0
2022-11-19,22.0,21.0,266.0,3.0,0.0,3134404.0,3013195.0,2602554.0
2022-11-20,0.0,0.0,2.0,0.0,0.0,3134404.0,3013195.0,2602556.0
2022-11-21,28.0,15.0,387.0,0.0,0.0,3134432.0,3013210.0,2602943.0
2022-11-22,19.0,15.0,411.0,0.0,0.0,3134451.0,3013225.0,2603354.0
2022-11-23,31.0,22.0,718.0,1.0,0.0,3134482.0,3013247.0,2604072.0
2022-11-24,28.0,27.0,697.0,2.0,0.0,3134510.0,3013274.0,2604769.0
2022-11-25,30.0,20.0,554.0,1.0,0.0,3134540.0,3013294.0,2605323.0
2022-11-26,12.0,5.0,246.0,0.0,0.0,3134552.0,3013299.0,2605569.0
2022-11-27,0.0,0.0,2.0,0.0,0.0,3134552.0,3013299.0,2605571.0
2022-11-28,30.0,13.0,380.0,0.0,0.0,3134582.0,3013312.0,2605951.0
2022-11-29,24.0,15.0,413.0,0.0,0.0,3134606.0,3013327.0,2606364.0
2022-11-30,9.0,7.0,271.0,2.0,0.0,3134615.0,3013334.0,2606635.0
2022-12-01,23.0,15.0,486.0,1.0,0.0,3134638.0,3013349.0,2607121.0
2022-12-02,23.0,15.0,486.0,1.0,0.0,3134661.0,3013364.0,2607607.0
2022-12-03,23.0,15.0,486.0,1.0,0.0,3134684.0,3013379.0,2608093.0
2022-12-04,23.0,15.0,486.0,1.0,0.0,3134707.0,3013394.0,2608579.0
2022-12-05,23.0,15.0,486.0,1.0,0.0,3134730.0,3013409.0,2609065.0
2022-12-06,23.0,15.0,486.0,1.0,0.0,3134753.0,3013424.0,2609551.0
2022-12-07,23.0,15.0,486.0,1.0,0.0,3134776.0,3013439.0,2610037.0
2022-12-08,23.0,15.0,486.0,1.0,0.0,3134799.0,3013454.0,2610523.0
2022-12-09,23.0,15.0,486.0,1.0,0.0,3134822.0,3013469.0,2611009.0
2022-12-10,23.0,15.0,486.0,1.0,0.0,3134845.0,3013484.0,2611495.0
2022-12-11,23.0,15.0,486.0,1.0,0.0,3134868.0,3013499.0,2611981.0
2022-12-12,23.0,15.0,486.0,1.0,0.0,3134891.0,3013514.0,2612467.0
2022-12-13,23.0,15.0,486.0,1.0,0.0,3134914.0,3013529.0,2612953.0
2022-12-14,23.0,15.0,486.0,1.0,0.0,3134937.0,3013544.0,2613439.0
2022-12-15,23.0,15.0,486.0,1.0,0.0,3134960.0,3013559.0,2613925.0
2022-12-16,23.0,15.0,486.0,1.0,0.0,3134983.0,3013574.0,2614411.0
2022-12-17,23.0,15.0,486.0,1.0,0.0,3135006.0,3013589.0,2614897.0
2022-12-18,23.0,15.0,486.0,1.0,0.0,3135029.0,3013604.0,2615383.0
2022-12-19,23.0,15.0,486.0,1.0,0.0,3135052.0,3013619.0,2615869.0
2022-12-20,23.0,15.0,486.0,1.0,0.0,3135075.0,3013634.0,2616355.0
2022-12-21,23.0,15.0,486.0,1.0,0.0,3135098.0,3013649.0,2616841.0
2022-12-22,23.0,15.0,486.0,1.0,0.0,3135121.0,3013664.0,2617327.0
2022-12-23,23.0,15.0,486.0,1.0,0.0,3135144.0,3013679.0,2617813.0
2022-12-24,23.0,15.0,486.0,1.0,0.0,3135167.0,3013694.0,2618299.0
2022-12-25,23.0,15.0,486.0,1.0,0.0,3135190.0,3013709.0,2618785.0
2022-12-26,23.0,15.0,486.0,1.0,0.0,3135213.0,3013724.0,2619271.0
2022-12-27,23.0,15.0,486.0,1.0,0.0,3135236.0,3013739.0,2619757.0
2022-12-28,23.0,15.0,486.0,1.0,0.0,3135259.0,3013754.0,2620243.0
2022-12-29,23.0,15.0,486.0,1.0,0.0,3135282.0,3013769.0,2620729.0
2022-12-30,23.0,15.0,486.0,1.0,0.0,3135305.0,3013784.0,2621215.0
2022-12-31,23.0,15.0,486.0,1.0,0.0,3135328.0,3013799.0,2621701.0
2023-01-01,23.0,15.0,486.0,1.0,0.0,3135351.0,3013814.0,2622187.0
2023-01-02,23.0,15.0,486.0,1.0,0.0,3135374.0,3013829.0,2622673.0
2023-01-03,23.0,15.0,486.0,1.0,0.0,3135397.0,3013844.0,2623159.0
2023-01-04,23.0,15.0,486.0,1.0,0.0,3135420.0,3013859.0,2623645.0
2023-01-05,23.0,15.0,486.0,1.0,0.0,3135443.0,3013874.0,2624131.0
2023-01-06,23.0,15.0,486.0,1.0,0.0,3135466.0,3013889.0,2624617.0
2023-01-07,23.0,15.0,486.0,1.0,0.0,3135489.0,3013904.0,2625103.0
2023-01-08,23.0,15.0,486.0,1.0,0.0,3135512.0,3013919.0,2625589.0
2023-01-09,23.0,15.0,486.0,1.0,0.0,3135535.0,3013934.0,2626075.0
2023-01-10,23.0,15.0,486.0,1.0,0.0,3135558.0,3013949.0,2626561.0
2023-01-11,23.0,15.0,486.0,1.0,0.0,3135581.0,3013964.0,2627047.0
2023-01-12,23.0,15.0,486.0,1.0,0.0,3135604.0,3013979.0,2627533.0
2023-01-13,23.0,15.0,486.0,1.0,0.0,3135627.0,3013994.0,2628019.0
2023-01-14,23.0,15.0,486.0,1.0,0.0,3135650.0,3014009.0,2628505.0
2023-01-15,23.0,15.0,486.0,1.0,0.0,3135673.0,3014024.0,2628991.0
2023-01-16,23.0,15.0,486.0,1.0,0.0,3135696.0,3014039.0,2629477.0
2023-01-17,23.0,15.0,486.0,1.0,0.0,3135719.0,3014054.0,2629963.0
2023-01-18,23.0,15.0,486.0,1.0,0.0,3135742.0,3014069.0,2630449.0
2023-01-19,23.0,15.0,486.0,1.0,0.0,3135765.0,3014084.0,2630935.0
2023-01-20,23.0,15.0,486.0,1.0,0.0,3135788.0,3014099.0,2631421.0
2023-01-21,23.0,15.0,486.0,1.0,0.0,3135811.0,3014114.0,2631907.0
2023-01-22,23.0,15.0,486.0,1.0,0.0,3135834.0,3014129.0,2632393.0
2023-01-23,23.0,15.0,486.0,1.0,0.0,3135857.0,3014144.0,2632879.0
2023-01-24,23.0,15.0,486.0,1.0,0.0,3135880.0,3014159.0,2633365.0
2023-01-25,23.0,15.0,486.0,1.0,0.0,3135903.0,3014174.0,2633851.0
2023-01-26,23.0,15.0,486.0,1.0,0.0,3135926.0,3014189.0,2634337.0
2023-01-27,23.0,15.0,486.0,1.0,0.0,3135949.0,3014204.0,2634823.0
2023-01-28,23.0,15.0,486.0,1.0,0.0,3135972.0,3014219.0,2635309.0
2023-01-29,23.0,15.0,486.0,1.0,0.0,3135995.0,3014234.0,2635795.0
2023-01-30,23.0,15.0,486.0,1.0,0.0,3136018.0,3014249.0,2636281.0
2023-01-31,23.0,15.0,486.0,1.0,0.0,3136041.0,3014264.0,2636767.0
2023-02-01,23.0,15.0,486.0,1.0,0.0,3136064.0,3014279.0,2637253.0
2023-02-02,23.0,15.0,486.0,1.0,0.0,3136087.0,3014294.0,2637739.0
2023-02-03,23.0,15.0,486.0,1.0,0.0,3136110.0,3014309.0,2638225.0
2023-02-04,23.0,15.0,486.0,1.0,0.0,3136133.0,3014324.0,2638711.0
2023-02-05,23.0,15.0,486.0,1.0,0.0,3136156.0,3014339.0,2639197.0
2023-02-06,23.0,15.0,486.0,1.0,0.0,3136179.0,3014354.0,2639683.0
2023-02-07,23.0,15.0,486.0,1.0,0.0,3136202.0,3014369.0,2640169.0
2023-02-08,23.0,15.0,486.0,1.0,0.0,3136225.0,3014384.0,2640655.0
2023-02-09,23.0,15.0,486.0,1.0,0.0,3136248.0,3014399.0,2641141.0
2023-02-10,23.0,15.0,486.0,1.0,0.0,3136271.0,3014414.0,2641627.0
2023-02-11,23.0,15.0,486.0,1.0,0.0,3136294.0,3014429.0,2642113.0
2023-02-12,23.0,15.0,486.0,1.0,0.0,3136317.0,3014444.0,2642599.0
2023-02-13,23.0,15.0,486.0,1.0,0.0,3136340.0,3014459.0,2643085.0
2023-02-14,23.0,15.0,486.0,1.0,0.0,3136363.0,3014474.0,2643571.0
2023-02-15,23.0,15.0,486.0,1.0,0.0,3136386.0,3014489.0,2644057.0
2023-02-16,23.0,15.0,486.0,1.0,0.0,3136409.0,3014504.0,2644543.0
2023-02-17,23.0,15.0,486.0,1.0,0.0,3136432.0,3014519.0,2645029.0
2023-02-18,23.0,15.0,486.0,1.0,0.0,3136455.0,3014534.0,2645515.0
2023-02-19,23.0,15.0,486.0,1.0,0.0,3136478.0,3014549.0,2646001.0
2023-02-20,23.0,15.0,486.0,1.0,0.0,3136501.0,3014564.0,2646487.0
2023-02-21,23.0,15.0,486.0,1.0,0.0,3136524.0,3014579.0,2646973.0
2023-02-22,23.0,15.0,486.0,1.0,0.0,3136547.0,3014594.0,2647459.0
2023-02-23,23.0,15.0,486.0,1.0,0.0,3136570.0,3014609.0,2647945.0
2023-02-24,23.0,15.0,486.0,1.0,0.0,3136593.0,3014624.0,2648431.0
2023-02-25,23.0,15.0,486.0,1.0,0.0,3136616.0,3014639.0,2648917.0
2023-02-26,23.0,15.0,486.0,1.0,0.0,3136639.0,3014654.0,2649403.0
2023-02-27,23.0,15.0,486.0,1.0,0.0,3136662.0,3014669.0,2649889.0
2023-02-28,23.0,15.0,486.0,1.0,0.0,3136685.0,3014684.0,2650375.0
2023-03-01,23.0,15.0,486.0,1.0,0.0,3136708.0,3014699.0,2650861.0
2023-03-02,23.0,15.0,486.0,1.0,0.0,3136731.0,3014714.0,2651347.0
2023-03-03,23.0,15.0,486.0,1.0,0.0,3136754.0,3014729.0,2651833.0
2023-03-04,23.0,15.0,486.0,1.0,0.0,3136777.0,3014744.0,2652319.0
2023-03-05,23.0,15.0,486.0,1.0,0.0,3136800.0,3014759.0,2652805.0
2023-03-06,23.0,15.0,486.0,1.0,0.0,3136823.0,3014774.0,2653291.0
2023-03-07,23.0,15.0,486.0,1.0,0.0,3136846.0,3014789.0,2653777.0
2023-03-08,23.0,15.0,486.0,1.0,0.0,3136869.0,3014804.0,2654263.0
2023-03-09,23.0,15.0,486.0,1.0,0.0,3136892.0,3014819.0,2654749.0
2023-03-10,23.0,15.0,486.0,1.0,0.0,3136915.0,3014834.0,2655235.0
2023-03-11,23.0,15.0,486.0,1.0,0.0,3136938.0,3014849.0,2655721.0
2023-03-12,23.0,15.0,486.0,1.0,0.0,3136961.0,3014864.0,2656207.0
2023-03-13,23.0,15.0,486.0,1.0,0.0,3136984.0,3014879.0,2656693.0
2023-03-14,23.0,15.0,486.0,1.0,0.0,3137007.0,3014894.0,2657179.0
2023-03-15,23.0,15.0,486.0,1.0,0.0,3137030.0,3014909.0,2657665.0
2023-03-16,23.0,15.0,486.0,1.0,0.0,3137053.0,3014924.0,2658151.0
2023-03-17,23.0,15.0,486.0,1.0,0.0,3137076.0,3014939.0,2658637.0
2023-03-18,23.0,15.0,486.0,1.0,0.0,3137099.0,3014954.0,2659123.0
2023-03-19,23.0,15.0,486.0,1.0,0.0,3137122.0,3014969.0,2659609.0
2023-03-20,23.0,15.0,486.0,1.0,0.0,3137145.0,3014984.0,2660095.0
2023-03-21,23.0,15.0,486.0,1.0,0.0,3137168.0,3014999.0,2660581.0
2023-03-22,23.0,15.0,486.0,1.0,0.0,3137191.0,3015014.0,2661067.0
2023-03-23,23.0,15.0,486.0,1.0,0.0,3137214.0,3015029.0,2661553.0
2023-03-24,23.0,15.0,486.0,1.0,0.0,3137237.0,3015044.0,2662039.0
2023-03-25,23.0,15.0,486.0,1.0,0.0,3137260.0,3015059.0,2662525.0
2023-03-26,23.0,15.0,486.0,1.0,0.0,3137283.0,3015074.0,2663011.0
2023-03-27,23.0,15.0,486.0,1.0,0.0,3137306.0,3015089.0,2663497.0
2023-03-28,23.0,15.0,486.0,1.0,0.0,3137329.0,3015104.0,2663983.0
2023-03-29,23.0,15.0,486.0,1.0,0.0,3137352.0,3015119.0,2664469.0
2023-03-30,23.0,15.0,486.0,1.0,0.0,3137375.0,3015134.0,2664955.0
2023-03-31,23.0,15.0,486.0,1.0,0.0,3137398.0,3015149.0,2665441.0
2023-04-01,23.0,15.0,486.0,1.0,0.0,3137421.0,3015164.0,2665927.0
2023-04-02,23.0,15.0,486.0,1.0,0.0,3137444.0,3015179.0,2666413.0
2023-04-03,23.0,15.0,486.0,1.0,0.0,3137467.0,3015194.0,2666899.0
2023-04-04,23.0,15.0,486.0,1.0,0.0,3137490.0,3015209.0,2667385.0
2023-04-05,23.0,15.0,486.0,1.0,0.0,3137513.0,3015224.0,2667871.0
2023-04-06,23.0,15.0,486.0,1.0,0.0,3137536.0,3015239.0,2668357.0
2023-04-07,23.0,15.0,486.0,1.0,0.0,3137559.0,3015254.0,2668843.0
2023-04-08,23.0,15.0,486.0,1.0,0.0,3137582.0,3015269.0,2669329.0
2023-04-09,23.0,15.0,486.0,1.0,0.0,3137605.0,3015284.0,2669815.0
2023-04-10,23.0,15.0,486.0,1.0,0.0,3137628.0,3015299.0,2670301.0
2023-04-11,23.0,15.0,486.0,1.0,0.0,3137651.0,3015314.0,2670787.0
2023-04-12,23.0,15.0,486.0,1.0,0.0,3137674.0,3015329.0,2671273.0
2023-04-13,23.0,15.0,486.0,1.0,0.0,3137697.0,3015344.0,2671759.0
2023-04-14,23.0,15.0,486.0,1.0,0.0,3137720.0,3015359.0,2672245.0
2023-04-15,23.0,15.0,486.0,1.0,0.0,3137743.0,3015374.0,2672731.0
2023-04-16,23.0,15.0,486.0,1.0,0.0,3137766.0,3015389.0,2673217.0
2023-04-17,23.0,15.0,486.0,1.0,0.0,3137789.0,3015404.0,2673703.0
2023-04-18,23.0,15.0,486.0,1.0,0.0,3137812.0,3015419.0,2674189.0
2023-04-19,23.0,15.0,486.0,1.0,0.0,3137835.0,3015434.0,2674675.0
2023-04-20,23.0,15.0,486.0,1.0,0.0,3137858.0,3015449.0,2675161.0
2023-04-21,23.0,15.0,486.0,1.0,0.0,3137881.0,3015464.0,2675647.0
2023-04-22,23.0,15.0,486.0,1.0,0.0,3137904.0,3015479.0,2676133.0
2023-04-23,23.0,15.0,486.0,1.0,0.0,3137927.0,3015494.0,2676619.0
2023-04-24,23.0,15.0,486.0,1.0,0.0,3137950.0,3015509.0,2677105.0
2023-04-25,23.0,15.0,486.0,1.0,0.0,3137973.0,3015524.0,2677591.0
2023-04-26,23.0,15.0,486.0,1.0,0.0,3137996.0,3015539.0,2678077.0
2023-04-27,23.0,15.0,486.0,1.0,0.0,3138019.0,3015554.0,2678563.0
2023-04-28,23.0,15.0,486.0,1.0,0.0,3138042.0,3015569.0,2679049.0
2023-04-29,23.0,15.0,486.0,1.0,0.0,3138065.0,3015584.0,2679535.0
2023-04-30,23.0,15.0,486.0,1.0,0.0,3138088.0,3015599.0,2680021.0
2023-05-01,23.0,15.0,486.0,1.0,0.0,3138111.0,3015614.0,2680507.0
2023-05-02,23.0,15.0,486.0,1.0,0.0,3138134.0,3015629.0,2680993.0
2023-05-03,23.0,15.0,486.0,1.0,0.0,3138157.0,3015644.0,2681479.0
2023-05-04,23.0,15.0,486.0,1.0,0.0,3138180.0,3015659.0,2681965.0
2023-05-05,23.0,15.0,486.0,1.0,0.0,3138203.0,3015674.0,2682451.0
2023-05-06,23.0,15.0,486.0,1.0,0.0,3138226.0,3015689.0,2682937.0
2023-05-07,23.0,15.0,486.0,1.0,0.0,3138249.0,3015704.0,2683423.0
2023-05-08,23.0,15.0,486.0,1.0,0.0,3138272.0,3015719.0,2683909.0
2023-05-09,23.0,15.0,486.0,1.0,0.0,3138295.0,3015734.0,2684395.0
2023-05-10,23.0,15.0,486.0,1.0,0.0,3138318.0,3015749.0,2684881.0
2023-05-11,23.0,15.0,486.0,1.0,0.0,3138341.0,3015764.0,2685367.0
2023-05-12,23.0,15.0,486.0,1.0,0.0,3138364.0,3015779.0,2685853.0
2023-05-13,23.0,15.0,486.0,1.0,0.0,3138387.0,3015794.0,2686339.0
2023-05-14,23.0,15.0,486.0,1.0,0.0,3138410.0,3015809.0,2686825.0
2023-05-15,23.0,15.0,486.0,1.0,0.0,3138433.0,3015824.0,2687311.0
2023-05-16,23.0,15.0,486.0,1.0,0.0,3138456.0,3015839.0,2687797.0
2023-05-17,23.0,15.0,486.0,1.0,0.0,3138479.0,3015854.0,2688283.0
2023-05-18,23.0,15.0,486.0,1.0,0.0,3138502.0,3015869.0,2688769.0
2023-05-19,23.0,15.0,486.0,1.0,0.0,3138525.0,3015884.0,2689255.0
2023-05-20,23.0,15.0,486.0,1.0,0.0,3138548.0,3015899.0,2689741.0
2023-05-21,23.0,15.0,486.0,1.0,0.0,3138571.0,3015914.0,2690227.0
2023-05-22,23.0,15.0,486.0,1.0,0.0,3138594.0,3015929.0,2690713.0
2023-05-23,23.0,15.0,486.0,1.0,0.0,3138617.0,3015944.0,2691199.0
2023-05-24,23.0,15.0,486.0,1.0,0.0,3138640.0,3015959.0,2691685.0
2023-05-25,23.0,15.0,486.0,1.0,0.0,3138663.0,3015974.0,2692171.0
2023-05-26,23.0,15.0,486.0,1.0,0.0,3138686.0,3015989.0,2692657.0
2023-05-27,23.0,15.0,486.0,1.0,0.0,3138709.0,3016004.0,2693143.0
2023-05-28,23.0,15.0,486.0,1.0,0.0,3138732.0,3016019.0,2693629.0
2023-05-29,23.0,15.0,486.0,1.0,0.0,3138755.0,3016034.0,2694115.0
2023-05-30,23.0,15.0,486.0,1.0,0.0,3138778.0,3016049.0,2694601.0
2023-05-31,23.0,15.0,486.0,1.0,0.0,3138801.0,3016064.0,2695087.0
2023-06-01,23.0,15.0,486.0,1.0,0.0,3138824.0,3016079.0,2695573.0
2023-06-02,23.0,15.0,486.0,1.0,0.0,3138847.0,3016094.0,2696059.0
2023-06-03,23.0,15.0,486.0,1.0,0.0,3138870.0,3016109.0,2696545.0
2023-06-04,23.0,15.0,486.0,1.0,0.0,3138893.0,3016124.0,2697031.0
2023-06-05,23.0,15.0,486.0,1.0,0.0,3138916.0,3016139.0,2697517.0
2023-06-06,23.0,15.0,486.0,1.0,0.0,3138939.0,3016154.0,2698003.0
2023-06-07,23.0,15.0,486.0,1.0,0.0,3138962.0,3016169.0,2698489.0
2023-06-08,23.0,15.0,486.0,1.0,0.0,3138985.0,3016184.0,2698975.0
2023-06-09,23.0,15.0,486.0,1.0,0.0,3139008.0,3016199.0,2699461.0
2023-06-10,23.0,15.0,486.0,1.0,0.0,3139031.0,3016214.0,2699947.0
2023-06-11,23.0,15.0,486.0,1.0,0.0,3139054.0,3016229.0,2700433.0
2023-06-12,23.0,15.0,486.0,1.0,0.0,3139077.0,3016244.0,2700919.0
2023-06-13,23.0,15.0,486.0,1.0,0.0,3139100.0,3016259.0,2701405.0
2023-06-14,23.0,15.0,486.0,1.0,0.0,3139123.0,3016274.0,2701891.0
2023-06-15,23.0,15.0,486.0,1.0,0.0,3139146.0,3016289.0,2702377.0
2023-06-16,23.0,15.0,486.0,1.0,0.0,3139169.0,3016304.0,2702863.0
2023-06-17,23.0,15.0,486.0,1.0,0.0,3139192.0,3016319.0,2703349.0
2023-06-18,23.0,15.0,486.0,1.0,0.0,3139215.0,3016334.0,2703835.0
2023-06-19,23.0,15.0,486.0,1.0,0.0,3139238.0,3016349.0,2704321.0
2023-06-20,23.0,15.0,486.0,1.0,0.0,3139261.0,3016364.0,2704807.0
2023-06-21,23.0,15.0,486.0,1.0,0.0,3139284.0,3016379.0,2705293.0
2023-06-22,23.0,15.0,486.0,1.0,0.0,3139307.0,3016394.0,2705779.0
2023-06-23,23.0,15.0,486.0,1.0,0.0,3139330.0,3016409.0,2706265.0
2023-06-24,23.0,15.0,486.0,1.0,0.0,3139353.0,3016424.0,2706751.0
2023-06-25,23.0,15.0,486.0,1.0,0.0,3139376.0,3016439.0,2707237.0
2023-06-26,23.0,15.0,486.0,1.0,0.0,3139399.0,3016454.0,2707723.0
2023-06-27,23.0,15.0,486.0,1.0,0.0,3139422.0,3016469.0,2708209.0
2023-06-28,23.0,15.0,486.0,1.0,0.0,3139445.0,3016484.0,2708695.0
2023-06-29,23.0,15.0,486.0,1.0,0.0,3139468.0,3016499.0,2709181.0
2023-06-30,23.0,15.0,486.0,1.0,0.0,3139491.0,3016514.0,2709667.0
2023-07-01,23.0,15.0,486.0,1.0,0.0,3139514.0,3016529.0,2710153.0
2023-07-02,23.0,15.0,486.0,1.0,0.0,3139537.0,3016544.0,2710639.0
2023-07-03,23.0,15.0,486.0,1.0,0.0,3139560.0,3016559.0,2711125.0
2023-07-04,23.0,15.0,486.0,1.0,0.0,3139583.0,3016574.0,2711611.0
2023-07-05,23.0,15.0,486.0,1.0,0.0,3139606.0,3016589.0,2712097.0
2023-07-06,23.0,15.0,486.0,1.0,0.0,3139629.0,3016604.0,2712583.0
2023-07-07,23.0,15.0,486.0,1.0,0.0,3139652.0,3016619.0,2713069.0
2023-07-08,23.0,15.0,486.0,1.0,0.0,3139675.0,3016634.0,2713555.0
2023-07-09,23.0,15.0,486.0,1.0,0.0,3139698.0,3016649.0,2714041.0
2023-07-10,23.0,15.0,486.0,1.0,0.0,3139721.0,3016664.0,2714527.0
2023-07-11,23.0,15.0,486.0,1.0,0.0,3139744.0,3016679.0,2715013.0
2023-07-12,23.0,15.0,486.0,1.0,0.0,3139767.0,3016694.0,2715499.0
2023-07-13,23.0,15.0,486.0,1.0,0.0,3139790.0,3016709.0,2715985.0
2023-07-14,23.0,15.0,486.0,1.0,0.0,3139813.0,3016724.0,2716471.0
2023-07-15,23.0,15.0,486.0,1.0,0.0,3139836.0,3016739.0,2716957.0
2023-07-16,23.0,15.0,486.0,1.0,0.0,3139859.0,3016754.0,2717443.0
2023-07-17,23.0,15.0,486.0,1.0,0.0,3139882.0,3016769.0,2717929.0
2023-07-18,23.0,15.0,486.0,1.0,0.0,3139905.0,3016784.0,2718415.0
2023-07-19,23.0,15.0,486.0,1.0,0.0,3139928.0,3016799.0,2718901.0
2023-07-20,23.0,15.0,486.0,1.0,0.0,3139951.0,3016814.0,2719387.0
2023-07-21,23.0,15.0,486.0,1.0,0.0,3139974.0,3016829.0,2719873.0
2023-07-22,23.0,15.0,486.0,1.0,0.0,3139997.0,3016844.0,2720359.0
2023-07-23,23.0,15.0,486.0,1.0,0.0,3140020.0,3016859.0,2720845.0
2023-07-24,23.0,15.0,486.0,1.0,0.0,3140043.0,3016874.0,2721331.0
2023-07-25,23.0,15.0,486.0,1.0,0.0,3140066.0,3016889.0,2721817.0
2023-07-26,23.0,15.0,486.0,1.0,0.0,3140089.0,3016904.0,2722303.0
2023-07-27,23.0,15.0,486.0,1.0,0.0,3140112.0,3016919.0,2722789.0
2023-07-28,23.0,15.0,486.0,1.0,0.0,3140135.0,3016934.0,2723275.0
2023-07-29,23.0,15.0,486.0,1.0,0.0,3140158.0,3016949.0,2723761.0
2023-07-30,23.0,15.0,486.0,1.0,0.0,3140181.0,3016964.0,2724247.0
2023-07-31,23.0,15.0,486.0,1.0,0.0,3140204.0,3016979.0,2724733.0
2023-08-01,23.0,15.0,486.0,1.0,0.0,3140227.0,3016994.0,2725219.0
2023-08-02,23.0,15.0,486.0,1.0,0.0,3140250.0,3017009.0,2725705.0
2023-08-03,23.0,15.0,486.0,1.0,0.0,3140273.0,3017024.0,2726191.0
2023-08-04,23.0,15.0,486.0,1.0,0.0,3140296.0,3017039.0,2726677.0
2023-08-05,23.0,15.0,486.0,1.0,0.0,3140319.0,3017054.0,2727163.0
2023-08-06,23.0,15.0,486.0,1.0,0.0,3140342.0,3017069.0,2727649.0
2023-08-07,23.0,15.0,486.0,1.0,0.0,3140365.0,3017084.0,2728135.0
2023-08-08,23.0,15.0,486.0,1.0,0.0,3140388.0,3017099.0,2728621.0
2023-08-09,23.0,15.0,486.0,1.0,0.0,3140411.0,3017114.0,2729107.0
2023-08-10,23.0,15.0,486.0,1.0,0.0,3140434.0,3017129.0,2729593.0
2023-08-11,23.0,15.0,486.0,1.0,0.0,3140457.0,3017144.0,2730079.0
2023-08-12,23.0,15.0,486.0,1.0,0.0,3140480.0,3017159.0,2730565.0
2023-08-13,23.0,15.0,486.0,1.0,0.0,3140503.0,3017174.0,2731051.0
2023-08-14,23.0,15.0,486.0,1.0,0.0,3140526.0,3017189.0,2731537.0
2023-08-15,23.0,15.0,486.0,1.0,0.0,3140549.0,3017204.0,2732023.0
2023-08-16,23.0,15.0,486.0,1.0,0.0,3140572.0,3017219.0,2732509.0
2023-08-17,23.0,15.0,486.0,1.0,0.0,3140595.0,3017234.0,2732995.0
2023-08-18,23.0,15.0,486.0,1.0,0.0,3140618.0,3017249.0,2733481.0
2023-08-19,23.0,15.0,486.0,1.0,0.0,3140641.0,3017264.0,2733967.0
2023-08-20,23.0,15.0,486.0,1.0,0.0,3140664.0,3017279.0,2734453.0
2023-08-21,23.0,15.0,486.0,1.0,0.0,3140687.0,3017294.0,2734939.0
2023-08-22,23.0,15.0,486.0,1.0,0.0,3140710.0,3017309.0,2735425.0
2023-08-23,23.0,15.0,486.0,1.0,0.0,3140733.0,3017324.0,2735911.0
2023-08-24,23.0,15.0,486.0,1.0,0.0,3140756.0,3017339.0,2736397.0
2023-08-25,23.0,15.0,486.0,1.0,0.0,3140779.0,3017354.0,2736883.0
2023-08-26,23.0,15.0,486.0,1.0,0.0,3140802.0,3017369.0,2737369.0
2023-08-27,23.0,15.0,486.0,1.0,0.0,3140825.0,3017384.0,2737855.0
2023-08-28,23.0,15.0,486.0,1.0,0.0,3140848.0,3017399.0,2738341.0
2023-08-29,23.0,15.0,486.0,1.0,0.0,3140871.0,3017414.0,2738827.0
2023-08-30,23.0,15.0,486.0,1.0,0.0,3140894.0,3017429.0,2739313.0
2023-08-31,23.0,15.0,486.0,1.0,0.0,3140917.0,3017444.0,2739799.0
2023-09-01,23.0,15.0,486.0,1.0,0.0,3140940.0,3017459.0,2740285.0
2023-09-02,23.0,15.0,486.0,1.0,0.0,3140963.0,3017474.0,2740771.0
2023-09-03,23.0,15.0,486.0,1.0,0.0,3140986.0,3017489.0,2741257.0
2023-09-04,23.0,15.0,486.0,1.0,0.0,3141009.0,3017504.0,2741743.0
2023-09-05,23.0,15.0,486.0,1.0,0.0,3141032.0,3017519.0,2742229.0
2023-09-06,23.0,15.0,486.0,1.0,0.0,3141055.0,3017534.0,2742715.0
2023-09-07,23.0,15.0,486.0,1.0,0.0,3141078.0,3017549.0,2743201.0
2023-09-08,23.0,15.0,486.0,1.0,0.0,3141101.0,3017564.0,2743687.0
2023-09-09,23.0,15.0,486.0,1.0,0.0,3141124.0,3017579.0,2744173.0
2023-09-10,23.0,15.0,486.0,1.0,0.0,3141147.0,3017594.0,2744659.0
2023-09-11,23.0,15.0,486.0,1.0,0.0,3141170.0,3017609.0,2745145.0
2023-09-12,23.0,15.0,486.0,1.0,0.0,3141193.0,3017624.0,2745631.0
2023-09-13,23.0,15.0,486.0,1.0,0.0,3141216.0,3017639.0,2746117.0
2023-09-14,23.0,15.0,486.0,1.0,0.0,3141239.0,3017654.0,2746603.0
2023-09-15,23.0,15.0,486.0,1.0,0.0,3141262.0,3017669.0,2747089.0
2023-09-16,23.0,15.0,486.0,1.0,0.0,3141285.0,3017684.0,2747575.0
2023-09-17,23.0,15.0,486.0,1.0,0.0,3141308.0,3017699.0,2748061.0
2023-09-18,23.0,15.0,486.0,1.0,0.0,3141331.0,3017714.0,2748547.0
2023-09-19,23.0,15.0,486.0,1.0,0.0,3141354.0,3017729.0,2749033.0
2023-09-20,23.0,15.0,486.0,1.0,0.0,3141377.0,3017744.0,2749519.0
2023-09-21,23.0,15.0,486.0,1.0,0.0,3141400.0,3017759.0,2750005.0
2023-09-22,23.0,15.0,486.0,1.0,0.0,3141423.0,3017774.0,2750491.0
2023-09-23,23.0,15.0,486.0,1.0,0.0,3141446.0,3017789.0,2750977.0
2023-09-24,23.0,15.0,486.0,1.0,0.0,3141469.0,3017804.0,2751463.0
2023-09-25,23.0,15.0,486.0,1.0,0.0,3141492.0,3017819.0,2751949.0
2023-09-26,23.0,15.0,486.0,1.0,0.0,3141515.0,3017834.0,2752435.0
2023-09-27,23.0,15.0,486.0,1.0,0.0,3141538.0,3017849.0,2752921.0
2023-09-28,23.0,15.0,486.0,1.0,0.0,3141561.0,3017864.0,2753407.0
2023-09-29,23.0,15.0,486.0,1.0,0.0,3141584.0,3017879.0,2753893.0
2023-09-30,23.0,15.0,486.0,1.0,0.0,3141607.0,3017894.0,2754379.0
2023-10-01,23.0,15.0,486.0,1.0,0.0,3141630.0,3017909.0,2754865.0
2023-10-02,23.0,15.0,486.0,1.0,0.0,3141653.0,3017924.0,2755351.0
2023-10-03,23.0,15.0,486.0,1.0,0.0,3141676.0,3017939.0,2755837.0
2023-10-04,23.0,15.0,486.0,1.0,0.0,3141699.0,3017954.0,2756323.0
2023-10-05,23.0,15.0,486.0,1.0,0.0,3141722.0,3017969.0,2756809.0
2023-10-06,23.0,15.0,486.0,1.0,0.0,3141745.0,3017984.0,2757295.0
2023-10-07,23.0,15.0,486.0,1.0,0.0,3141768.0,3017999.0,2757781.0
2023-10-08,23.0,15.0,486.0,1.0,0.0,3141791.0,3018014.0,2758267.0
2023-10-09,23.0,15.0,486.0,1.0,0.0,3141814.0,3018029.0,2758753.0
2023-10-10,23.0,15.0,486.0,1.0,0.0,3141837.0,3018044.0,2759239.0
2023-10-11,23.0,15.0,486.0,1.0,0.0,3141860.0,3018059.0,2759725.0
2023-10-12,23.0,15.0,486.0,1.0,0.0,3141883.0,3018074.0,2760211.0
2023-10-13,23.0,15.0,486.0,1.0,0.0,3141906.0,3018089.0,2760697.0
2023-10-14,23.0,15.0,486.0,1.0,0.0,3141929.0,3018104.0,2761183.0
2023-10-15,23.0,15.0,486.0,1.0,0.0,3141952.0,3018119.0,2761669.0
2023-10-16,23.0,15.0,486.0,1.0,0.0,3141975.0,3018134.0,2762155.0
2023-10-17,23.0,15.0,486.0,1.0,0.0,3141998.0,3018149.0,2762641.0
2023-10-18,23.0,15.0,486.0,1.0,0.0,3142021.0,3018164.0,2763127.0
2023-10-19,23.0,15.0,486.0,1.0,0.0,3142044.0,3018179.0,2763613.0
2023-10-20,23.0,15.0,486.0,1.0,0.0,3142067.0,3018194.0,2764099.0
2023-10-21,23.0,15.0,486.0,1.0,0.0,3142090.0,3018209.0,2764585.0
2023-10-22,23.0,15.0,486.0,1.0,0.0,3142113.0,3018224.0,2765071.0
2023-10-23,23.0,15.0,486.0,1.0,0.0,3142136.0,3018239.0,2765557.0
2023-10-24,23.0,15.0,486.0,1.0,0.0,3142159.0,3018254.0,2766043.0
2023-10-25,23.0,15.0,486.0,1.0,0.0,3142182.0,3018269.0,2766529.0
2023-10-26,23.0,15.0,486.0,1.0,0.0,3142205.0,3018284.0,2767015.0
2023-10-27,23.0,15.0,486.0,1.0,0.0,3142228.0,3018299.0,2767501.0
2023-10-28,23.0,15.0,486.0,1.0,0.0,3142251.0,3018314.0,2767987.0
2023-10-29,23.0,15.0,486.0,1.0,0.0,3142274.0,3018329.0,2768473.0
2023-10-30,23.0,15.0,486.0,1.0,0.0,3142297.0,3018344.0,2768959.0
2023-10-31,23.0,15.0,486.0,1.0,0.0,3142320.0,3018359.0,2769445.0
2023-11-01,23.0,15.0,486.0,1.0,0.0,3142343.0,3018374.0,2769931.0
2023-11-02,23.0,15.0,486.0,1.0,0.0,3142366.0,3018389.0,2770417.0
2023-11-03,23.0,15.0,486.0,1.0,0.0,3142389.0,3018404.0,2770903.0
2023-11-04,23.0,15.0,486.0,1.0,0.0,3142412.0,3018419.0,2771389.0
2023-11-05,23.0,15.0,486.0,1.0,0.0,3142435.0,3018434.0,2771875.0
2023-11-06,23.0,15.0,486.0,1.0,0.0,3142458.0,3018449.0,2772361.0
2023-11-07,23.0,15.0,486.0,1.0,0.0,3142481.0,3018464.0,2772847.0
2023-11-08,23.0,15.0,486.0,1.0,0.0,3142504.0,3018479.0,2773333.0
2023-11-09,23.0,15.0,486.0,1.0,0.0,3142527.0,3018494.0,2773819.0
2023-11-10,23.0,15.0,486.0,1.0,0.0,3142550.0,3018509.0,2774305.0
2023-11-11,23.0,15.0,486.0,1.0,0.0,3142573.0,3018524.0,2774791.0
2023-11-12,23.0,15.0,486.0,1.0,0.0,3142596.0,3018539.0,2775277.0
2023-11-13,23.0,15.0,486.0,1.0,0.0,3142619.0,3018554.0,2775763.0
2023-11-14,23.0,15.0,486.0,1.0,0.0,3142642.0,3018569.0,2776249.0
2023-11-15,23.0,15.0,486.0,1.0,0.0,3142665.0,3018584.0,2776735.0
2023-11-16,23.0,15.0,486.0,1.0,0.0,3142688.0,3018599.0,2777221.0
2023-11-17,23.0,15.0,486.0,1.0,0.0,3142711.0,3018614.0,2777707.0
2023-11-18,23.0,15.0,486.0,1.0,0.0,3142734.0,3018629.0,2778193.0
2023-11-19,23.0,15.0,486.0,1.0,0.0,3142757.0,3018644.0,2778679.0
2023-11-20,23.0,15.0,486.0,1.0,0.0,3142780.0,3018659.0,2779165.0
2023-11-21,23.0,15.0,486.0,1.0,0.0,3142803.0,3018674.0,2779651.0
2023-11-22,23.0,15.0,486.0,1.0,0.0,3142826.0,3018689.0,2780137.0
2023-11-23,23.0,15.0,486.0,1.0,0.0,3142849.0,3018704.0,2780623.0
2023-11-24,23.0,15.0,486.0,1.0,0.0,3142872.0,3018719.0,2781109.0
2023-11-25,23.0,15.0,486.0,1.0,0.0,3142895.0,3018734.0,2781595.0
2023-11-26,23.0,15.0,486.0,1.0,0.0,3142918.0,3018749.0,2782081.0
2023-11-27,23.0,15.0,486.0,1.0,0.0,3142941.0,3018764.0,2782567.0
2023-11-28,23.0,15.0,486.0,1.0,0.0,3142964.0,3018779.0,2783053.0
2023-11-29,23.0,15.0,486.0,1.0,0.0,3142987.0,3018794.0,2783539.0
2023-11-30,23.0,15.0,486.0,1.0,0.0,3143010.0,3018809.0,2784025.0
2023-12-01,23.0,15.0,486.0,1.0,0.0,3143033.0,3018824.0,2784511.0
2023-12-02,23.0,15.0,486.0,1.0,0.0,3143056.0,3018839.0,2784997.0
2023-12-03,23.0,15.0,486.0,1.0,0.0,3143079.0,3018854.0,2785483.0
2023-12-04,23.0,15.0,486.0,1.0,0.0,3143102.0,3018869.0,2785969.0
2023-12-05,23.0,15.0,486.0,1.0,0.0,3143125.0,3018884.0,2786455.0
2023-12-06,23.0,15.0,486.0,1.0,0.0,3143148.0,3018899.0,2786941.0
2023-12-07,23.0,15.0,486.0,1.0,0.0,3143171.0,3018914.0,2787427.0
2023-12-08,23.0,15.0,486.0,1.0,0.0,3143194.0,3018929.0,2787913.0
2023-12-09,23.0,15.0,486.0,1.0,0.0,3143217.0,3018944.0,2788399.0
2023-12-10,23.0,15.0,486.0,1.0,0.0,3143240.0,3018959.0,2788885.0
2023-12-11,23.0,15.0,486.0,1.0,0.0,3143263.0,3018974.0,2789371.0
2023-12-12,23.0,15.0,486.0,1.0,0.0,3143286.0,3018989.0,2789857.0
2023-12-13,23.0,15.0,486.0,1.0,0.0,3143309.0,3019004.0,2790343.0
2023-12-14,23.0,15.0,486.0,1.0,0.0,3143332.0,3019019.0,2790829.0
2023-12-15,23.0,15.0,486.0,1.0,0.0,3143355.0,3019034.0,2791315.0
2023-12-16,23.0,15.0,486.0,1.0,0.0,3143378.0,3019049.0,2791801.0
2023-12-17,23.0,15.0,486.0,1.0,0.0,3143401.0,3019064.0,2792287.0
2023-12-18,23.0,15.0,486.0,1.0,0.0,3143424.0,3019079.0,2792773.0
2023-12-19,23.0,15.0,486.0,1.0,0.0,3143447.0,3019094.0,2793259.0
2023-12-20,23.0,15.0,486.0,1.0,0.0,3143470.0,3019109.0,2793745.0
2023-12-21,23.0,15.0,486.0,1.0,0.0,3143493.0,3019124.0,2794231.0
2023-12-22,23.0,15.0,486.0,1.0,0.0,3143516.0,3019139.0,2794717.0
2023-12-23,23.0,15.0,486.0,1.0,0.0,3143539.0,3019154.0,2795203.0
2023-12-24,23.0,15.0,486.0,1.0,0.0,3143562.0,3019169.0,2795689.0
2023-12-25,23.0,15.0,486.0,1.0,0.0,3143585.0,3019184.0,2796175.0
2023-12-26,23.0,15.0,486.0,1.0,0.0,3143608.0,3019199.0,2796661.0
2023-12-27,23.0,15.0,486.0,1.0,0.0,3143631.0,3019214.0,2797147.0
2023-12-28,23.0,15.0,486.0,1.0,0.0,3143654.0,3019229.0,2797633.0
2023-12-29,23.0,15.0,486.0,1.0,0.0,3143677.0,3019244.0,2798119.0
2023-12-30,23.0,15.0,486.0,1.0,0.0,3143700.0,3019259.0,2798605.0
2023-12-31,23.0,15.0,486.0,1.0,0.0,3143723.0,3019274.0,2799091.0
2024-01-01,23.0,15.0,486.0,1.0,0.0,3143746.0,3019289.0,2799577.0
2024-01-02,23.0,15.0,486.0,1.0,0.0,3143769.0,3019304.0,2800063.0
2024-01-03,23.0,15.0,486.0,1.0,0.0,3143792.0,3019319.0,2800549.0
2024-01-04,23.0,15.0,486.0,1.0,0.0,3143815.0,3019334.0,2801035.0
