data,prima_dose,seconda_dose,terza_dose,pregressa_infezione,mono_dose,prima_dose_tot,seconda_dose_tot,terza_dose_tot,mono_dose_tot,pregressa_infezione_tot
2020-02-24,,,,,,,,,,
2020-02-25,,,,,,,,,,
2020-02-26,,,,,,,,,,
2020-02-27,,,,,,,,,,
2020-02-28,,,,,,,,,,
2020-02-29,,,,,,,,,,
2020-03-01,,,,,,,,,,
2020-03-02,,,,,,,,,,
2020-03-03,,,,,,,,,,
2020-03-04,,,,,,,,,,
2020-03-05,,,,,,,,,,
2020-03-06,,,,,,,,,,
2020-03-07,,,,,,,,,,
2020-03-08,,,,,,,,,,
2020-03-09,,,,,,,,,,
2020-03-10,,,,,,,,,,
2020-03-11,,,,,,,,,,
2020-03-12,,,,,,,,,,
2020-03-13,,,,,,,,,,
2020-03-14,,,,,,,,,,
2020-03-15,,,,,,,,,,
2020-03-16,,,,,,,,,,
2020-03-17,,,,,,,,,,
2020-03-18,,,,,,,,,,
2020-03-19,,,,,,,,,,
2020-03-20,,,,,,,,,,
2020-03-21,,,,,,,,,,
2020-03-22,,,,,,,,,,
2020-03-23,,,,,,,,,,
2020-03-24,,,,,,,,,,
2020-03-25,,,,,,,,,,
2020-03-26,,,,,,,,,,
2020-03-27,,,,,,,,,,
2020-03-28,,,,,,,,,,
2020-03-29,,,,,,,,,,
2020-03-30,,,,,,,,,,
2020-03-31,,,,,,,,,,
2020-04-01,,,,,,,,,,
2020-04-02,,,,,,,,,,
2020-04-03,,,,,,,,,,
2020-04-04,,,,,,,,,,
2020-04-05,,,,,,,,,,
2020-04-06,,,,,,,,,,
2020-04-07,,,,,,,,,,
2020-04-08,,,,,,,,,,
2020-04-09,,,,,,,,,,
2020-04-10,,,,,,,,,,
2020-04-11,,,,,,,,,,
2020-04-12,,,,,,,,,,
2020-04-13,,,,,,,,,,
2020-04-14,,,,,,,,,,
2020-04-15,,,,,,,,,,
2020-04-16,,,,,,,,,,
2020-04-17,,,,,,,,,,
2020-04-18,,,,,,,,,,
2020-04-19,,,,,,,,,,
2020-04-20,,,,,,,,,,
2020-04-21,,,,,,,,,,
2020-04-22,,,,,,,,,,
2020-04-23,,,,,,,,,,
2020-04-24,,,,,,,,,,
2020-04-25,,,,,,,,,,
2020-04-26,,,,,,,,,,
2020-04-27,,,,,,,,,,
2020-04-28,,,,,,,,,,
2020-04-29,,,,,,,,,,
2020-04-30,,,,,,,,,,
2020-05-01,,,,,,,,,,
2020-05-02,,,,,,,,,,
2020-05-03,,,,,,,,,,
2020-05-04,,,,,,,,,,
2020-05-05,,,,,,,,,,
2020-05-06,,,,,,,,,,
2020-05-07,,,,,,,,,,
2020-05-08,,,,,,,,,,
2020-05-09,,,,,,,,,,
2020-05-10,,,,,,,,,,
2020-05-11,,,,,,,,,,
2020-05-12,,,,,,,,,,
2020-05-13,,,,,,,,,,
2020-05-14,,,,,,,,,,
2020-05-15,,,,,,,,,,
2020-05-16,,,,,,,,,,
2020-05-17,,,,,,,,,,
2020-05-18,,,,,,,,,,
2020-05-19,,,,,,,,,,
2020-05-20,,,,,,,,,,
2020-05-21,,,,,,,,,,
2020-05-22,,,,,,,,,,
2020-05-23,,,,,,,,,,
2020-05-24,,,,,,,,,,
2020-05-25,,,,,,,,,,
2020-05-26,,,,,,,,,,
2020-05-27,,,,,,,,,,
2020-05-28,,,,,,,,,,
2020-05-29,,,,,,,,,,
2020-05-30,,,,,,,,,,
2020-05-31,,,,,,,,,,
2020-06-01,,,,,,,,,,
2020-06-02,,,,,,,,,,
2020-06-03,,,,,,,,,,
2020-06-04,,,,,,,,,,
2020-06-05,,,,,,,,,,
2020-06-06,,,,,,,,,,
2020-06-07,,,,,,,,,,
2020-06-08,,,,,,,,,,
2020-06-09,,,,,,,,,,
2020-06-10,,,,,,,,,,
2020-06-11,,,,,,,,,,
2020-06-12,,,,,,,,,,
2020-06-13,,,,,,,,,,
2020-06-14,,,,,,,,,,
2020-06-15,,,,,,,,,,
2020-06-16,,,,,,,,,,
2020-06-17,,,,,,,,,,
2020-06-18,,,,,,,,,,
2020-06-19,,,,,,,,,,
2020-06-20,,,,,,,,,,
2020-06-21,,,,,,,,,,
2020-06-22,,,,,,,,,,
2020-06-23,,,,,,,,,,
2020-06-24,,,,,,,,,,
2020-06-25,,,,,,,,,,
2020-06-26,,,,,,,,,,
2020-06-27,,,,,,,,,,
2020-06-28,,,,,,,,,,
2020-06-29,,,,,,,,,,
2020-06-30,,,,,,,,,,
2020-07-01,,,,,,,,,,
2020-07-02,,,,,,,,,,
2020-07-03,,,,,,,,,,
2020-07-04,,,,,,,,,,
2020-07-05,,,,,,,,,,
2020-07-06,,,,,,,,,,
2020-07-07,,,,,,,,,,
2020-07-08,,,,,,,,,,
2020-07-09,,,,,,,,,,
2020-07-10,,,,,,,,,,
2020-07-11,,,,,,,,,,
2020-07-12,,,,,,,,,,
2020-07-13,,,,,,,,,,
2020-07-14,,,,,,,,,,
2020-07-15,,,,,,,,,,
2020-07-16,,,,,,,,,,
2020-07-17,,,,,,,,,,
2020-07-18,,,,,,,,,,
2020-07-19,,,,,,,,,,
2020-07-20,,,,,,,,,,
2020-07-21,,,,,,,,,,
2020-07-22,,,,,,,,,,
2020-07-23,,,,,,,,,,
2020-07-24,,,,,,,,,,
2020-07-25,,,,,,,,,,
2020-07-26,,,,,,,,,,
2020-07-27,,,,,,,,,,
2020-07-28,,,,,,,,,,
2020-07-29,,,,,,,,,,
2020-07-30,,,,,,,,,,
2020-07-31,,,,,,,,,,
2020-08-01,,,,,,,,,,
2020-08-02,,,,,,,,,,
2020-08-03,,,,,,,,,,
2020-08-04,,,,,,,,,,
2020-08-05,,,,,,,,,,
2020-08-06,,,,,,,,,,
2020-08-07,,,,,,,,,,
2020-08-08,,,,,,,,,,
2020-08-09,,,,,,,,,,
2020-08-10,,,,,,,,,,
2020-08-11,,,,,,,,,,
2020-08-12,,,,,,,,,,
2020-08-13,,,,,,,,,,
2020-08-14,,,,,,,,,,
2020-08-15,,,,,,,,,,
2020-08-16,,,,,,,,,,
2020-08-17,,,,,,,,,,
2020-08-18,,,,,,,,,,
2020-08-19,,,,,,,,,,
2020-08-20,,,,,,,,,,
2020-08-21,,,,,,,,,,
2020-08-22,,,,,,,,,,
2020-08-23,,,,,,,,,,
2020-08-24,,,,,,,,,,
2020-08-25,,,,,,,,,,
2020-08-26,,,,,,,,,,
2020-08-27,,,,,,,,,,
2020-08-28,,,,,,,,,,
2020-08-29,,,,,,,,,,
2020-08-30,,,,,,,,,,
2020-08-31,,,,,,,,,,
2020-09-01,,,,,,,,,,
2020-09-02,,,,,,,,,,
2020-09-03,,,,,,,,,,
2020-09-04,,,,,,,,,,
2020-09-05,,,,,,,,,,
2020-09-06,,,,,,,,,,
2020-09-07,,,,,,,,,,
2020-09-08,,,,,,,,,,
2020-09-09,,,,,,,,,,
2020-09-10,,,,,,,,,,
2020-09-11,,,,,,,,,,
2020-09-12,,,,,,,,,,
2020-09-13,,,,,,,,,,
2020-09-14,,,,,,,,,,
2020-09-15,,,,,,,,,,
2020-09-16,,,,,,,,,,
2020-09-17,,,,,,,,,,
2020-09-18,,,,,,,,,,
2020-09-19,,,,,,,,,,
2020-09-20,,,,,,,,,,
2020-09-21,,,,,,,,,,
2020-09-22,,,,,,,,,,
2020-09-23,,,,,,,,,,
2020-09-24,,,,,,,,,,
2020-09-25,,,,,,,,,,
2020-09-26,,,,,,,,,,
2020-09-27,,,,,,,,,,
2020-09-28,,,,,,,,,,
2020-09-29,,,,,,,,,,
2020-09-30,,,,,,,,,,
2020-10-01,,,,,,,,,,
2020-10-02,,,,,,,,,,
2020-10-03,,,,,,,,,,
2020-10-04,,,,,,,,,,
2020-10-05,,,,,,,,,,
2020-10-06,,,,,,,,,,
2020-10-07,,,,,,,,,,
2020-10-08,,,,,,,,,,
2020-10-09,,,,,,,,,,
2020-10-10,,,,,,,,,,
2020-10-11,,,,,,,,,,
2020-10-12,,,,,,,,,,
2020-10-13,,,,,,,,,,
2020-10-14,,,,,,,,,,
2020-10-15,,,,,,,,,,
2020-10-16,,,,,,,,,,
2020-10-17,,,,,,,,,,
2020-10-18,,,,,,,,,,
2020-10-19,,,,,,,,,,
2020-10-20,,,,,,,,,,
2020-10-21,,,,,,,,,,
2020-10-22,,,,,,,,,,
2020-10-23,,,,,,,,,,
2020-10-24,,,,,,,,,,
2020-10-25,,,,,,,,,,
2020-10-26,,,,,,,,,,
2020-10-27,,,,,,,,,,
2020-10-28,,,,,,,,,,
2020-10-29,,,,,,,,,,
2020-10-30,,,,,,,,,,
2020-10-31,,,,,,,,,,
2020-11-01,,,,,,,,,,
2020-11-02,,,,,,,,,,
2020-11-03,,,,,,,,,,
2020-11-04,,,,,,,,,,
2020-11-05,,,,,,,,,,
2020-11-06,,,,,,,,,,
2020-11-07,,,,,,,,,,
2020-11-08,,,,,,,,,,
2020-11-09,,,,,,,,,,
2020-11-10,,,,,,,,,,
2020-11-11,,,,,,,,,,
2020-11-12,,,,,,,,,,
2020-11-13,,,,,,,,,,
2020-11-14,,,,,,,,,,
2020-11-15,,,,,,,,,,
2020-11-16,,,,,,,,,,
2020-11-17,,,,,,,,,,
2020-11-18,,,,,,,,,,
2020-11-19,,,,,,,,,,
2020-11-20,,,,,,,,,,
2020-11-21,,,,,,,,,,
2020-11-22,,,,,,,,,,
2020-11-23,,,,,,,,,,
2020-11-24,,,,,,,,,,
2020-11-25,,,,,,,,,,
2020-11-26,,,,,,,,,,
2020-11-27,,,,,,,,,,
2020-11-28,,,,,,,,,,
2020-11-29,,,,,,,,,,
2020-11-30,,,,,,,,,,
2020-12-01,,,,,,,,,,
2020-12-02,,,,,,,,,,
2020-12-03,,,,,,,,,,
2020-12-04,,,,,,,,,,
2020-12-05,,,,,,,,,,
2020-12-06,,,,,,,,,,
2020-12-07,,,,,,,,,,
2020-12-08,,,,,,,,,,
2020-12-09,,,,,,,,,,
2020-12-10,,,,,,,,,,
2020-12-11,,,,,,,,,,
2020-12-12,,,,,,,,,,
2020-12-13,,,,,,,,,,
2020-12-14,,,,,,,,,,
2020-12-15,,,,,,,,,,
2020-12-16,,,,,,,,,,
2020-12-17,,,,,,,,,,
2020-12-18,,,,,,,,,,
2020-12-19,,,,,,,,,,
2020-12-20,,,,,,,,,,
2020-12-21,,,,,,,,,,
2020-12-22,,,,,,,,,,
2020-12-23,,,,,,,,,,
2020-12-24,,,,,,,,,,
2020-12-25,,,,,,,,,,
2020-12-26,,,,,,,,,,
2020-12-27,7332.0,17.0,0.0,17.0,0.0,7332.0,17.0,0.0,0.0,17.0
2020-12-28,1503.0,2.0,0.0,2.0,0.0,8835.0,19.0,0.0,0.0,19.0
2020-12-29,1098.0,1.0,0.0,1.0,0.0,9933.0,20.0,0.0,0.0,20.0
2020-12-30,4881.0,6.0,0.0,6.0,0.0,14814.0,26.0,0.0,0.0,26.0
2020-12-31,25903.0,47.0,0.0,47.0,0.0,40717.0,73.0,0.0,0.0,73.0
2021-01-01,11256.0,19.0,0.0,19.0,0.0,51973.0,92.0,0.0,0.0,92.0
2021-01-02,38997.0,81.0,0.0,81.0,0.0,90970.0,173.0,0.0,0.0,173.0
2021-01-03,35824.0,59.0,0.0,59.0,0.0,126794.0,232.0,0.0,0.0,232.0
2021-01-04,69466.0,166.0,0.0,157.0,9.0,196260.0,398.0,0.0,9.0,389.0
2021-01-05,80060.0,202.0,0.0,200.0,2.0,276320.0,600.0,0.0,11.0,589.0
2021-01-06,65017.0,168.0,0.0,166.0,2.0,341337.0,768.0,0.0,13.0,755.0
2021-01-07,92417.0,245.0,0.0,243.0,2.0,433754.0,1013.0,0.0,15.0,998.0
2021-01-08,96704.0,292.0,0.0,292.0,0.0,530458.0,1305.0,0.0,15.0,1290.0
2021-01-09,88049.0,220.0,0.0,220.0,0.0,618507.0,1525.0,0.0,15.0,1510.0
2021-01-10,60809.0,126.0,0.0,126.0,0.0,679316.0,1651.0,0.0,15.0,1636.0
2021-01-11,81975.0,230.0,0.0,227.0,3.0,761291.0,1881.0,0.0,18.0,1863.0
2021-01-12,83305.0,248.0,0.0,248.0,0.0,844596.0,2129.0,0.0,18.0,2111.0
2021-01-13,95144.0,354.0,0.0,354.0,0.0,939740.0,2483.0,0.0,18.0,2465.0
2021-01-14,94136.0,445.0,0.0,445.0,0.0,1033876.0,2928.0,0.0,18.0,2910.0
2021-01-15,90772.0,273.0,0.0,273.0,0.0,1124648.0,3201.0,0.0,18.0,3183.0
2021-01-16,65955.0,180.0,0.0,180.0,0.0,1190603.0,3381.0,0.0,18.0,3363.0
2021-01-17,34589.0,3051.0,0.0,61.0,0.0,1225192.0,6432.0,0.0,18.0,3424.0
2021-01-18,39505.0,5202.0,0.0,105.0,0.0,1264697.0,11634.0,0.0,18.0,3529.0
2021-01-19,31742.0,1886.0,0.0,94.0,0.0,1296439.0,13520.0,0.0,18.0,3623.0
2021-01-20,26884.0,4651.0,0.0,45.0,0.0,1323323.0,18171.0,0.0,18.0,3668.0
2021-01-21,16573.0,20007.0,0.0,47.0,0.0,1339896.0,38178.0,0.0,18.0,3715.0
2021-01-22,13253.0,14200.0,0.0,33.0,0.0,1353149.0,52378.0,0.0,18.0,3748.0
2021-01-23,6034.0,33347.0,0.0,14.0,0.0,1359183.0,85725.0,0.0,18.0,3762.0
2021-01-24,3248.0,30795.0,0.0,12.0,0.0,1362431.0,116520.0,0.0,18.0,3774.0
2021-01-25,4896.0,64755.0,0.0,19.0,0.0,1367327.0,181275.0,0.0,18.0,3793.0
2021-01-26,4346.0,76526.0,0.0,12.0,0.0,1371673.0,257801.0,0.0,18.0,3805.0
2021-01-27,6395.0,64861.0,0.0,15.0,0.0,1378068.0,322662.0,0.0,18.0,3820.0
2021-01-28,4924.0,89331.0,0.0,30.0,0.0,1382992.0,411993.0,0.0,18.0,3850.0
2021-01-29,5119.0,94059.0,0.0,20.0,0.0,1388111.0,506052.0,0.0,18.0,3870.0
2021-01-30,4197.0,86598.0,0.0,24.0,0.0,1392308.0,592650.0,0.0,18.0,3894.0
2021-01-31,2663.0,57346.0,0.0,4.0,0.0,1394971.0,649996.0,0.0,18.0,3898.0
2021-02-01,4366.0,81894.0,0.0,15.0,0.0,1399337.0,731890.0,0.0,18.0,3913.0
2021-02-02,6480.0,82161.0,0.0,29.0,1.0,1405817.0,814051.0,0.0,19.0,3942.0
2021-02-03,9084.0,91210.0,0.0,42.0,0.0,1414901.0,905261.0,0.0,19.0,3984.0
2021-02-04,13619.0,95416.0,0.0,39.0,5.0,1428520.0,1000677.0,0.0,24.0,4023.0
2021-02-05,17940.0,90299.0,0.0,89.0,0.0,1446460.0,1090976.0,0.0,24.0,4112.0
2021-02-06,14647.0,63454.0,0.0,81.0,1.0,1461107.0,1154430.0,0.0,25.0,4193.0
2021-02-07,9514.0,32924.0,0.0,52.0,0.0,1470621.0,1187354.0,0.0,25.0,4245.0
2021-02-08,26839.0,40433.0,0.0,137.0,2.0,1497460.0,1227787.0,0.0,27.0,4382.0
2021-02-09,34432.0,32859.0,0.0,162.0,0.0,1531892.0,1260646.0,0.0,27.0,4544.0
2021-02-10,44944.0,28413.0,0.0,221.0,0.0,1576836.0,1289059.0,0.0,27.0,4765.0
2021-02-11,54954.0,20378.0,0.0,467.0,0.0,1631790.0,1309437.0,0.0,27.0,5232.0
2021-02-12,58400.0,16212.0,0.0,695.0,0.0,1690190.0,1325649.0,0.0,27.0,5927.0
2021-02-13,45709.0,7233.0,0.0,454.0,0.0,1735899.0,1332882.0,0.0,27.0,6381.0
2021-02-14,27171.0,2861.0,0.0,256.0,0.0,1763070.0,1335743.0,0.0,27.0,6637.0
2021-02-15,56191.0,6834.0,0.0,779.0,0.0,1819261.0,1342577.0,0.0,27.0,7416.0
2021-02-16,64520.0,6988.0,0.0,777.0,0.0,1883781.0,1349565.0,0.0,27.0,8193.0
2021-02-17,70258.0,10516.0,0.0,911.0,0.0,1954039.0,1360081.0,0.0,27.0,9104.0
2021-02-18,81399.0,9238.0,0.0,1094.0,0.0,2035438.0,1369319.0,0.0,27.0,10198.0
2021-02-19,85474.0,8222.0,0.0,1391.0,0.0,2120912.0,1377541.0,0.0,27.0,11589.0
2021-02-20,73100.0,5512.0,0.0,996.0,0.0,2194012.0,1383053.0,0.0,27.0,12585.0
2021-02-21,48294.0,2968.0,0.0,708.0,0.0,2242306.0,1386021.0,0.0,27.0,13293.0
2021-02-22,99378.0,6870.0,0.0,1468.0,0.0,2341684.0,1392891.0,0.0,27.0,14761.0
2021-02-23,99895.0,7148.0,0.0,1656.0,0.0,2441579.0,1400039.0,0.0,27.0,16417.0
2021-02-24,112957.0,9815.0,0.0,1622.0,0.0,2554536.0,1409854.0,0.0,27.0,18039.0
2021-02-25,114827.0,14190.0,0.0,1868.0,0.0,2669363.0,1424044.0,0.0,27.0,19907.0
2021-02-26,121706.0,17543.0,0.0,2071.0,0.0,2791069.0,1441587.0,0.0,27.0,21978.0
2021-02-27,113277.0,13892.0,0.0,1941.0,0.0,2904346.0,1455479.0,0.0,27.0,23919.0
2021-02-28,69140.0,9376.0,0.0,1159.0,0.0,2973486.0,1464855.0,0.0,27.0,25078.0
2021-03-01,109710.0,26493.0,0.0,1970.0,1.0,3083196.0,1491348.0,0.0,28.0,27048.0
2021-03-02,129325.0,33223.0,0.0,2410.0,1.0,3212521.0,1524571.0,0.0,29.0,29458.0
2021-03-03,143398.0,44637.0,0.0,2435.0,0.0,3355919.0,1569208.0,0.0,29.0,31893.0
2021-03-04,148591.0,50278.0,0.0,2957.0,0.0,3504510.0,1619486.0,0.0,29.0,34850.0
2021-03-05,151286.0,55782.0,0.0,3204.0,0.0,3655796.0,1675268.0,0.0,29.0,38054.0
2021-03-06,136825.0,41861.0,0.0,2612.0,2.0,3792621.0,1717129.0,0.0,31.0,40666.0
2021-03-07,80943.0,22316.0,0.0,1881.0,1.0,3873564.0,1739445.0,0.0,32.0,42547.0
2021-03-08,131687.0,50771.0,0.0,3128.0,6.0,4005251.0,1790216.0,0.0,38.0,45675.0
2021-03-09,143196.0,53044.0,0.0,3490.0,1.0,4148447.0,1843260.0,0.0,39.0,49165.0
2021-03-10,158032.0,58593.0,0.0,3545.0,4.0,4306479.0,1901853.0,0.0,43.0,52710.0
2021-03-11,161560.0,63810.0,0.0,3933.0,9.0,4468039.0,1965663.0,0.0,52.0,56643.0
2021-03-12,148288.0,65073.0,0.0,3894.0,8.0,4616327.0,2030736.0,0.0,60.0,60537.0
2021-03-13,125998.0,51685.0,0.0,3144.0,6.0,4742325.0,2082421.0,0.0,66.0,63681.0
2021-03-14,70738.0,35374.0,0.0,1959.0,5.0,4813063.0,2117795.0,0.0,71.0,65640.0
2021-03-15,102471.0,73408.0,0.0,2817.0,10.0,4915534.0,2191203.0,0.0,81.0,68457.0
2021-03-16,66904.0,74014.0,0.0,1306.0,17.0,4982438.0,2265217.0,0.0,98.0,69763.0
2021-03-17,83268.0,83127.0,0.0,1717.0,27.0,5065706.0,2348344.0,0.0,125.0,71480.0
2021-03-18,82630.0,81614.0,0.0,1871.0,20.0,5148336.0,2429958.0,0.0,145.0,73351.0
2021-03-19,95743.0,81066.0,0.0,2100.0,13.0,5244079.0,2511024.0,0.0,158.0,75451.0
2021-03-20,111770.0,64688.0,0.0,2416.0,5.0,5355849.0,2575712.0,0.0,163.0,77867.0
2021-03-21,83516.0,47281.0,0.0,1974.0,3.0,5439365.0,2622993.0,0.0,166.0,79841.0
2021-03-22,127340.0,69450.0,0.0,3345.0,0.0,5566705.0,2692443.0,0.0,166.0,83186.0
2021-03-23,151467.0,75763.0,0.0,4119.0,8.0,5718172.0,2768206.0,0.0,174.0,87305.0
2021-03-24,167580.0,90852.0,0.0,4476.0,2.0,5885752.0,2859058.0,0.0,176.0,91781.0
2021-03-25,182137.0,89768.0,0.0,5187.0,3.0,6067889.0,2948826.0,0.0,179.0,96968.0
2021-03-26,189375.0,83563.0,0.0,5118.0,6.0,6257264.0,3032389.0,0.0,185.0,102086.0
2021-03-27,169711.0,71885.0,0.0,4493.0,5.0,6426975.0,3104274.0,0.0,190.0,106579.0
2021-03-28,119680.0,44101.0,0.0,3207.0,1.0,6546655.0,3148375.0,0.0,191.0,109786.0
2021-03-29,173708.0,70777.0,0.0,4498.0,0.0,6720363.0,3219152.0,0.0,191.0,114284.0
2021-03-30,189711.0,81328.0,0.0,4904.0,3.0,6910074.0,3300480.0,0.0,194.0,119188.0
2021-03-31,211487.0,96178.0,0.0,5090.0,18.0,7121561.0,3396658.0,0.0,212.0,124278.0
2021-04-01,193808.0,95264.0,0.0,4682.0,8.0,7315369.0,3491922.0,0.0,220.0,128960.0
2021-04-02,199958.0,84045.0,0.0,4694.0,3.0,7515327.0,3575967.0,0.0,223.0,133654.0
2021-04-03,166834.0,64289.0,0.0,3327.0,2.0,7682161.0,3640256.0,0.0,225.0,136981.0
2021-04-04,74635.0,21711.0,0.0,1298.0,0.0,7756796.0,3661967.0,0.0,225.0,138279.0
2021-04-05,131364.0,40292.0,0.0,2258.0,8.0,7888160.0,3702259.0,0.0,233.0,140537.0
2021-04-06,206034.0,81275.0,0.0,4867.0,57.0,8094194.0,3783534.0,0.0,290.0,145404.0
2021-04-07,239650.0,95782.0,0.0,5670.0,7.0,8333844.0,3879316.0,0.0,297.0,151074.0
2021-04-08,245099.0,95201.0,0.0,5913.0,9.0,8578943.0,3974517.0,0.0,306.0,156987.0
2021-04-09,248776.0,88454.0,0.0,6195.0,29.0,8827719.0,4062971.0,0.0,335.0,163182.0
2021-04-10,248085.0,73995.0,0.0,5148.0,5.0,9075804.0,4136966.0,0.0,340.0,168330.0
2021-04-11,157807.0,44732.0,0.0,3350.0,4.0,9233611.0,4181698.0,0.0,344.0,171680.0
2021-04-12,201532.0,66889.0,0.0,4324.0,7.0,9435143.0,4248587.0,0.0,351.0,176004.0
2021-04-13,218140.0,72540.0,0.0,4910.0,8.0,9653283.0,4321127.0,0.0,359.0,180914.0
2021-04-14,237185.0,85497.0,0.0,5401.0,2.0,9890468.0,4406624.0,0.0,361.0,186315.0
2021-04-15,247937.0,105373.0,0.0,6263.0,0.0,10138405.0,4511997.0,0.0,361.0,192578.0
2021-04-16,275504.0,106381.0,0.0,6550.0,2.0,10413909.0,4618378.0,0.0,363.0,199128.0
2021-04-17,270542.0,90458.0,0.0,6149.0,0.0,10684451.0,4708836.0,0.0,363.0,205277.0
2021-04-18,184078.0,58565.0,0.0,4195.0,1.0,10868529.0,4767401.0,0.0,364.0,209472.0
2021-04-19,218687.0,93413.0,0.0,5448.0,2.0,11087216.0,4860814.0,0.0,366.0,214920.0
2021-04-20,231373.0,103732.0,0.0,5802.0,1.0,11318589.0,4964546.0,0.0,367.0,220722.0
2021-04-21,249356.0,125316.0,0.0,6043.0,4.0,11567945.0,5089862.0,0.0,371.0,226765.0
2021-04-22,257389.0,143480.0,0.0,7185.0,291.0,11825334.0,5233342.0,0.0,662.0,233950.0
2021-04-23,268510.0,138682.0,0.0,7389.0,545.0,12093844.0,5372024.0,0.0,1207.0,241339.0
2021-04-24,263732.0,124409.0,0.0,6692.0,3038.0,12357576.0,5496433.0,0.0,4245.0,248031.0
2021-04-25,206783.0,61430.0,0.0,5503.0,8753.0,12564359.0,5557863.0,0.0,12998.0,253534.0
2021-04-26,247947.0,97850.0,0.0,6333.0,9362.0,12812306.0,5655713.0,0.0,22360.0,259867.0
2021-04-27,246613.0,128323.0,0.0,6818.0,9825.0,13058919.0,5784036.0,0.0,32185.0,266685.0
2021-04-28,254358.0,156325.0,0.0,7396.0,8951.0,13313277.0,5940361.0,0.0,41136.0,274081.0
2021-04-29,336202.0,195544.0,0.0,10444.0,10129.0,13649479.0,6135905.0,0.0,51265.0,284525.0
2021-04-30,315946.0,214531.0,0.0,9634.0,14637.0,13965425.0,6350436.0,0.0,65902.0,294159.0
2021-05-01,260271.0,174058.0,0.0,6830.0,17853.0,14225696.0,6524494.0,0.0,83755.0,300989.0
2021-05-02,235035.0,135768.0,0.0,6487.0,11590.0,14460731.0,6660262.0,0.0,95345.0,307476.0
2021-05-03,272152.0,141966.0,0.0,7925.0,11877.0,14732883.0,6802228.0,0.0,107222.0,315401.0
2021-05-04,295205.0,158660.0,0.0,8709.0,12149.0,15028088.0,6960888.0,0.0,119371.0,324110.0
2021-05-05,316961.0,170425.0,0.0,9770.0,14344.0,15345049.0,7131313.0,0.0,133715.0,333880.0
2021-05-06,324816.0,197761.0,0.0,10776.0,13024.0,15669865.0,7329074.0,0.0,146739.0,344656.0
2021-05-07,333026.0,213745.0,0.0,11287.0,12546.0,16002891.0,7542819.0,0.0,159285.0,355943.0
2021-05-08,301251.0,213350.0,0.0,9000.0,17229.0,16304142.0,7756169.0,0.0,176514.0,364943.0
2021-05-09,241010.0,143156.0,0.0,6877.0,9036.0,16545152.0,7899325.0,0.0,185550.0,371820.0
2021-05-10,277417.0,165052.0,0.0,8380.0,8128.0,16822569.0,8064377.0,0.0,193678.0,380200.0
2021-05-11,283993.0,174913.0,0.0,8701.0,10090.0,17106562.0,8239290.0,0.0,203768.0,388901.0
2021-05-12,307143.0,179094.0,0.0,10038.0,8993.0,17413705.0,8418384.0,0.0,212761.0,398939.0
2021-05-13,327367.0,203295.0,0.0,10815.0,8271.0,17741072.0,8621679.0,0.0,221032.0,409754.0
2021-05-14,333816.0,222854.0,0.0,10976.0,8180.0,18074888.0,8844533.0,0.0,229212.0,420730.0
2021-05-15,335716.0,210284.0,0.0,10199.0,17969.0,18410604.0,9054817.0,0.0,247181.0,430929.0
2021-05-16,251291.0,159223.0,0.0,5786.0,16262.0,18661895.0,9214040.0,0.0,263443.0,436715.0
2021-05-17,249197.0,219145.0,0.0,6305.0,18008.0,18911092.0,9433185.0,0.0,281451.0,443020.0
2021-05-18,257926.0,212951.0,0.0,6399.0,18217.0,19169018.0,9646136.0,0.0,299668.0,449419.0
2021-05-19,281601.0,207020.0,0.0,7146.0,18460.0,19450619.0,9853156.0,0.0,318128.0,456565.0
2021-05-20,284468.0,270790.0,0.0,7620.0,20080.0,19735087.0,10123946.0,0.0,338208.0,464185.0
2021-05-21,302515.0,270813.0,0.0,8260.0,18700.0,20037602.0,10394759.0,0.0,356908.0,472445.0
2021-05-22,277944.0,245474.0,0.0,6552.0,38379.0,20315546.0,10640233.0,0.0,395287.0,478997.0
2021-05-23,210844.0,197152.0,0.0,4663.0,36003.0,20526390.0,10837385.0,0.0,431290.0,483660.0
2021-05-24,237260.0,228263.0,0.0,5734.0,32526.0,20763650.0,11065648.0,0.0,463816.0,489394.0
2021-05-25,235028.0,245653.0,0.0,6138.0,29444.0,20998678.0,11311301.0,0.0,493260.0,495532.0
2021-05-26,251461.0,277452.0,0.0,6554.0,31143.0,21250139.0,11588753.0,0.0,524403.0,502086.0
2021-05-27,280708.0,311030.0,0.0,7359.0,22113.0,21530847.0,11899783.0,0.0,546516.0,509445.0
2021-05-28,296484.0,299521.0,0.0,7945.0,20534.0,21827331.0,12199304.0,0.0,567050.0,517390.0
2021-05-29,294202.0,231142.0,0.0,7129.0,19088.0,22121533.0,12430446.0,0.0,586138.0,524519.0
2021-05-30,231750.0,170790.0,0.0,5375.0,18920.0,22353283.0,12601236.0,0.0,605058.0,529894.0
2021-05-31,264428.0,216357.0,0.0,6959.0,56574.0,22617711.0,12817593.0,0.0,661632.0,536853.0
2021-06-01,262647.0,207595.0,0.0,6135.0,67242.0,22880358.0,13025188.0,0.0,728874.0,542988.0
2021-06-02,297237.0,115731.0,0.0,6506.0,37941.0,23177595.0,13140919.0,0.0,766815.0,549494.0
2021-06-03,418657.0,180028.0,0.0,10532.0,37948.0,23596252.0,13320947.0,0.0,804763.0,560026.0
2021-06-04,449355.0,184767.0,0.0,10776.0,48057.0,24045607.0,13505714.0,0.0,852820.0,570802.0
2021-06-05,433301.0,185837.0,0.0,10372.0,57397.0,24478908.0,13691551.0,0.0,910217.0,581174.0
2021-06-06,373258.0,139445.0,0.0,8646.0,49157.0,24852166.0,13830996.0,0.0,959374.0,589820.0
2021-06-07,410432.0,161741.0,0.0,10306.0,37402.0,25262598.0,13992737.0,0.0,996776.0,600126.0
2021-06-08,412295.0,171064.0,0.0,10155.0,41093.0,25674893.0,14163801.0,0.0,1037869.0,610281.0
2021-06-09,423994.0,171347.0,0.0,10944.0,38515.0,26098887.0,14335148.0,0.0,1076384.0,621225.0
2021-06-10,460897.0,173938.0,0.0,12298.0,32999.0,26559784.0,14509086.0,0.0,1109383.0,633523.0
2021-06-11,454074.0,169850.0,0.0,12189.0,24084.0,27013858.0,14678936.0,0.0,1133467.0,645712.0
2021-06-12,438977.0,128218.0,0.0,10734.0,15214.0,27452835.0,14807154.0,0.0,1148681.0,656446.0
2021-06-13,345106.0,91073.0,0.0,8402.0,5741.0,27797941.0,14898227.0,0.0,1154422.0,664848.0
2021-06-14,319775.0,214589.0,0.0,8251.0,6881.0,28117716.0,15112816.0,0.0,1161303.0,673099.0
2021-06-15,309007.0,228301.0,0.0,8178.0,7119.0,28426723.0,15341117.0,0.0,1168422.0,681277.0
2021-06-16,305837.0,252971.0,0.0,8379.0,8047.0,28732560.0,15594088.0,0.0,1176469.0,689656.0
2021-06-17,304158.0,301626.0,0.0,8548.0,7967.0,29036718.0,15895714.0,0.0,1184436.0,698204.0
2021-06-18,304207.0,306195.0,0.0,9087.0,5962.0,29340925.0,16201909.0,0.0,1190398.0,707291.0
2021-06-19,284863.0,274992.0,0.0,7891.0,4508.0,29625788.0,16476901.0,0.0,1194906.0,715182.0
2021-06-20,217663.0,220656.0,0.0,6238.0,2561.0,29843451.0,16697557.0,0.0,1197467.0,721420.0
2021-06-21,271576.0,287965.0,0.0,8412.0,4871.0,30115027.0,16985522.0,0.0,1202338.0,729832.0
2021-06-22,276358.0,296129.0,0.0,8662.0,5231.0,30391385.0,17281651.0,0.0,1207569.0,738494.0
2021-06-23,266614.0,302636.0,0.0,8595.0,5678.0,30657999.0,17584287.0,0.0,1213247.0,747089.0
2021-06-24,280335.0,332490.0,0.0,9731.0,5495.0,30938334.0,17916777.0,0.0,1218742.0,756820.0
2021-06-25,269611.0,348645.0,0.0,9643.0,5072.0,31207945.0,18265422.0,0.0,1223814.0,766463.0
2021-06-26,255544.0,300031.0,0.0,8858.0,3599.0,31463489.0,18565453.0,0.0,1227413.0,775321.0
2021-06-27,203251.0,228575.0,0.0,7311.0,3285.0,31666740.0,18794028.0,0.0,1230698.0,782632.0
2021-06-28,253341.0,306964.0,0.0,9625.0,4033.0,31920081.0,19100992.0,0.0,1234731.0,792257.0
2021-06-29,235099.0,329164.0,0.0,8827.0,3700.0,32155180.0,19430156.0,0.0,1238431.0,801084.0
2021-06-30,232382.0,342016.0,0.0,9837.0,4809.0,32387562.0,19772172.0,0.0,1243240.0,810921.0
2021-07-01,206972.0,363102.0,0.0,10297.0,5088.0,32594534.0,20135274.0,0.0,1248328.0,821218.0
2021-07-02,188030.0,368398.0,0.0,9293.0,4204.0,32782564.0,20503672.0,0.0,1252532.0,830511.0
2021-07-03,156676.0,371040.0,0.0,7623.0,2773.0,32939240.0,20874712.0,0.0,1255305.0,838134.0
2021-07-04,131751.0,283146.0,0.0,6285.0,2544.0,33070991.0,21157858.0,0.0,1257849.0,844419.0
2021-07-05,157019.0,384481.0,0.0,8910.0,4231.0,33228010.0,21542339.0,0.0,1262080.0,853329.0
2021-07-06,153778.0,385372.0,0.0,7435.0,4064.0,33381788.0,21927711.0,0.0,1266144.0,860764.0
2021-07-07,137228.0,412019.0,0.0,7385.0,3286.0,33519016.0,22339730.0,0.0,1269430.0,868149.0
2021-07-08,106961.0,479640.0,0.0,6088.0,3295.0,33625977.0,22819370.0,0.0,1272725.0,874237.0
2021-07-09,101110.0,498518.0,0.0,6177.0,2995.0,33727087.0,23317888.0,0.0,1275720.0,880414.0
2021-07-10,94607.0,475185.0,0.0,5553.0,1938.0,33821694.0,23793073.0,0.0,1277658.0,885967.0
2021-07-11,53890.0,357708.0,0.0,3592.0,1839.0,33875584.0,24150781.0,0.0,1279497.0,889559.0
2021-07-12,81896.0,485929.0,0.0,5768.0,3427.0,33957480.0,24636710.0,0.0,1282924.0,895327.0
2021-07-13,80170.0,492167.0,0.0,5920.0,3073.0,34037650.0,25128877.0,0.0,1285997.0,901247.0
2021-07-14,87587.0,480485.0,0.0,6717.0,3975.0,34125237.0,25609362.0,0.0,1289972.0,907964.0
2021-07-15,91437.0,523530.0,0.0,7396.0,4057.0,34216674.0,26132892.0,0.0,1294029.0,915360.0
2021-07-16,87080.0,509790.0,0.0,6682.0,3552.0,34303754.0,26642682.0,0.0,1297581.0,922042.0
2021-07-17,74121.0,464387.0,0.0,5557.0,2352.0,34377875.0,27107069.0,0.0,1299933.0,927599.0
2021-07-18,80592.0,364711.0,0.0,4793.0,1509.0,34458467.0,27471780.0,0.0,1301442.0,932392.0
2021-07-19,112017.0,463076.0,0.0,7432.0,3204.0,34570484.0,27934856.0,0.0,1304646.0,939824.0
2021-07-20,109912.0,458113.0,0.0,7671.0,3529.0,34680396.0,28392969.0,0.0,1308175.0,947495.0
2021-07-21,122196.0,462809.0,0.0,8390.0,5209.0,34802592.0,28855778.0,0.0,1313384.0,955885.0
2021-07-22,132286.0,475390.0,0.0,9573.0,4587.0,34934878.0,29331168.0,0.0,1317971.0,965458.0
2021-07-23,147019.0,441310.0,0.0,10265.0,4618.0,35081897.0,29772478.0,0.0,1322589.0,975723.0
2021-07-24,109395.0,386188.0,0.0,6687.0,4571.0,35191292.0,30158666.0,0.0,1327160.0,982410.0
2021-07-25,76223.0,287609.0,0.0,4224.0,2908.0,35267515.0,30446275.0,0.0,1330068.0,986634.0
2021-07-26,134792.0,430900.0,0.0,7738.0,5333.0,35402307.0,30877175.0,0.0,1335401.0,994372.0
2021-07-27,133870.0,440117.0,0.0,7650.0,6196.0,35536177.0,31317292.0,0.0,1341597.0,1002022.0
2021-07-28,148859.0,391015.0,0.0,8954.0,6882.0,35685036.0,31708307.0,0.0,1348479.0,1010976.0
2021-07-29,168343.0,372077.0,0.0,9599.0,5892.0,35853379.0,32080384.0,0.0,1354371.0,1020575.0
2021-07-30,175066.0,341461.0,0.0,10277.0,6229.0,36028445.0,32421845.0,0.0,1360600.0,1030852.0
2021-07-31,145941.0,286972.0,0.0,8070.0,4238.0,36174386.0,32708817.0,0.0,1364838.0,1038922.0
2021-08-01,105567.0,191007.0,0.0,5836.0,2382.0,36279953.0,32899824.0,0.0,1367220.0,1044758.0
2021-08-02,144373.0,333709.0,0.0,8086.0,4455.0,36424326.0,33233533.0,0.0,1371675.0,1052844.0
2021-08-03,146082.0,323161.0,0.0,8105.0,4034.0,36570408.0,33556694.0,0.0,1375709.0,1060949.0
2021-08-04,167563.0,310932.0,0.0,9363.0,3686.0,36737971.0,33867626.0,0.0,1379395.0,1070312.0
2021-08-05,169935.0,292512.0,0.0,9289.0,3533.0,36907906.0,34160138.0,0.0,1382928.0,1079601.0
2021-08-06,180390.0,259969.0,0.0,9897.0,4562.0,37088296.0,34420107.0,0.0,1387490.0,1089498.0
2021-08-07,146622.0,199003.0,0.0,7763.0,3139.0,37234918.0,34619110.0,0.0,1390629.0,1097261.0
2021-08-08,106690.0,153092.0,0.0,5047.0,1575.0,37341608.0,34772202.0,0.0,1392204.0,1102308.0
2021-08-09,173742.0,234043.0,0.0,10315.0,3519.0,37515350.0,35006245.0,0.0,1395723.0,1112623.0
2021-08-10,172831.0,205217.0,0.0,10446.0,3593.0,37688181.0,35211462.0,0.0,1399316.0,1123069.0
2021-08-11,165566.0,193708.0,0.0,9948.0,4101.0,37853747.0,35405170.0,0.0,1403417.0,1133017.0
2021-08-12,171364.0,167905.0,0.0,10856.0,3648.0,38025111.0,35573075.0,0.0,1407065.0,1143873.0
2021-08-13,148615.0,148547.0,0.0,8873.0,2838.0,38173726.0,35721622.0,0.0,1409903.0,1152746.0
2021-08-14,62782.0,66066.0,0.0,3370.0,1029.0,38236508.0,35787688.0,0.0,1410932.0,1156116.0
2021-08-15,26620.0,26327.0,0.0,1335.0,523.0,38263128.0,35814015.0,0.0,1411455.0,1157451.0
2021-08-16,120591.0,114649.0,0.0,7684.0,2037.0,38383719.0,35928664.0,0.0,1413492.0,1165135.0
2021-08-17,122324.0,129213.0,0.0,7691.0,3435.0,38506043.0,36057877.0,0.0,1416927.0,1172826.0
2021-08-18,131391.0,128701.0,0.0,8641.0,3602.0,38637434.0,36186578.0,0.0,1420529.0,1181467.0
2021-08-19,117975.0,124734.0,0.0,7840.0,3267.0,38755409.0,36311312.0,0.0,1423796.0,1189307.0
2021-08-20,108080.0,123759.0,0.0,7616.0,2520.0,38863489.0,36435071.0,0.0,1426316.0,1196923.0
2021-08-21,73481.0,83082.0,0.0,5204.0,1489.0,38936970.0,36518153.0,0.0,1427805.0,1202127.0
2021-08-22,45243.0,68151.0,0.0,3000.0,1582.0,38982213.0,36586304.0,0.0,1429387.0,1205127.0
2021-08-23,134244.0,176843.0,0.0,11988.0,3703.0,39116457.0,36763147.0,0.0,1433090.0,1217115.0
2021-08-24,124395.0,156880.0,0.0,11430.0,2708.0,39240852.0,36920027.0,0.0,1435798.0,1228545.0
2021-08-25,118377.0,177157.0,0.0,10942.0,3024.0,39359229.0,37097184.0,0.0,1438822.0,1239487.0
2021-08-26,110067.0,172341.0,0.0,10426.0,2780.0,39469296.0,37269525.0,0.0,1441602.0,1249913.0
2021-08-27,105290.0,185846.0,0.0,9755.0,2473.0,39574586.0,37455371.0,0.0,1444075.0,1259668.0
2021-08-28,87369.0,140253.0,0.0,7744.0,1482.0,39661955.0,37595624.0,0.0,1445557.0,1267412.0
2021-08-29,62235.0,99022.0,0.0,5175.0,882.0,39724190.0,37694646.0,0.0,1446439.0,1272587.0
2021-08-30,141265.0,209628.0,0.0,14078.0,2378.0,39865455.0,37904274.0,0.0,1448817.0,1286665.0
2021-08-31,129918.0,194591.0,0.0,12440.0,2303.0,39995373.0,38098865.0,0.0,1451120.0,1299105.0
2021-09-01,122308.0,192186.0,0.0,11617.0,1867.0,40117681.0,38291051.0,0.0,1452987.0,1310722.0
2021-09-02,109075.0,189916.0,0.0,10474.0,2435.0,40226756.0,38480967.0,0.0,1455422.0,1321196.0
2021-09-03,105196.0,191347.0,0.0,10345.0,1732.0,40331952.0,38672314.0,0.0,1457154.0,1331541.0
2021-09-04,89626.0,131490.0,0.0,9243.0,1110.0,40421578.0,38803804.0,0.0,1458264.0,1340784.0
2021-09-05,55530.0,87864.0,0.0,5139.0,619.0,40477108.0,38891668.0,0.0,1458883.0,1345923.0
2021-09-06,96696.0,193671.0,0.0,9946.0,1602.0,40573804.0,39085339.0,0.0,1460485.0,1355869.0
2021-09-07,87191.0,196064.0,0.0,8985.0,1565.0,40660995.0,39281403.0,0.0,1462050.0,1364854.0
2021-09-08,84063.0,187925.0,0.0,8961.0,1584.0,40745058.0,39469328.0,0.0,1463634.0,1373815.0
2021-09-09,77248.0,201480.0,0.0,8724.0,1468.0,40822306.0,39670808.0,0.0,1465102.0,1382539.0
2021-09-10,76029.0,198126.0,0.0,9099.0,984.0,40898335.0,39868934.0,0.0,1466086.0,1391638.0
2021-09-11,64065.0,141335.0,0.0,7473.0,918.0,40962400.0,40010269.0,0.0,1467004.0,1399111.0
2021-09-12,42815.0,89606.0,0.0,4734.0,515.0,41005215.0,40099875.0,0.0,1467519.0,1403845.0
2021-09-13,65211.0,191193.0,478.0,7453.0,805.0,41070426.0,40291068.0,478.0,1468324.0,1411298.0
2021-09-14,62062.0,177276.0,519.0,7231.0,1254.0,41132488.0,40468344.0,997.0,1469578.0,1418529.0
2021-09-15,60425.0,163129.0,533.0,7346.0,897.0,41192913.0,40631473.0,1530.0,1470475.0,1425875.0
2021-09-16,55561.0,160105.0,863.0,6352.0,1006.0,41248474.0,40791578.0,2393.0,1471481.0,1432227.0
2021-09-17,67654.0,150164.0,1065.0,7047.0,941.0,41316128.0,40941742.0,3458.0,1472422.0,1439274.0
2021-09-18,78643.0,127960.0,695.0,7474.0,1003.0,41394771.0,41069702.0,4153.0,1473425.0,1446748.0
2021-09-19,49435.0,81114.0,470.0,4549.0,526.0,41444206.0,41150816.0,4623.0,1473951.0,1451297.0
2021-09-20,77951.0,180061.0,9025.0,7020.0,932.0,41522157.0,41330877.0,13648.0,1474883.0,1458317.0
2021-09-21,81100.0,166583.0,8797.0,6761.0,1161.0,41603257.0,41497460.0,22445.0,1476044.0,1465078.0
2021-09-22,83805.0,159034.0,9404.0,7040.0,917.0,41687062.0,41656494.0,31849.0,1476961.0,1472118.0
2021-09-23,82999.0,138039.0,9296.0,7085.0,1213.0,41770061.0,41794533.0,41145.0,1478174.0,1479203.0
2021-09-24,86160.0,140495.0,8924.0,7454.0,1057.0,41856221.0,41935028.0,50069.0,1479231.0,1486657.0
2021-09-25,80133.0,119515.0,5610.0,6740.0,1070.0,41936354.0,42054543.0,55679.0,1480301.0,1493397.0
2021-09-26,51318.0,71924.0,4326.0,4202.0,723.0,41987672.0,42126467.0,60005.0,1481024.0,1497599.0
2021-09-27,76720.0,135581.0,10016.0,6541.0,1098.0,42064392.0,42262048.0,70021.0,1482122.0,1504140.0
2021-09-28,73766.0,117441.0,11356.0,6536.0,901.0,42138158.0,42379489.0,81377.0,1483023.0,1510676.0
2021-09-29,73498.0,112284.0,11801.0,6242.0,766.0,42211656.0,42491773.0,93178.0,1483789.0,1516918.0
2021-09-30,79367.0,110187.0,14902.0,6956.0,1421.0,42291023.0,42601960.0,108080.0,1485210.0,1523874.0
2021-10-01,62830.0,94920.0,19091.0,5452.0,538.0,42353853.0,42696880.0,127171.0,1485748.0,1529326.0
2021-10-02,58043.0,78429.0,14006.0,4852.0,516.0,42411896.0,42775309.0,141177.0,1486264.0,1534178.0
2021-10-03,30829.0,47697.0,7646.0,2544.0,280.0,42442725.0,42823006.0,148823.0,1486544.0,1536722.0
2021-10-04,52769.0,88346.0,34425.0,4612.0,458.0,42495494.0,42911352.0,183248.0,1487002.0,1541334.0
2021-10-05,52054.0,80335.0,33953.0,4594.0,529.0,42547548.0,42991687.0,217201.0,1487531.0,1545928.0
2021-10-06,53348.0,71946.0,34135.0,4624.0,536.0,42600896.0,43063633.0,251336.0,1488067.0,1550552.0
2021-10-07,54865.0,71806.0,34331.0,5266.0,597.0,42655761.0,43135439.0,285667.0,1488664.0,1555818.0
2021-10-08,58684.0,80585.0,33567.0,5472.0,668.0,42714445.0,43216024.0,319234.0,1489332.0,1561290.0
2021-10-09,50274.0,76070.0,22146.0,4809.0,650.0,42764719.0,43292094.0,341380.0,1489982.0,1566099.0
2021-10-10,25970.0,45757.0,13608.0,2306.0,359.0,42790689.0,43337851.0,354988.0,1490341.0,1568405.0
2021-10-11,54817.0,87378.0,41075.0,4665.0,457.0,42845506.0,43425229.0,396063.0,1490798.0,1573070.0
2021-10-12,58470.0,84455.0,46864.0,4705.0,724.0,42903976.0,43509684.0,442927.0,1491522.0,1577775.0
2021-10-13,65052.0,88156.0,52070.0,4518.0,726.0,42969028.0,43597840.0,494997.0,1492248.0,1582293.0
2021-10-14,75651.0,91465.0,58463.0,5351.0,833.0,43044679.0,43689305.0,553460.0,1493081.0,1587644.0
2021-10-15,70650.0,93552.0,55572.0,5595.0,717.0,43115329.0,43782857.0,609032.0,1493798.0,1593239.0
2021-10-16,51715.0,82918.0,36758.0,4978.0,641.0,43167044.0,43865775.0,645790.0,1494439.0,1598217.0
2021-10-17,28820.0,51429.0,23812.0,2478.0,412.0,43195864.0,43917204.0,669602.0,1494851.0,1600695.0
2021-10-18,47652.0,90267.0,59431.0,4213.0,344.0,43243516.0,44007471.0,729033.0,1495195.0,1604908.0
2021-10-19,38668.0,78309.0,69350.0,3752.0,380.0,43282184.0,44085780.0,798383.0,1495575.0,1608660.0
2021-10-20,35003.0,75033.0,78132.0,3666.0,273.0,43317187.0,44160813.0,876515.0,1495848.0,1612326.0
2021-10-21,31929.0,78282.0,81719.0,3602.0,349.0,43349116.0,44239095.0,958234.0,1496197.0,1615928.0
2021-10-22,29921.0,73796.0,76986.0,3832.0,488.0,43379037.0,44312891.0,1035220.0,1496685.0,1619760.0
2021-10-23,21054.0,60786.0,51941.0,2976.0,210.0,43400091.0,44373677.0,1087161.0,1496895.0,1622736.0
2021-10-24,10840.0,33381.0,23431.0,1398.0,163.0,43410931.0,44407058.0,1110592.0,1497058.0,1624134.0
2021-10-25,23672.0,64882.0,81596.0,3046.0,216.0,43434603.0,44471940.0,1192188.0,1497274.0,1627180.0
2021-10-26,21481.0,58361.0,91749.0,2686.0,211.0,43456084.0,44530301.0,1283937.0,1497485.0,1629866.0
2021-10-27,21230.0,58319.0,103935.0,2580.0,228.0,43477314.0,44588620.0,1387872.0,1497713.0,1632446.0
2021-10-28,20310.0,61449.0,114075.0,2629.0,132.0,43497624.0,44650069.0,1501947.0,1497845.0,1635075.0
2021-10-29,18706.0,61671.0,103063.0,2364.0,126.0,43516330.0,44711740.0,1605010.0,1497971.0,1637439.0
2021-10-30,15553.0,50672.0,68090.0,2277.0,115.0,43531883.0,44762412.0,1673100.0,1498086.0,1639716.0
2021-10-31,7449.0,25165.0,28274.0,1072.0,48.0,43539332.0,44787577.0,1701374.0,1498134.0,1640788.0
2021-11-01,5507.0,19043.0,28141.0,689.0,26.0,43544839.0,44806620.0,1729515.0,1498160.0,1641477.0
2021-11-02,16474.0,62769.0,89329.0,1916.0,81.0,43561313.0,44869389.0,1818844.0,1498241.0,1643393.0
2021-11-03,16931.0,60737.0,118620.0,2083.0,104.0,43578244.0,44930126.0,1937464.0,1498345.0,1645476.0
2021-11-04,17544.0,59253.0,126620.0,2059.0,72.0,43595788.0,44989379.0,2064084.0,1498417.0,1647535.0
2021-11-05,18179.0,63087.0,135145.0,1907.0,219.0,43613967.0,45052466.0,2199229.0,1498636.0,1649442.0
2021-11-06,15653.0,46460.0,90909.0,1829.0,84.0,43629620.0,45098926.0,2290138.0,1498720.0,1651271.0
2021-11-07,7092.0,22250.0,37884.0,803.0,13.0,43636712.0,45121176.0,2328022.0,1498733.0,1652074.0
2021-11-08,18385.0,51518.0,131221.0,1905.0,95.0,43655097.0,45172694.0,2459243.0,1498828.0,1653979.0
2021-11-09,17855.0,45403.0,144161.0,1592.0,74.0,43672952.0,45218097.0,2603404.0,1498902.0,1655571.0
2021-11-10,18732.0,42576.0,156339.0,1529.0,54.0,43691684.0,45260673.0,2759743.0,1498956.0,1657100.0
2021-11-11,18916.0,44927.0,155103.0,1597.0,64.0,43710600.0,45305600.0,2914846.0,1499020.0,1658697.0
2021-11-12,18910.0,46366.0,158530.0,1417.0,84.0,43729510.0,45351966.0,3073376.0,1499104.0,1660114.0
2021-11-13,17367.0,33242.0,116629.0,1463.0,78.0,43746877.0,45385208.0,3190005.0,1499182.0,1661577.0
2021-11-14,7262.0,14473.0,52436.0,545.0,41.0,43754139.0,45399681.0,3242441.0,1499223.0,1662122.0
2021-11-15,18041.0,36882.0,157393.0,1436.0,52.0,43772180.0,45436563.0,3399834.0,1499275.0,1663558.0
2021-11-16,17752.0,30530.0,171355.0,1301.0,96.0,43789932.0,45467093.0,3571189.0,1499371.0,1664859.0
2021-11-17,17786.0,28429.0,178415.0,1223.0,74.0,43807718.0,45495522.0,3749604.0,1499445.0,1666082.0
2021-11-18,20270.0,30263.0,193659.0,1189.0,71.0,43827988.0,45525785.0,3943263.0,1499516.0,1667271.0
2021-11-19,20069.0,28773.0,205813.0,1277.0,52.0,43848057.0,45554558.0,4149076.0,1499568.0,1668548.0
2021-11-20,17445.0,20970.0,156416.0,1137.0,65.0,43865502.0,45575528.0,4305492.0,1499633.0,1669685.0
2021-11-21,8455.0,10601.0,64857.0,509.0,42.0,43873957.0,45586129.0,4370349.0,1499675.0,1670194.0
2021-11-22,21211.0,21910.0,213125.0,1288.0,71.0,43895168.0,45608039.0,4583474.0,1499746.0,1671482.0
2021-11-23,20660.0,23538.0,241692.0,1115.0,110.0,43915828.0,45631577.0,4825166.0,1499856.0,1672597.0
2021-11-24,20995.0,27795.0,270915.0,1215.0,139.0,43936823.0,45659372.0,5096081.0,1499995.0,1673812.0
2021-11-25,25908.0,23193.0,301874.0,1415.0,96.0,43962731.0,45682565.0,5397955.0,1500091.0,1675227.0
2021-11-26,28004.0,24533.0,318237.0,1571.0,125.0,43990735.0,45707098.0,5716192.0,1500216.0,1676798.0
2021-11-27,28072.0,21339.0,266122.0,1666.0,104.0,44018807.0,45728437.0,5982314.0,1500320.0,1678464.0
2021-11-28,14539.0,9878.0,137042.0,806.0,66.0,44033346.0,45738315.0,6119356.0,1500386.0,1679270.0
2021-11-29,31925.0,22273.0,326036.0,1967.0,82.0,44065271.0,45760588.0,6445392.0,1500468.0,1681237.0
2021-11-30,31058.0,23037.0,365789.0,1976.0,124.0,44096329.0,45783625.0,6811181.0,1500592.0,1683213.0
2021-12-01,30309.0,21475.0,413477.0,2047.0,107.0,44126638.0,45805100.0,7224658.0,1500699.0,1685260.0
2021-12-02,31213.0,23719.0,440346.0,2347.0,101.0,44157851.0,45828819.0,7665004.0,1500800.0,1687607.0
2021-12-03,32394.0,25166.0,467408.0,2574.0,108.0,44190245.0,45853985.0,8132412.0,1500908.0,1690181.0
2021-12-04,30076.0,22297.0,418695.0,2382.0,165.0,44220321.0,45876282.0,8551107.0,1501073.0,1692563.0
2021-12-05,21536.0,11885.0,261309.0,1743.0,76.0,44241857.0,45888167.0,8812416.0,1501149.0,1694306.0
2021-12-06,41307.0,25735.0,457535.0,3338.0,117.0,44283164.0,45913902.0,9269951.0,1501266.0,1697644.0
2021-12-07,39657.0,24058.0,480201.0,3215.0,174.0,44322821.0,45937960.0,9750152.0,1501440.0,1700859.0
2021-12-08,21919.0,9960.0,249662.0,1873.0,90.0,44344740.0,45947920.0,9999814.0,1501530.0,1702732.0
2021-12-09,35095.0,31480.0,491875.0,3452.0,116.0,44379835.0,45979400.0,10491689.0,1501646.0,1706184.0
2021-12-10,33044.0,27981.0,517832.0,3302.0,134.0,44412879.0,46007381.0,11009521.0,1501780.0,1709486.0
2021-12-11,29096.0,23494.0,459214.0,2995.0,111.0,44441975.0,46030875.0,11468735.0,1501891.0,1712481.0
2021-12-12,19424.0,12260.0,293471.0,1907.0,70.0,44461399.0,46043135.0,11762206.0,1501961.0,1714388.0
2021-12-13,29733.0,26078.0,467592.0,3267.0,110.0,44491132.0,46069213.0,12229798.0,1502071.0,1717655.0
2021-12-14,29717.0,25091.0,494152.0,3186.0,136.0,44520849.0,46094304.0,12723950.0,1502207.0,1720841.0
2021-12-15,28064.0,25267.0,517092.0,3141.0,98.0,44548913.0,46119571.0,13241042.0,1502305.0,1723982.0
2021-12-16,42261.0,27763.0,520196.0,3777.0,131.0,44591174.0,46147334.0,13761238.0,1502436.0,1727759.0
2021-12-17,37859.0,29257.0,517124.0,3267.0,78.0,44629033.0,46176591.0,14278362.0,1502514.0,1731026.0
2021-12-18,49381.0,26917.0,468683.0,3563.0,88.0,44678414.0,46203508.0,14747045.0,1502602.0,1734589.0
2021-12-19,35175.0,15068.0,300496.0,2667.0,48.0,44713589.0,46218576.0,15047541.0,1502650.0,1737256.0
2021-12-20,38302.0,30509.0,477427.0,3372.0,106.0,44751891.0,46249085.0,15524968.0,1502756.0,1740628.0
2021-12-21,37774.0,30264.0,493316.0,3232.0,129.0,44789665.0,46279349.0,16018284.0,1502885.0,1743860.0
2021-12-22,38787.0,29330.0,484662.0,3241.0,151.0,44828452.0,46308679.0,16502946.0,1503036.0,1747101.0
2021-12-23,39426.0,28126.0,426852.0,3247.0,92.0,44867878.0,46336805.0,16929798.0,1503128.0,1750348.0
2021-12-24,13920.0,13058.0,210804.0,1233.0,51.0,44881798.0,46349863.0,17140602.0,1503179.0,1751581.0
2021-12-25,1500.0,2098.0,33053.0,122.0,13.0,44883298.0,46351961.0,17173655.0,1503192.0,1751703.0
2021-12-26,15780.0,8714.0,159055.0,1205.0,26.0,44899078.0,46360675.0,17332710.0,1503218.0,1752908.0
2021-12-27,45856.0,46635.0,504608.0,4326.0,65.0,44944934.0,46407310.0,17837318.0,1503283.0,1757234.0
2021-12-28,55089.0,42282.0,554153.0,4987.0,67.0,45000023.0,46449592.0,18391471.0,1503350.0,1762221.0
2021-12-29,56151.0,34137.0,550609.0,4901.0,45.0,45056174.0,46483729.0,18942080.0,1503395.0,1767122.0
2021-12-30,51290.0,31661.0,499776.0,4535.0,95.0,45107464.0,46515390.0,19441856.0,1503490.0,1771657.0
2021-12-31,19556.0,14041.0,247383.0,1855.0,281.0,45127020.0,46529431.0,19689239.0,1503771.0,1773512.0
2022-01-01,4886.0,3471.0,64806.0,465.0,27.0,45131906.0,46532902.0,19754045.0,1503798.0,1773977.0
2022-01-02,40000.0,22619.0,276713.0,3785.0,80.0,45171906.0,46555521.0,20030758.0,1503878.0,1777762.0
2022-01-03,59927.0,47615.0,520934.0,6106.0,114.0,45231833.0,46603136.0,20551692.0,1503992.0,1783868.0
2022-01-04,70448.0,46199.0,572960.0,6689.0,134.0,45302281.0,46649335.0,21124652.0,1504126.0,1790557.0
2022-01-05,65955.0,40471.0,561271.0,6442.0,63.0,45368236.0,46689806.0,21685923.0,1504189.0,1796999.0
2022-01-06,42833.0,23300.0,274466.0,3673.0,92.0,45411069.0,46713106.0,21960389.0,1504281.0,1800672.0
2022-01-07,70112.0,63399.0,555102.0,6567.0,107.0,45481181.0,46776505.0,22515491.0,1504388.0,1807239.0
2022-01-08,77221.0,60474.0,503339.0,6658.0,176.0,45558402.0,46836979.0,23018830.0,1504564.0,1813897.0
2022-01-09,59047.0,42531.0,319672.0,4980.0,148.0,45617449.0,46879510.0,23338502.0,1504712.0,1818877.0
2022-01-10,65236.0,60817.0,543179.0,5610.0,138.0,45682685.0,46940327.0,23881681.0,1504850.0,1824487.0
2022-01-11,76451.0,61459.0,587935.0,6145.0,135.0,45759136.0,47001786.0,24469616.0,1504985.0,1830632.0
2022-01-12,73832.0,58124.0,582216.0,5924.0,129.0,45832968.0,47059910.0,25051832.0,1505114.0,1836556.0
2022-01-13,69010.0,58294.0,581254.0,5506.0,89.0,45901978.0,47118204.0,25633086.0,1505203.0,1842062.0
2022-01-14,72625.0,46422.0,589401.0,5604.0,137.0,45974603.0,47164626.0,26222487.0,1505340.0,1847666.0
2022-01-15,91613.0,38868.0,569906.0,6616.0,103.0,46066216.0,47203494.0,26792393.0,1505443.0,1854282.0
2022-01-16,61440.0,30911.0,341826.0,4368.0,86.0,46127656.0,47234405.0,27134219.0,1505529.0,1858650.0
2022-01-17,54652.0,54533.0,490542.0,4159.0,95.0,46182308.0,47288938.0,27624761.0,1505624.0,1862809.0
2022-01-18,55215.0,58220.0,517853.0,4134.0,187.0,46237523.0,47347158.0,28142614.0,1505811.0,1866943.0
2022-01-19,50930.0,56981.0,503609.0,3997.0,54.0,46288453.0,47404139.0,28646223.0,1505865.0,1870940.0
2022-01-20,50457.0,54179.0,499643.0,3788.0,96.0,46338910.0,47458318.0,29145866.0,1505961.0,1874728.0
2022-01-21,50630.0,41820.0,494711.0,3837.0,95.0,46389540.0,47500138.0,29640577.0,1506056.0,1878565.0
2022-01-22,65559.0,30840.0,469566.0,4521.0,79.0,46455099.0,47530978.0,30110143.0,1506135.0,1883086.0
2022-01-23,38198.0,34711.0,275346.0,2480.0,61.0,46493297.0,47565689.0,30385489.0,1506196.0,1885566.0
2022-01-24,37584.0,56018.0,438117.0,2964.0,50.0,46530881.0,47621707.0,30823606.0,1506246.0,1888530.0
2022-01-25,38084.0,61536.0,452996.0,2950.0,101.0,46568965.0,47683243.0,31276602.0,1506347.0,1891480.0
2022-01-26,36856.0,58383.0,436673.0,2831.0,67.0,46605821.0,47741626.0,31713275.0,1506414.0,1894311.0
2022-01-27,37301.0,48680.0,433220.0,2811.0,73.0,46643122.0,47790306.0,32146495.0,1506487.0,1897122.0
2022-01-28,37673.0,58486.0,437409.0,2877.0,80.0,46680795.0,47848792.0,32583904.0,1506567.0,1899999.0
2022-01-29,48017.0,67833.0,412451.0,3252.0,67.0,46728812.0,47916625.0,32996355.0,1506634.0,1903251.0
2022-01-30,34278.0,50219.0,235942.0,2151.0,60.0,46763090.0,47966844.0,33232297.0,1506694.0,1905402.0
2022-01-31,34001.0,60373.0,357861.0,2701.0,93.0,46797091.0,48027217.0,33590158.0,1506787.0,1908103.0
2022-02-01,31178.0,65412.0,329381.0,2409.0,66.0,46828269.0,48092629.0,33919539.0,1506853.0,1910512.0
2022-02-02,27790.0,63101.0,297849.0,2283.0,25.0,46856059.0,48155730.0,34217388.0,1506878.0,1912795.0
2022-02-03,26280.0,59998.0,275321.0,2090.0,57.0,46882339.0,48215728.0,34492709.0,1506935.0,1914885.0
2022-02-04,26898.0,72336.0,269246.0,2177.0,24.0,46909237.0,48288064.0,34761955.0,1506959.0,1917062.0
2022-02-05,33460.0,83588.0,248507.0,2507.0,59.0,46942697.0,48371652.0,35010462.0,1507018.0,1919569.0
2022-02-06,19287.0,55168.0,116181.0,1339.0,16.0,46961984.0,48426820.0,35126643.0,1507034.0,1920908.0
2022-02-07,19086.0,65085.0,200752.0,1725.0,28.0,46981070.0,48491905.0,35327395.0,1507062.0,1922633.0
2022-02-08,20071.0,66838.0,186875.0,1709.0,77.0,47001141.0,48558743.0,35514270.0,1507139.0,1924342.0
2022-02-09,18010.0,58679.0,167004.0,1589.0,26.0,47019151.0,48617422.0,35681274.0,1507165.0,1925931.0
2022-02-10,16692.0,58492.0,163888.0,1524.0,42.0,47035843.0,48675914.0,35845162.0,1507207.0,1927455.0
2022-02-11,16848.0,62197.0,163080.0,1538.0,44.0,47052691.0,48738111.0,36008242.0,1507251.0,1928993.0
2022-02-12,19022.0,71849.0,152112.0,1666.0,37.0,47071713.0,48809960.0,36160354.0,1507288.0,1930659.0
2022-02-13,9167.0,41413.0,68837.0,899.0,21.0,47080880.0,48851373.0,36229191.0,1507309.0,1931558.0
2022-02-14,9927.0,46656.0,116835.0,1105.0,12.0,47090807.0,48898029.0,36346026.0,1507321.0,1932663.0
2022-02-15,11538.0,48495.0,124081.0,1357.0,34.0,47102345.0,48946524.0,36470107.0,1507355.0,1934020.0
2022-02-16,9596.0,45639.0,106676.0,1054.0,23.0,47111941.0,48992163.0,36576783.0,1507378.0,1935074.0
2022-02-17,8481.0,42890.0,98505.0,974.0,18.0,47120422.0,49035053.0,36675288.0,1507396.0,1936048.0
2022-02-18,9157.0,46603.0,112912.0,1162.0,28.0,47129579.0,49081656.0,36788200.0,1507424.0,1937210.0
2022-02-19,9477.0,52450.0,100310.0,1186.0,11.0,47139056.0,49134106.0,36888510.0,1507435.0,1938396.0
2022-02-20,3749.0,31378.0,40350.0,541.0,3.0,47142805.0,49165484.0,36928860.0,1507438.0,1938937.0
2022-02-21,5913.0,37925.0,89871.0,849.0,11.0,47148718.0,49203409.0,37018731.0,1507449.0,1939786.0
2022-02-22,6117.0,37239.0,83928.0,859.0,33.0,47154835.0,49240648.0,37102659.0,1507482.0,1940645.0
2022-02-23,5777.0,33424.0,79520.0,800.0,11.0,47160612.0,49274072.0,37182179.0,1507493.0,1941445.0
2022-02-24,5753.0,32582.0,78264.0,755.0,9.0,47166365.0,49306654.0,37260443.0,1507502.0,1942200.0
2022-02-25,5262.0,34758.0,90840.0,772.0,7.0,47171627.0,49341412.0,37351283.0,1507509.0,1942972.0
2022-02-26,5151.0,39107.0,89116.0,896.0,11.0,47176778.0,49380519.0,37440399.0,1507520.0,1943868.0
2022-02-27,2104.0,22524.0,35849.0,391.0,7.0,47178882.0,49403043.0,37476248.0,1507527.0,1944259.0
2022-02-28,4788.0,28499.0,81898.0,738.0,3.0,47183670.0,49431542.0,37558146.0,1507530.0,1944997.0
2022-03-01,5674.0,22696.0,54099.0,634.0,0.0,47189344.0,49454238.0,37612245.0,1507530.0,1945631.0
2022-03-02,4603.0,22004.0,50723.0,565.0,4.0,47193947.0,49476242.0,37662968.0,1507534.0,1946196.0
2022-03-03,5280.0,22613.0,55044.0,641.0,2.0,47199227.0,49498855.0,37718012.0,1507536.0,1946837.0
2022-03-04,4495.0,23201.0,62919.0,634.0,3.0,47203722.0,49522056.0,37780931.0,1507539.0,1947471.0
2022-03-05,4535.0,23747.0,57949.0,661.0,3.0,47208257.0,49545803.0,37838880.0,1507542.0,1948132.0
2022-03-06,1468.0,9458.0,17194.0,234.0,5.0,47209725.0,49555261.0,37856074.0,1507547.0,1948366.0
2022-03-07,3457.0,15910.0,51544.0,445.0,2.0,47213182.0,49571171.0,37907618.0,1507549.0,1948811.0
2022-03-08,3613.0,15473.0,48990.0,462.0,4.0,47216795.0,49586644.0,37956608.0,1507553.0,1949273.0
2022-03-09,3197.0,13812.0,46588.0,369.0,1.0,47219992.0,49600456.0,38003196.0,1507554.0,1949642.0
2022-03-10,3679.0,14011.0,52270.0,419.0,0.0,47223671.0,49614467.0,38055466.0,1507554.0,1950061.0
2022-03-11,3718.0,15558.0,57374.0,510.0,12.0,47227389.0,49630025.0,38112840.0,1507566.0,1950571.0
2022-03-12,3532.0,15459.0,56609.0,568.0,0.0,47230921.0,49645484.0,38169449.0,1507566.0,1951139.0
2022-03-13,1213.0,5533.0,16845.0,170.0,0.0,47232134.0,49651017.0,38186294.0,1507566.0,1951309.0
2022-03-14,3090.0,10514.0,46834.0,340.0,2.0,47235224.0,49661531.0,38233128.0,1507568.0,1951649.0
2022-03-15,3168.0,10541.0,47019.0,370.0,4.0,47238392.0,49672072.0,38280147.0,1507572.0,1952019.0
2022-03-16,3014.0,9473.0,42087.0,286.0,0.0,47241406.0,49681545.0,38322234.0,1507572.0,1952305.0
2022-03-17,3120.0,9703.0,44998.0,299.0,0.0,47244526.0,49691248.0,38367232.0,1507572.0,1952604.0
2022-03-18,3012.0,10176.0,49151.0,295.0,2.0,47247538.0,49701424.0,38416383.0,1507574.0,1952899.0
2022-03-19,2865.0,9118.0,46525.0,415.0,2.0,47250403.0,49710542.0,38462908.0,1507576.0,1953314.0
2022-03-20,783.0,2596.0,11696.0,104.0,0.0,47251186.0,49713138.0,38474604.0,1507576.0,1953418.0
2022-03-21,2286.0,7571.0,40356.0,249.0,1.0,47253472.0,49720709.0,38514960.0,1507577.0,1953667.0
2022-03-22,2200.0,8434.0,37833.0,214.0,1.0,47255672.0,49729143.0,38552793.0,1507578.0,1953881.0
2022-03-23,2144.0,7214.0,33753.0,224.0,1.0,47257816.0,49736357.0,38586546.0,1507579.0,1954105.0
2022-03-24,2324.0,8256.0,38845.0,284.0,0.0,47260140.0,49744613.0,38625391.0,1507579.0,1954389.0
2022-03-25,2169.0,8129.0,43732.0,299.0,0.0,47262309.0,49752742.0,38669123.0,1507579.0,1954688.0
2022-03-26,2329.0,8103.0,41709.0,453.0,0.0,47264638.0,49760845.0,38710832.0,1507579.0,1955141.0
2022-03-27,697.0,2422.0,9683.0,99.0,0.0,47265335.0,49763267.0,38720515.0,1507579.0,1955240.0
2022-03-28,1704.0,6102.0,35299.0,191.0,0.0,47267039.0,49769369.0,38755814.0,1507579.0,1955431.0
2022-03-29,1775.0,5776.0,32588.0,207.0,0.0,47268814.0,49775145.0,38788402.0,1507579.0,1955638.0
2022-03-30,1724.0,5546.0,30236.0,221.0,0.0,47270538.0,49780691.0,38818638.0,1507579.0,1955859.0
2022-03-31,1738.0,5885.0,33231.0,245.0,0.0,47272276.0,49786576.0,38851869.0,1507579.0,1956104.0
2022-04-01,1216.0,4339.0,25176.0,193.0,0.0,47273492.0,49790915.0,38877045.0,1507579.0,1956297.0
2022-04-02,1285.0,4475.0,23267.0,319.0,0.0,47274777.0,49795390.0,38900312.0,1507579.0,1956616.0
2022-04-03,318.0,1042.0,4497.0,97.0,0.0,47275095.0,49796432.0,38904809.0,1507579.0,1956713.0
2022-04-04,949.0,3641.0,21513.0,139.0,0.0,47276044.0,49800073.0,38926322.0,1507579.0,1956852.0
2022-04-05,1101.0,3766.0,23024.0,181.0,1.0,47277145.0,49803839.0,38949346.0,1507580.0,1957033.0
2022-04-06,1156.0,4074.0,21892.0,201.0,1.0,47278301.0,49807913.0,38971238.0,1507581.0,1957234.0
2022-04-07,1187.0,3953.0,23370.0,181.0,0.0,47279488.0,49811866.0,38994608.0,1507581.0,1957415.0
2022-04-08,1244.0,4674.0,26697.0,272.0,5.0,47280732.0,49816540.0,39021305.0,1507586.0,1957687.0
2022-04-09,1169.0,4358.0,23873.0,363.0,0.0,47281901.0,49820898.0,39045178.0,1507586.0,1958050.0
2022-04-10,286.0,888.0,4613.0,120.0,0.0,47282187.0,49821786.0,39049791.0,1507586.0,1958170.0
2022-04-11,1046.0,3782.0,22674.0,239.0,0.0,47283233.0,49825568.0,39072465.0,1507586.0,1958409.0
2022-04-12,1041.0,3377.0,21855.0,210.0,0.0,47284274.0,49828945.0,39094320.0,1507586.0,1958619.0
2022-04-13,1130.0,3553.0,21365.0,241.0,3.0,47285404.0,49832498.0,39115685.0,1507589.0,1958860.0
2022-04-14,1201.0,3471.0,23836.0,280.0,0.0,47286605.0,49835969.0,39139521.0,1507589.0,1959140.0
2022-04-15,941.0,3065.0,20607.0,228.0,1.0,47287546.0,49839034.0,39160128.0,1507590.0,1959368.0
2022-04-16,586.0,2142.0,11919.0,217.0,0.0,47288132.0,49841176.0,39172047.0,1507590.0,1959585.0
2022-04-17,34.0,63.0,348.0,5.0,0.0,47288166.0,49841239.0,39172395.0,1507590.0,1959590.0
2022-04-18,37.0,148.0,650.0,11.0,0.0,47288203.0,49841387.0,39173045.0,1507590.0,1959601.0
2022-04-19,1001.0,3484.0,22059.0,282.0,2.0,47289204.0,49844871.0,39195104.0,1507592.0,1959883.0
2022-04-20,1015.0,3479.0,20286.0,254.0,0.0,47290219.0,49848350.0,39215390.0,1507592.0,1960137.0
2022-04-21,989.0,2843.0,19823.0,225.0,0.0,47291208.0,49851193.0,39235213.0,1507592.0,1960362.0
2022-04-22,1008.0,2904.0,20685.0,276.0,0.0,47292216.0,49854097.0,39255898.0,1507592.0,1960638.0
2022-04-23,837.0,2625.0,16197.0,350.0,0.0,47293053.0,49856722.0,39272095.0,1507592.0,1960988.0
2022-04-24,122.0,508.0,2334.0,102.0,1.0,47293175.0,49857230.0,39274429.0,1507593.0,1961090.0
2022-04-25,46.0,183.0,1165.0,25.0,0.0,47293221.0,49857413.0,39275594.0,1507593.0,1961115.0
2022-04-26,899.0,2751.0,17843.0,286.0,0.0,47294120.0,49860164.0,39293437.0,1507593.0,1961401.0
2022-04-27,876.0,2355.0,15808.0,252.0,0.0,47294996.0,49862519.0,39309245.0,1507593.0,1961653.0
2022-04-28,744.0,2344.0,15573.0,217.0,0.0,47295740.0,49864863.0,39324818.0,1507593.0,1961870.0
2022-04-29,858.0,2273.0,14828.0,370.0,3.0,47296598.0,49867136.0,39339646.0,1507596.0,1962240.0
2022-04-30,687.0,2112.0,11573.0,492.0,1.0,47297285.0,49869248.0,39351219.0,1507597.0,1962732.0
2022-05-01,37.0,113.0,530.0,30.0,0.0,47297322.0,49869361.0,39351749.0,1507597.0,1962762.0
2022-05-02,509.0,1433.0,9376.0,228.0,0.0,47297831.0,49870794.0,39361125.0,1507597.0,1962990.0
2022-05-03,582.0,1573.0,10340.0,243.0,1.0,47298413.0,49872367.0,39371465.0,1507598.0,1963233.0
2022-05-04,662.0,1736.0,10269.0,288.0,1.0,47299075.0,49874103.0,39381734.0,1507599.0,1963521.0
2022-05-05,595.0,1624.0,10248.0,284.0,0.0,47299670.0,49875727.0,39391982.0,1507599.0,1963805.0
2022-05-06,556.0,1679.0,10925.0,308.0,1.0,47300226.0,49877406.0,39402907.0,1507600.0,1964113.0
2022-05-07,531.0,1428.0,8558.0,365.0,0.0,47300757.0,49878834.0,39411465.0,1507600.0,1964478.0
2022-05-08,112.0,404.0,1513.0,142.0,0.0,47300869.0,49879238.0,39412978.0,1507600.0,1964620.0
2022-05-09,413.0,1023.0,8908.0,234.0,0.0,47301282.0,49880261.0,39421886.0,1507600.0,1964854.0
2022-05-10,482.0,1418.0,9562.0,272.0,0.0,47301764.0,49881679.0,39431448.0,1507600.0,1965126.0
2022-05-11,549.0,1469.0,10095.0,288.0,0.0,47302313.0,49883148.0,39441543.0,1507600.0,1965414.0
2022-05-12,440.0,1357.0,10115.0,222.0,0.0,47302753.0,49884505.0,39451658.0,1507600.0,1965636.0
2022-05-13,507.0,1581.0,10494.0,330.0,0.0,47303260.0,49886086.0,39462152.0,1507600.0,1965966.0
2022-05-14,481.0,1351.0,8219.0,427.0,0.0,47303741.0,49887437.0,39470371.0,1507600.0,1966393.0
2022-05-15,78.0,336.0,1129.0,153.0,0.0,47303819.0,49887773.0,39471500.0,1507600.0,1966546.0
2022-05-16,353.0,803.0,8378.0,218.0,0.0,47304172.0,49888576.0,39479878.0,1507600.0,1966764.0
2022-05-17,444.0,1236.0,8683.0,254.0,0.0,47304616.0,49889812.0,39488561.0,1507600.0,1967018.0
2022-05-18,545.0,1368.0,9208.0,308.0,2.0,47305161.0,49891180.0,39497769.0,1507602.0,1967326.0
2022-05-19,461.0,1482.0,9251.0,383.0,0.0,47305622.0,49892662.0,39507020.0,1507602.0,1967709.0
2022-05-20,407.0,1378.0,9121.0,335.0,0.0,47306029.0,49894040.0,39516141.0,1507602.0,1968044.0
2022-05-21,388.0,1294.0,7885.0,368.0,0.0,47306417.0,49895334.0,39524026.0,1507602.0,1968412.0
2022-05-22,77.0,232.0,1011.0,99.0,0.0,47306494.0,49895566.0,39525037.0,1507602.0,1968511.0
2022-05-23,250.0,823.0,8237.0,150.0,0.0,47306744.0,49896389.0,39533274.0,1507602.0,1968661.0
2022-05-24,330.0,1059.0,8620.0,240.0,0.0,47307074.0,49897448.0,39541894.0,1507602.0,1968901.0
2022-05-25,415.0,1351.0,9413.0,314.0,2.0,47307489.0,49898799.0,39551307.0,1507604.0,1969215.0
2022-05-26,381.0,1187.0,9435.0,293.0,0.0,47307870.0,49899986.0,39560742.0,1507604.0,1969508.0
2022-05-27,403.0,1216.0,9854.0,321.0,1.0,47308273.0,49901202.0,39570596.0,1507605.0,1969829.0
2022-05-28,324.0,1196.0,7865.0,366.0,0.0,47308597.0,49902398.0,39578461.0,1507605.0,1970195.0
2022-05-29,103.0,285.0,1265.0,92.0,0.0,47308700.0,49902683.0,39579726.0,1507605.0,1970287.0
2022-05-30,303.0,921.0,8012.0,210.0,0.0,47309003.0,49903604.0,39587738.0,1507605.0,1970497.0
2022-05-31,331.0,1025.0,8492.0,225.0,0.0,47309334.0,49904629.0,39596230.0,1507605.0,1970722.0
2022-06-01,301.0,867.0,7600.0,247.0,1.0,47309635.0,49905496.0,39603830.0,1507606.0,1970969.0
2022-06-02,26.0,34.0,472.0,10.0,0.0,47309661.0,49905530.0,39604302.0,1507606.0,1970979.0
2022-06-03,275.0,803.0,7296.0,174.0,0.0,47309936.0,49906333.0,39611598.0,1507606.0,1971153.0
2022-06-04,255.0,868.0,5130.0,268.0,0.0,47310191.0,49907201.0,39616728.0,1507606.0,1971421.0
2022-06-05,46.0,88.0,577.0,9.0,0.0,47310237.0,49907289.0,39617305.0,1507606.0,1971430.0
2022-06-06,246.0,656.0,6931.0,136.0,0.0,47310483.0,49907945.0,39624236.0,1507606.0,1971566.0
2022-06-07,314.0,903.0,7808.0,202.0,0.0,47310797.0,49908848.0,39632044.0,1507606.0,1971768.0
2022-06-08,310.0,951.0,7773.0,231.0,0.0,47311107.0,49909799.0,39639817.0,1507606.0,1971999.0
2022-06-09,346.0,1008.0,8289.0,234.0,0.0,47311453.0,49910807.0,39648106.0,1507606.0,1972233.0
2022-06-10,344.0,912.0,8157.0,198.0,0.0,47311797.0,49911719.0,39656263.0,1507606.0,1972431.0
2022-06-11,269.0,889.0,6172.0,329.0,0.0,47312066.0,49912608.0,39662435.0,1507606.0,1972760.0
2022-06-12,40.0,91.0,627.0,35.0,0.0,47312106.0,49912699.0,39663062.0,1507606.0,1972795.0
2022-06-13,216.0,636.0,6059.0,142.0,0.0,47312322.0,49913335.0,39669121.0,1507606.0,1972937.0
2022-06-14,286.0,863.0,6625.0,218.0,0.0,47312608.0,49914198.0,39675746.0,1507606.0,1973155.0
2022-06-15,286.0,863.0,6625.0,218.0,0.0,47312894.0,49915061.0,39682371.0,1507606.0,1973373.0
2022-06-16,286.0,863.0,6625.0,218.0,0.0,47313180.0,49915924.0,39688996.0,1507606.0,1973591.0
2022-06-17,286.0,863.0,6625.0,218.0,0.0,47313466.0,49916787.0,39695621.0,1507606.0,1973809.0
2022-06-18,286.0,863.0,6625.0,218.0,0.0,47313752.0,49917650.0,39702246.0,1507606.0,1974027.0
2022-06-19,286.0,863.0,6625.0,218.0,0.0,47314038.0,49918513.0,39708871.0,1507606.0,1974245.0
2022-06-20,286.0,863.0,6625.0,218.0,0.0,47314324.0,49919376.0,39715496.0,1507606.0,1974463.0
2022-06-21,286.0,863.0,6625.0,218.0,0.0,47314610.0,49920239.0,39722121.0,1507606.0,1974681.0
2022-06-22,286.0,863.0,6625.0,218.0,0.0,47314896.0,49921102.0,39728746.0,1507606.0,1974899.0
2022-06-23,286.0,863.0,6625.0,218.0,0.0,47315182.0,49921965.0,39735371.0,1507606.0,1975117.0
2022-06-24,286.0,863.0,6625.0,218.0,0.0,47315468.0,49922828.0,39741996.0,1507606.0,1975335.0
2022-06-25,286.0,863.0,6625.0,218.0,0.0,47315754.0,49923691.0,39748621.0,1507606.0,1975553.0
2022-06-26,286.0,863.0,6625.0,218.0,0.0,47316040.0,49924554.0,39755246.0,1507606.0,1975771.0
2022-06-27,286.0,863.0,6625.0,218.0,0.0,47316326.0,49925417.0,39761871.0,1507606.0,1975989.0
2022-06-28,286.0,863.0,6625.0,218.0,0.0,47316612.0,49926280.0,39768496.0,1507606.0,1976207.0
2022-06-29,286.0,863.0,6625.0,218.0,0.0,47316898.0,49927143.0,39775121.0,1507606.0,1976425.0
2022-06-30,286.0,863.0,6625.0,218.0,0.0,47317184.0,49928006.0,39781746.0,1507606.0,1976643.0
2022-07-01,286.0,863.0,6625.0,218.0,0.0,47317470.0,49928869.0,39788371.0,1507606.0,1976861.0
2022-07-02,286.0,863.0,6625.0,218.0,0.0,47317756.0,49929732.0,39794996.0,1507606.0,1977079.0
2022-07-03,286.0,863.0,6625.0,218.0,0.0,47318042.0,49930595.0,39801621.0,1507606.0,1977297.0
2022-07-04,286.0,863.0,6625.0,218.0,0.0,47318328.0,49931458.0,39808246.0,1507606.0,1977515.0
2022-07-05,286.0,863.0,6625.0,218.0,0.0,47318614.0,49932321.0,39814871.0,1507606.0,1977733.0
2022-07-06,286.0,863.0,6625.0,218.0,0.0,47318900.0,49933184.0,39821496.0,1507606.0,1977951.0
2022-07-07,286.0,863.0,6625.0,218.0,0.0,47319186.0,49934047.0,39828121.0,1507606.0,1978169.0
2022-07-08,286.0,863.0,6625.0,218.0,0.0,47319472.0,49934910.0,39834746.0,1507606.0,1978387.0
2022-07-09,286.0,863.0,6625.0,218.0,0.0,47319758.0,49935773.0,39841371.0,1507606.0,1978605.0
2022-07-10,286.0,863.0,6625.0,218.0,0.0,47320044.0,49936636.0,39847996.0,1507606.0,1978823.0
2022-07-11,286.0,863.0,6625.0,218.0,0.0,47320330.0,49937499.0,39854621.0,1507606.0,1979041.0
2022-07-12,286.0,863.0,6625.0,218.0,0.0,47320616.0,49938362.0,39861246.0,1507606.0,1979259.0
2022-07-13,286.0,863.0,6625.0,218.0,0.0,47320902.0,49939225.0,39867871.0,1507606.0,1979477.0
2022-07-14,286.0,863.0,6625.0,218.0,0.0,47321188.0,49940088.0,39874496.0,1507606.0,1979695.0
2022-07-15,286.0,863.0,6625.0,218.0,0.0,47321474.0,49940951.0,39881121.0,1507606.0,1979913.0
2022-07-16,286.0,863.0,6625.0,218.0,0.0,47321760.0,49941814.0,39887746.0,1507606.0,1980131.0
2022-07-17,286.0,863.0,6625.0,218.0,0.0,47322046.0,49942677.0,39894371.0,1507606.0,1980349.0
2022-07-18,286.0,863.0,6625.0,218.0,0.0,47322332.0,49943540.0,39900996.0,1507606.0,1980567.0
2022-07-19,286.0,863.0,6625.0,218.0,0.0,47322618.0,49944403.0,39907621.0,1507606.0,1980785.0
2022-07-20,286.0,863.0,6625.0,218.0,0.0,47322904.0,49945266.0,39914246.0,1507606.0,1981003.0
2022-07-21,286.0,863.0,6625.0,218.0,0.0,47323190.0,49946129.0,39920871.0,1507606.0,1981221.0
2022-07-22,286.0,863.0,6625.0,218.0,0.0,47323476.0,49946992.0,39927496.0,1507606.0,1981439.0
2022-07-23,286.0,863.0,6625.0,218.0,0.0,47323762.0,49947855.0,39934121.0,1507606.0,1981657.0
2022-07-24,286.0,863.0,6625.0,218.0,0.0,47324048.0,49948718.0,39940746.0,1507606.0,1981875.0
2022-07-25,286.0,863.0,6625.0,218.0,0.0,47324334.0,49949581.0,39947371.0,1507606.0,1982093.0
2022-07-26,286.0,863.0,6625.0,218.0,0.0,47324620.0,49950444.0,39953996.0,1507606.0,1982311.0
2022-07-27,286.0,863.0,6625.0,218.0,0.0,47324906.0,49951307.0,39960621.0,1507606.0,1982529.0
2022-07-28,286.0,863.0,6625.0,218.0,0.0,47325192.0,49952170.0,39967246.0,1507606.0,1982747.0
2022-07-29,286.0,863.0,6625.0,218.0,0.0,47325478.0,49953033.0,39973871.0,1507606.0,1982965.0
2022-07-30,286.0,863.0,6625.0,218.0,0.0,47325764.0,49953896.0,39980496.0,1507606.0,1983183.0
2022-07-31,286.0,863.0,6625.0,218.0,0.0,47326050.0,49954759.0,39987121.0,1507606.0,1983401.0
2022-08-01,286.0,863.0,6625.0,218.0,0.0,47326336.0,49955622.0,39993746.0,1507606.0,1983619.0
2022-08-02,286.0,863.0,6625.0,218.0,0.0,47326622.0,49956485.0,40000371.0,1507606.0,1983837.0
2022-08-03,286.0,863.0,6625.0,218.0,0.0,47326908.0,49957348.0,40006996.0,1507606.0,1984055.0
2022-08-04,286.0,863.0,6625.0,218.0,0.0,47327194.0,49958211.0,40013621.0,1507606.0,1984273.0
2022-08-05,286.0,863.0,6625.0,218.0,0.0,47327480.0,49959074.0,40020246.0,1507606.0,1984491.0
2022-08-06,286.0,863.0,6625.0,218.0,0.0,47327766.0,49959937.0,40026871.0,1507606.0,1984709.0
2022-08-07,286.0,863.0,6625.0,218.0,0.0,47328052.0,49960800.0,40033496.0,1507606.0,1984927.0
2022-08-08,286.0,863.0,6625.0,218.0,0.0,47328338.0,49961663.0,40040121.0,1507606.0,1985145.0
2022-08-09,286.0,863.0,6625.0,218.0,0.0,47328624.0,49962526.0,40046746.0,1507606.0,1985363.0
2022-08-10,286.0,863.0,6625.0,218.0,0.0,47328910.0,49963389.0,40053371.0,1507606.0,1985581.0
2022-08-11,286.0,863.0,6625.0,218.0,0.0,47329196.0,49964252.0,40059996.0,1507606.0,1985799.0
2022-08-12,286.0,863.0,6625.0,218.0,0.0,47329482.0,49965115.0,40066621.0,1507606.0,1986017.0
2022-08-13,286.0,863.0,6625.0,218.0,0.0,47329768.0,49965978.0,40073246.0,1507606.0,1986235.0
2022-08-14,286.0,863.0,6625.0,218.0,0.0,47330054.0,49966841.0,40079871.0,1507606.0,1986453.0
2022-08-15,286.0,863.0,6625.0,218.0,0.0,47330340.0,49967704.0,40086496.0,1507606.0,1986671.0
2022-08-16,286.0,863.0,6625.0,218.0,0.0,47330626.0,49968567.0,40093121.0,1507606.0,1986889.0
2022-08-17,286.0,863.0,6625.0,218.0,0.0,47330912.0,49969430.0,40099746.0,1507606.0,1987107.0
2022-08-18,286.0,863.0,6625.0,218.0,0.0,47331198.0,49970293.0,40106371.0,1507606.0,1987325.0
2022-08-19,286.0,863.0,6625.0,218.0,0.0,47331484.0,49971156.0,40112996.0,1507606.0,1987543.0
2022-08-20,286.0,863.0,6625.0,218.0,0.0,47331770.0,49972019.0,40119621.0,1507606.0,1987761.0
2022-08-21,286.0,863.0,6625.0,218.0,0.0,47332056.0,49972882.0,40126246.0,1507606.0,1987979.0
2022-08-22,286.0,863.0,6625.0,218.0,0.0,47332342.0,49973745.0,40132871.0,1507606.0,1988197.0
2022-08-23,286.0,863.0,6625.0,218.0,0.0,47332628.0,49974608.0,40139496.0,1507606.0,1988415.0
2022-08-24,286.0,863.0,6625.0,218.0,0.0,47332914.0,49975471.0,40146121.0,1507606.0,1988633.0
2022-08-25,286.0,863.0,6625.0,218.0,0.0,47333200.0,49976334.0,40152746.0,1507606.0,1988851.0
2022-08-26,286.0,863.0,6625.0,218.0,0.0,47333486.0,49977197.0,40159371.0,1507606.0,1989069.0
2022-08-27,286.0,863.0,6625.0,218.0,0.0,47333772.0,49978060.0,40165996.0,1507606.0,1989287.0
2022-08-28,286.0,863.0,6625.0,218.0,0.0,47334058.0,49978923.0,40172621.0,1507606.0,1989505.0
2022-08-29,286.0,863.0,6625.0,218.0,0.0,47334344.0,49979786.0,40179246.0,1507606.0,1989723.0
2022-08-30,286.0,863.0,6625.0,218.0,0.0,47334630.0,49980649.0,40185871.0,1507606.0,1989941.0
2022-08-31,286.0,863.0,6625.0,218.0,0.0,47334916.0,49981512.0,40192496.0,1507606.0,1990159.0
2022-09-01,286.0,863.0,6625.0,218.0,0.0,47335202.0,49982375.0,40199121.0,1507606.0,1990377.0
2022-09-02,286.0,863.0,6625.0,218.0,0.0,47335488.0,49983238.0,40205746.0,1507606.0,1990595.0
2022-09-03,286.0,863.0,6625.0,218.0,0.0,47335774.0,49984101.0,40212371.0,1507606.0,1990813.0
2022-09-04,286.0,863.0,6625.0,218.0,0.0,47336060.0,49984964.0,40218996.0,1507606.0,1991031.0
2022-09-05,286.0,863.0,6625.0,218.0,0.0,47336346.0,49985827.0,40225621.0,1507606.0,1991249.0
2022-09-06,286.0,863.0,6625.0,218.0,0.0,47336632.0,49986690.0,40232246.0,1507606.0,1991467.0
2022-09-07,286.0,863.0,6625.0,218.0,0.0,47336918.0,49987553.0,40238871.0,1507606.0,1991685.0
2022-09-08,286.0,863.0,6625.0,218.0,0.0,47337204.0,49988416.0,40245496.0,1507606.0,1991903.0
2022-09-09,286.0,863.0,6625.0,218.0,0.0,47337490.0,49989279.0,40252121.0,1507606.0,1992121.0
2022-09-10,286.0,863.0,6625.0,218.0,0.0,47337776.0,49990142.0,40258746.0,1507606.0,1992339.0
2022-09-11,286.0,863.0,6625.0,218.0,0.0,47338062.0,49991005.0,40265371.0,1507606.0,1992557.0
2022-09-12,286.0,863.0,6625.0,218.0,0.0,47338348.0,49991868.0,40271996.0,1507606.0,1992775.0
2022-09-13,286.0,863.0,6625.0,218.0,0.0,47338634.0,49992731.0,40278621.0,1507606.0,1992993.0
2022-09-14,286.0,863.0,6625.0,218.0,0.0,47338920.0,49993594.0,40285246.0,1507606.0,1993211.0
2022-09-15,286.0,863.0,6625.0,218.0,0.0,47339206.0,49994457.0,40291871.0,1507606.0,1993429.0
2022-09-16,286.0,863.0,6625.0,218.0,0.0,47339492.0,49995320.0,40298496.0,1507606.0,1993647.0
2022-09-17,286.0,863.0,6625.0,218.0,0.0,47339778.0,49996183.0,40305121.0,1507606.0,1993865.0
2022-09-18,286.0,863.0,6625.0,218.0,0.0,47340064.0,49997046.0,40311746.0,1507606.0,1994083.0
2022-09-19,286.0,863.0,6625.0,218.0,0.0,47340350.0,49997909.0,40318371.0,1507606.0,1994301.0
2022-09-20,286.0,863.0,6625.0,218.0,0.0,47340636.0,49998772.0,40324996.0,1507606.0,1994519.0
2022-09-21,286.0,863.0,6625.0,218.0,0.0,47340922.0,49999635.0,40331621.0,1507606.0,1994737.0
2022-09-22,286.0,863.0,6625.0,218.0,0.0,47341208.0,50000498.0,40338246.0,1507606.0,1994955.0
2022-09-23,286.0,863.0,6625.0,218.0,0.0,47341494.0,50001361.0,40344871.0,1507606.0,1995173.0
2022-09-24,286.0,863.0,6625.0,218.0,0.0,47341780.0,50002224.0,40351496.0,1507606.0,1995391.0
2022-09-25,286.0,863.0,6625.0,218.0,0.0,47342066.0,50003087.0,40358121.0,1507606.0,1995609.0
2022-09-26,286.0,863.0,6625.0,218.0,0.0,47342352.0,50003950.0,40364746.0,1507606.0,1995827.0
2022-09-27,286.0,863.0,6625.0,218.0,0.0,47342638.0,50004813.0,40371371.0,1507606.0,1996045.0
2022-09-28,286.0,863.0,6625.0,218.0,0.0,47342924.0,50005676.0,40377996.0,1507606.0,1996263.0
2022-09-29,286.0,863.0,6625.0,218.0,0.0,47343210.0,50006539.0,40384621.0,1507606.0,1996481.0
2022-09-30,286.0,863.0,6625.0,218.0,0.0,47343496.0,50007402.0,40391246.0,1507606.0,1996699.0
2022-10-01,286.0,863.0,6625.0,218.0,0.0,47343782.0,50008265.0,40397871.0,1507606.0,1996917.0
2022-10-02,286.0,863.0,6625.0,218.0,0.0,47344068.0,50009128.0,40404496.0,1507606.0,1997135.0
2022-10-03,286.0,863.0,6625.0,218.0,0.0,47344354.0,50009991.0,40411121.0,1507606.0,1997353.0
2022-10-04,286.0,863.0,6625.0,218.0,0.0,47344640.0,50010854.0,40417746.0,1507606.0,1997571.0
2022-10-05,286.0,863.0,6625.0,218.0,0.0,47344926.0,50011717.0,40424371.0,1507606.0,1997789.0
2022-10-06,286.0,863.0,6625.0,218.0,0.0,47345212.0,50012580.0,40430996.0,1507606.0,1998007.0
2022-10-07,286.0,863.0,6625.0,218.0,0.0,47345498.0,50013443.0,40437621.0,1507606.0,1998225.0
2022-10-08,286.0,863.0,6625.0,218.0,0.0,47345784.0,50014306.0,40444246.0,1507606.0,1998443.0
2022-10-09,286.0,863.0,6625.0,218.0,0.0,47346070.0,50015169.0,40450871.0,1507606.0,1998661.0
2022-10-10,286.0,863.0,6625.0,218.0,0.0,47346356.0,50016032.0,40457496.0,1507606.0,1998879.0
2022-10-11,286.0,863.0,6625.0,218.0,0.0,47346642.0,50016895.0,40464121.0,1507606.0,1999097.0
2022-10-12,286.0,863.0,6625.0,218.0,0.0,47346928.0,50017758.0,40470746.0,1507606.0,1999315.0
2022-10-13,286.0,863.0,6625.0,218.0,0.0,47347214.0,50018621.0,40477371.0,1507606.0,1999533.0
2022-10-14,286.0,863.0,6625.0,218.0,0.0,47347500.0,50019484.0,40483996.0,1507606.0,1999751.0
2022-10-15,286.0,863.0,6625.0,218.0,0.0,47347786.0,50020347.0,40490621.0,1507606.0,1999969.0
2022-10-16,286.0,863.0,6625.0,218.0,0.0,47348072.0,50021210.0,40497246.0,1507606.0,2000187.0
2022-10-17,286.0,863.0,6625.0,218.0,0.0,47348358.0,50022073.0,40503871.0,1507606.0,2000405.0
2022-10-18,286.0,863.0,6625.0,218.0,0.0,47348644.0,50022936.0,40510496.0,1507606.0,2000623.0
2022-10-19,286.0,863.0,6625.0,218.0,0.0,47348930.0,50023799.0,40517121.0,1507606.0,2000841.0
2022-10-20,286.0,863.0,6625.0,218.0,0.0,47349216.0,50024662.0,40523746.0,1507606.0,2001059.0
2022-10-21,286.0,863.0,6625.0,218.0,0.0,47349502.0,50025525.0,40530371.0,1507606.0,2001277.0
2022-10-22,286.0,863.0,6625.0,218.0,0.0,47349788.0,50026388.0,40536996.0,1507606.0,2001495.0
2022-10-23,286.0,863.0,6625.0,218.0,0.0,47350074.0,50027251.0,40543621.0,1507606.0,2001713.0
2022-10-24,286.0,863.0,6625.0,218.0,0.0,47350360.0,50028114.0,40550246.0,1507606.0,2001931.0
2022-10-25,286.0,863.0,6625.0,218.0,0.0,47350646.0,50028977.0,40556871.0,1507606.0,2002149.0
2022-10-26,286.0,863.0,6625.0,218.0,0.0,47350932.0,50029840.0,40563496.0,1507606.0,2002367.0
2022-10-27,286.0,863.0,6625.0,218.0,0.0,47351218.0,50030703.0,40570121.0,1507606.0,2002585.0
2022-10-28,286.0,863.0,6625.0,218.0,0.0,47351504.0,50031566.0,40576746.0,1507606.0,2002803.0
2022-10-29,286.0,863.0,6625.0,218.0,0.0,47351790.0,50032429.0,40583371.0,1507606.0,2003021.0
2022-10-30,286.0,863.0,6625.0,218.0,0.0,47352076.0,50033292.0,40589996.0,1507606.0,2003239.0
2022-10-31,286.0,863.0,6625.0,218.0,0.0,47352362.0,50034155.0,40596621.0,1507606.0,2003457.0
2022-11-01,286.0,863.0,6625.0,218.0,0.0,47352648.0,50035018.0,40603246.0,1507606.0,2003675.0
2022-11-02,286.0,863.0,6625.0,218.0,0.0,47352934.0,50035881.0,40609871.0,1507606.0,2003893.0
2022-11-03,286.0,863.0,6625.0,218.0,0.0,47353220.0,50036744.0,40616496.0,1507606.0,2004111.0
2022-11-04,286.0,863.0,6625.0,218.0,0.0,47353506.0,50037607.0,40623121.0,1507606.0,2004329.0
2022-11-05,286.0,863.0,6625.0,218.0,0.0,47353792.0,50038470.0,40629746.0,1507606.0,2004547.0
2022-11-06,286.0,863.0,6625.0,218.0,0.0,47354078.0,50039333.0,40636371.0,1507606.0,2004765.0
2022-11-07,286.0,863.0,6625.0,218.0,0.0,47354364.0,50040196.0,40642996.0,1507606.0,2004983.0
2022-11-08,286.0,863.0,6625.0,218.0,0.0,47354650.0,50041059.0,40649621.0,1507606.0,2005201.0
2022-11-09,286.0,863.0,6625.0,218.0,0.0,47354936.0,50041922.0,40656246.0,1507606.0,2005419.0
2022-11-10,286.0,863.0,6625.0,218.0,0.0,47355222.0,50042785.0,40662871.0,1507606.0,2005637.0
2022-11-11,286.0,863.0,6625.0,218.0,0.0,47355508.0,50043648.0,40669496.0,1507606.0,2005855.0
2022-11-12,286.0,863.0,6625.0,218.0,0.0,47355794.0,50044511.0,40676121.0,1507606.0,2006073.0
2022-11-13,286.0,863.0,6625.0,218.0,0.0,47356080.0,50045374.0,40682746.0,1507606.0,2006291.0
2022-11-14,286.0,863.0,6625.0,218.0,0.0,47356366.0,50046237.0,40689371.0,1507606.0,2006509.0
2022-11-15,286.0,863.0,6625.0,218.0,0.0,47356652.0,50047100.0,40695996.0,1507606.0,2006727.0
2022-11-16,286.0,863.0,6625.0,218.0,0.0,47356938.0,50047963.0,40702621.0,1507606.0,2006945.0
2022-11-17,286.0,863.0,6625.0,218.0,0.0,47357224.0,50048826.0,40709246.0,1507606.0,2007163.0
2022-11-18,286.0,863.0,6625.0,218.0,0.0,47357510.0,50049689.0,40715871.0,1507606.0,2007381.0
2022-11-19,286.0,863.0,6625.0,218.0,0.0,47357796.0,50050552.0,40722496.0,1507606.0,2007599.0
2022-11-20,286.0,863.0,6625.0,218.0,0.0,47358082.0,50051415.0,40729121.0,1507606.0,2007817.0
2022-11-21,286.0,863.0,6625.0,218.0,0.0,47358368.0,50052278.0,40735746.0,1507606.0,2008035.0
2022-11-22,286.0,863.0,6625.0,218.0,0.0,47358654.0,50053141.0,40742371.0,1507606.0,2008253.0
2022-11-23,286.0,863.0,6625.0,218.0,0.0,47358940.0,50054004.0,40748996.0,1507606.0,2008471.0
2022-11-24,286.0,863.0,6625.0,218.0,0.0,47359226.0,50054867.0,40755621.0,1507606.0,2008689.0
2022-11-25,286.0,863.0,6625.0,218.0,0.0,47359512.0,50055730.0,40762246.0,1507606.0,2008907.0
2022-11-26,286.0,863.0,6625.0,218.0,0.0,47359798.0,50056593.0,40768871.0,1507606.0,2009125.0
2022-11-27,286.0,863.0,6625.0,218.0,0.0,47360084.0,50057456.0,40775496.0,1507606.0,2009343.0
2022-11-28,286.0,863.0,6625.0,218.0,0.0,47360370.0,50058319.0,40782121.0,1507606.0,2009561.0
2022-11-29,286.0,863.0,6625.0,218.0,0.0,47360656.0,50059182.0,40788746.0,1507606.0,2009779.0
2022-11-30,286.0,863.0,6625.0,218.0,0.0,47360942.0,50060045.0,40795371.0,1507606.0,2009997.0
2022-12-01,286.0,863.0,6625.0,218.0,0.0,47361228.0,50060908.0,40801996.0,1507606.0,2010215.0
2022-12-02,286.0,863.0,6625.0,218.0,0.0,47361514.0,50061771.0,40808621.0,1507606.0,2010433.0
2022-12-03,286.0,863.0,6625.0,218.0,0.0,47361800.0,50062634.0,40815246.0,1507606.0,2010651.0
2022-12-04,286.0,863.0,6625.0,218.0,0.0,47362086.0,50063497.0,40821871.0,1507606.0,2010869.0
2022-12-05,286.0,863.0,6625.0,218.0,0.0,47362372.0,50064360.0,40828496.0,1507606.0,2011087.0
2022-12-06,286.0,863.0,6625.0,218.0,0.0,47362658.0,50065223.0,40835121.0,1507606.0,2011305.0
2022-12-07,286.0,863.0,6625.0,218.0,0.0,47362944.0,50066086.0,40841746.0,1507606.0,2011523.0
2022-12-08,286.0,863.0,6625.0,218.0,0.0,47363230.0,50066949.0,40848371.0,1507606.0,2011741.0
2022-12-09,286.0,863.0,6625.0,218.0,0.0,47363516.0,50067812.0,40854996.0,1507606.0,2011959.0
2022-12-10,286.0,863.0,6625.0,218.0,0.0,47363802.0,50068675.0,40861621.0,1507606.0,2012177.0
2022-12-11,286.0,863.0,6625.0,218.0,0.0,47364088.0,50069538.0,40868246.0,1507606.0,2012395.0
2022-12-12,286.0,863.0,6625.0,218.0,0.0,47364374.0,50070401.0,40874871.0,1507606.0,2012613.0
2022-12-13,286.0,863.0,6625.0,218.0,0.0,47364660.0,50071264.0,40881496.0,1507606.0,2012831.0
2022-12-14,286.0,863.0,6625.0,218.0,0.0,47364946.0,50072127.0,40888121.0,1507606.0,2013049.0
2022-12-15,286.0,863.0,6625.0,218.0,0.0,47365232.0,50072990.0,40894746.0,1507606.0,2013267.0
2022-12-16,286.0,863.0,6625.0,218.0,0.0,47365518.0,50073853.0,40901371.0,1507606.0,2013485.0
2022-12-17,286.0,863.0,6625.0,218.0,0.0,47365804.0,50074716.0,40907996.0,1507606.0,2013703.0
2022-12-18,286.0,863.0,6625.0,218.0,0.0,47366090.0,50075579.0,40914621.0,1507606.0,2013921.0
2022-12-19,286.0,863.0,6625.0,218.0,0.0,47366376.0,50076442.0,40921246.0,1507606.0,2014139.0
2022-12-20,286.0,863.0,6625.0,218.0,0.0,47366662.0,50077305.0,40927871.0,1507606.0,2014357.0
2022-12-21,286.0,863.0,6625.0,218.0,0.0,47366948.0,50078168.0,40934496.0,1507606.0,2014575.0
2022-12-22,286.0,863.0,6625.0,218.0,0.0,47367234.0,50079031.0,40941121.0,1507606.0,2014793.0
2022-12-23,286.0,863.0,6625.0,218.0,0.0,47367520.0,50079894.0,40947746.0,1507606.0,2015011.0
2022-12-24,286.0,863.0,6625.0,218.0,0.0,47367806.0,50080757.0,40954371.0,1507606.0,2015229.0
2022-12-25,286.0,863.0,6625.0,218.0,0.0,47368092.0,50081620.0,40960996.0,1507606.0,2015447.0
2022-12-26,286.0,863.0,6625.0,218.0,0.0,47368378.0,50082483.0,40967621.0,1507606.0,2015665.0
2022-12-27,286.0,863.0,6625.0,218.0,0.0,47368664.0,50083346.0,40974246.0,1507606.0,2015883.0
2022-12-28,286.0,863.0,6625.0,218.0,0.0,47368950.0,50084209.0,40980871.0,1507606.0,2016101.0
2022-12-29,286.0,863.0,6625.0,218.0,0.0,47369236.0,50085072.0,40987496.0,1507606.0,2016319.0
2022-12-30,286.0,863.0,6625.0,218.0,0.0,47369522.0,50085935.0,40994121.0,1507606.0,2016537.0
2022-12-31,286.0,863.0,6625.0,218.0,0.0,47369808.0,50086798.0,41000746.0,1507606.0,2016755.0
2023-01-01,286.0,863.0,6625.0,218.0,0.0,47370094.0,50087661.0,41007371.0,1507606.0,2016973.0
2023-01-02,286.0,863.0,6625.0,218.0,0.0,47370380.0,50088524.0,41013996.0,1507606.0,2017191.0
2023-01-03,286.0,863.0,6625.0,218.0,0.0,47370666.0,50089387.0,41020621.0,1507606.0,2017409.0
2023-01-04,286.0,863.0,6625.0,218.0,0.0,47370952.0,50090250.0,41027246.0,1507606.0,2017627.0
2023-01-05,286.0,863.0,6625.0,218.0,0.0,47371238.0,50091113.0,41033871.0,1507606.0,2017845.0
2023-01-06,286.0,863.0,6625.0,218.0,0.0,47371524.0,50091976.0,41040496.0,1507606.0,2018063.0
2023-01-07,286.0,863.0,6625.0,218.0,0.0,47371810.0,50092839.0,41047121.0,1507606.0,2018281.0
2023-01-08,286.0,863.0,6625.0,218.0,0.0,47372096.0,50093702.0,41053746.0,1507606.0,2018499.0
2023-01-09,286.0,863.0,6625.0,218.0,0.0,47372382.0,50094565.0,41060371.0,1507606.0,2018717.0
2023-01-10,286.0,863.0,6625.0,218.0,0.0,47372668.0,50095428.0,41066996.0,1507606.0,2018935.0
2023-01-11,286.0,863.0,6625.0,218.0,0.0,47372954.0,50096291.0,41073621.0,1507606.0,2019153.0
2023-01-12,286.0,863.0,6625.0,218.0,0.0,47373240.0,50097154.0,41080246.0,1507606.0,2019371.0
2023-01-13,286.0,863.0,6625.0,218.0,0.0,47373526.0,50098017.0,41086871.0,1507606.0,2019589.0
2023-01-14,286.0,863.0,6625.0,218.0,0.0,47373812.0,50098880.0,41093496.0,1507606.0,2019807.0
2023-01-15,286.0,863.0,6625.0,218.0,0.0,47374098.0,50099743.0,41100121.0,1507606.0,2020025.0
2023-01-16,286.0,863.0,6625.0,218.0,0.0,47374384.0,50100606.0,41106746.0,1507606.0,2020243.0
2023-01-17,286.0,863.0,6625.0,218.0,0.0,47374670.0,50101469.0,41113371.0,1507606.0,2020461.0
2023-01-18,286.0,863.0,6625.0,218.0,0.0,47374956.0,50102332.0,41119996.0,1507606.0,2020679.0
2023-01-19,286.0,863.0,6625.0,218.0,0.0,47375242.0,50103195.0,41126621.0,1507606.0,2020897.0
2023-01-20,286.0,863.0,6625.0,218.0,0.0,47375528.0,50104058.0,41133246.0,1507606.0,2021115.0
2023-01-21,286.0,863.0,6625.0,218.0,0.0,47375814.0,50104921.0,41139871.0,1507606.0,2021333.0
2023-01-22,286.0,863.0,6625.0,218.0,0.0,47376100.0,50105784.0,41146496.0,1507606.0,2021551.0
2023-01-23,286.0,863.0,6625.0,218.0,0.0,47376386.0,50106647.0,41153121.0,1507606.0,2021769.0
2023-01-24,286.0,863.0,6625.0,218.0,0.0,47376672.0,50107510.0,41159746.0,1507606.0,2021987.0
2023-01-25,286.0,863.0,6625.0,218.0,0.0,47376958.0,50108373.0,41166371.0,1507606.0,2022205.0
2023-01-26,286.0,863.0,6625.0,218.0,0.0,47377244.0,50109236.0,41172996.0,1507606.0,2022423.0
2023-01-27,286.0,863.0,6625.0,218.0,0.0,47377530.0,50110099.0,41179621.0,1507606.0,2022641.0
2023-01-28,286.0,863.0,6625.0,218.0,0.0,47377816.0,50110962.0,41186246.0,1507606.0,2022859.0
2023-01-29,286.0,863.0,6625.0,218.0,0.0,47378102.0,50111825.0,41192871.0,1507606.0,2023077.0
2023-01-30,286.0,863.0,6625.0,218.0,0.0,47378388.0,50112688.0,41199496.0,1507606.0,2023295.0
2023-01-31,286.0,863.0,6625.0,218.0,0.0,47378674.0,50113551.0,41206121.0,1507606.0,2023513.0
2023-02-01,286.0,863.0,6625.0,218.0,0.0,47378960.0,50114414.0,41212746.0,1507606.0,2023731.0
2023-02-02,286.0,863.0,6625.0,218.0,0.0,47379246.0,50115277.0,41219371.0,1507606.0,2023949.0
2023-02-03,286.0,863.0,6625.0,218.0,0.0,47379532.0,50116140.0,41225996.0,1507606.0,2024167.0
2023-02-04,286.0,863.0,6625.0,218.0,0.0,47379818.0,50117003.0,41232621.0,1507606.0,2024385.0
2023-02-05,286.0,863.0,6625.0,218.0,0.0,47380104.0,50117866.0,41239246.0,1507606.0,2024603.0
2023-02-06,286.0,863.0,6625.0,218.0,0.0,47380390.0,50118729.0,41245871.0,1507606.0,2024821.0
2023-02-07,286.0,863.0,6625.0,218.0,0.0,47380676.0,50119592.0,41252496.0,1507606.0,2025039.0
2023-02-08,286.0,863.0,6625.0,218.0,0.0,47380962.0,50120455.0,41259121.0,1507606.0,2025257.0
2023-02-09,286.0,863.0,6625.0,218.0,0.0,47381248.0,50121318.0,41265746.0,1507606.0,2025475.0
2023-02-10,286.0,863.0,6625.0,218.0,0.0,47381534.0,50122181.0,41272371.0,1507606.0,2025693.0
2023-02-11,286.0,863.0,6625.0,218.0,0.0,47381820.0,50123044.0,41278996.0,1507606.0,2025911.0
2023-02-12,286.0,863.0,6625.0,218.0,0.0,47382106.0,50123907.0,41285621.0,1507606.0,2026129.0
2023-02-13,286.0,863.0,6625.0,218.0,0.0,47382392.0,50124770.0,41292246.0,1507606.0,2026347.0
2023-02-14,286.0,863.0,6625.0,218.0,0.0,47382678.0,50125633.0,41298871.0,1507606.0,2026565.0
2023-02-15,286.0,863.0,6625.0,218.0,0.0,47382964.0,50126496.0,41305496.0,1507606.0,2026783.0
2023-02-16,286.0,863.0,6625.0,218.0,0.0,47383250.0,50127359.0,41312121.0,1507606.0,2027001.0
2023-02-17,286.0,863.0,6625.0,218.0,0.0,47383536.0,50128222.0,41318746.0,1507606.0,2027219.0
2023-02-18,286.0,863.0,6625.0,218.0,0.0,47383822.0,50129085.0,41325371.0,1507606.0,2027437.0
2023-02-19,286.0,863.0,6625.0,218.0,0.0,47384108.0,50129948.0,41331996.0,1507606.0,2027655.0
2023-02-20,286.0,863.0,6625.0,218.0,0.0,47384394.0,50130811.0,41338621.0,1507606.0,2027873.0
2023-02-21,286.0,863.0,6625.0,218.0,0.0,47384680.0,50131674.0,41345246.0,1507606.0,2028091.0
2023-02-22,286.0,863.0,6625.0,218.0,0.0,47384966.0,50132537.0,41351871.0,1507606.0,2028309.0
2023-02-23,286.0,863.0,6625.0,218.0,0.0,47385252.0,50133400.0,41358496.0,1507606.0,2028527.0
2023-02-24,286.0,863.0,6625.0,218.0,0.0,47385538.0,50134263.0,41365121.0,1507606.0,2028745.0
2023-02-25,286.0,863.0,6625.0,218.0,0.0,47385824.0,50135126.0,41371746.0,1507606.0,2028963.0
2023-02-26,286.0,863.0,6625.0,218.0,0.0,47386110.0,50135989.0,41378371.0,1507606.0,2029181.0
2023-02-27,286.0,863.0,6625.0,218.0,0.0,47386396.0,50136852.0,41384996.0,1507606.0,2029399.0
2023-02-28,286.0,863.0,6625.0,218.0,0.0,47386682.0,50137715.0,41391621.0,1507606.0,2029617.0
2023-03-01,286.0,863.0,6625.0,218.0,0.0,47386968.0,50138578.0,41398246.0,1507606.0,2029835.0
2023-03-02,286.0,863.0,6625.0,218.0,0.0,47387254.0,50139441.0,41404871.0,1507606.0,2030053.0
2023-03-03,286.0,863.0,6625.0,218.0,0.0,47387540.0,50140304.0,41411496.0,1507606.0,2030271.0
2023-03-04,286.0,863.0,6625.0,218.0,0.0,47387826.0,50141167.0,41418121.0,1507606.0,2030489.0
2023-03-05,286.0,863.0,6625.0,218.0,0.0,47388112.0,50142030.0,41424746.0,1507606.0,2030707.0
2023-03-06,286.0,863.0,6625.0,218.0,0.0,47388398.0,50142893.0,41431371.0,1507606.0,2030925.0
2023-03-07,286.0,863.0,6625.0,218.0,0.0,47388684.0,50143756.0,41437996.0,1507606.0,2031143.0
2023-03-08,286.0,863.0,6625.0,218.0,0.0,47388970.0,50144619.0,41444621.0,1507606.0,2031361.0
2023-03-09,286.0,863.0,6625.0,218.0,0.0,47389256.0,50145482.0,41451246.0,1507606.0,2031579.0
2023-03-10,286.0,863.0,6625.0,218.0,0.0,47389542.0,50146345.0,41457871.0,1507606.0,2031797.0
2023-03-11,286.0,863.0,6625.0,218.0,0.0,47389828.0,50147208.0,41464496.0,1507606.0,2032015.0
2023-03-12,286.0,863.0,6625.0,218.0,0.0,47390114.0,50148071.0,41471121.0,1507606.0,2032233.0
2023-03-13,286.0,863.0,6625.0,218.0,0.0,47390400.0,50148934.0,41477746.0,1507606.0,2032451.0
2023-03-14,286.0,863.0,6625.0,218.0,0.0,47390686.0,50149797.0,41484371.0,1507606.0,2032669.0
2023-03-15,286.0,863.0,6625.0,218.0,0.0,47390972.0,50150660.0,41490996.0,1507606.0,2032887.0
2023-03-16,286.0,863.0,6625.0,218.0,0.0,47391258.0,50151523.0,41497621.0,1507606.0,2033105.0
2023-03-17,286.0,863.0,6625.0,218.0,0.0,47391544.0,50152386.0,41504246.0,1507606.0,2033323.0
2023-03-18,286.0,863.0,6625.0,218.0,0.0,47391830.0,50153249.0,41510871.0,1507606.0,2033541.0
2023-03-19,286.0,863.0,6625.0,218.0,0.0,47392116.0,50154112.0,41517496.0,1507606.0,2033759.0
2023-03-20,286.0,863.0,6625.0,218.0,0.0,47392402.0,50154975.0,41524121.0,1507606.0,2033977.0
2023-03-21,286.0,863.0,6625.0,218.0,0.0,47392688.0,50155838.0,41530746.0,1507606.0,2034195.0
2023-03-22,286.0,863.0,6625.0,218.0,0.0,47392974.0,50156701.0,41537371.0,1507606.0,2034413.0
2023-03-23,286.0,863.0,6625.0,218.0,0.0,47393260.0,50157564.0,41543996.0,1507606.0,2034631.0
2023-03-24,286.0,863.0,6625.0,218.0,0.0,47393546.0,50158427.0,41550621.0,1507606.0,2034849.0
2023-03-25,286.0,863.0,6625.0,218.0,0.0,47393832.0,50159290.0,41557246.0,1507606.0,2035067.0
2023-03-26,286.0,863.0,6625.0,218.0,0.0,47394118.0,50160153.0,41563871.0,1507606.0,2035285.0
2023-03-27,286.0,863.0,6625.0,218.0,0.0,47394404.0,50161016.0,41570496.0,1507606.0,2035503.0
2023-03-28,286.0,863.0,6625.0,218.0,0.0,47394690.0,50161879.0,41577121.0,1507606.0,2035721.0
2023-03-29,286.0,863.0,6625.0,218.0,0.0,47394976.0,50162742.0,41583746.0,1507606.0,2035939.0
2023-03-30,286.0,863.0,6625.0,218.0,0.0,47395262.0,50163605.0,41590371.0,1507606.0,2036157.0
2023-03-31,286.0,863.0,6625.0,218.0,0.0,47395548.0,50164468.0,41596996.0,1507606.0,2036375.0
2023-04-01,286.0,863.0,6625.0,218.0,0.0,47395834.0,50165331.0,41603621.0,1507606.0,2036593.0
2023-04-02,286.0,863.0,6625.0,218.0,0.0,47396120.0,50166194.0,41610246.0,1507606.0,2036811.0
2023-04-03,286.0,863.0,6625.0,218.0,0.0,47396406.0,50167057.0,41616871.0,1507606.0,2037029.0
2023-04-04,286.0,863.0,6625.0,218.0,0.0,47396692.0,50167920.0,41623496.0,1507606.0,2037247.0
2023-04-05,286.0,863.0,6625.0,218.0,0.0,47396978.0,50168783.0,41630121.0,1507606.0,2037465.0
2023-04-06,286.0,863.0,6625.0,218.0,0.0,47397264.0,50169646.0,41636746.0,1507606.0,2037683.0
2023-04-07,286.0,863.0,6625.0,218.0,0.0,47397550.0,50170509.0,41643371.0,1507606.0,2037901.0
2023-04-08,286.0,863.0,6625.0,218.0,0.0,47397836.0,50171372.0,41649996.0,1507606.0,2038119.0
2023-04-09,286.0,863.0,6625.0,218.0,0.0,47398122.0,50172235.0,41656621.0,1507606.0,2038337.0
2023-04-10,286.0,863.0,6625.0,218.0,0.0,47398408.0,50173098.0,41663246.0,1507606.0,2038555.0
2023-04-11,286.0,863.0,6625.0,218.0,0.0,47398694.0,50173961.0,41669871.0,1507606.0,2038773.0
2023-04-12,286.0,863.0,6625.0,218.0,0.0,47398980.0,50174824.0,41676496.0,1507606.0,2038991.0
2023-04-13,286.0,863.0,6625.0,218.0,0.0,47399266.0,50175687.0,41683121.0,1507606.0,2039209.0
2023-04-14,286.0,863.0,6625.0,218.0,0.0,47399552.0,50176550.0,41689746.0,1507606.0,2039427.0
2023-04-15,286.0,863.0,6625.0,218.0,0.0,47399838.0,50177413.0,41696371.0,1507606.0,2039645.0
2023-04-16,286.0,863.0,6625.0,218.0,0.0,47400124.0,50178276.0,41702996.0,1507606.0,2039863.0
2023-04-17,286.0,863.0,6625.0,218.0,0.0,47400410.0,50179139.0,41709621.0,1507606.0,2040081.0
2023-04-18,286.0,863.0,6625.0,218.0,0.0,47400696.0,50180002.0,41716246.0,1507606.0,2040299.0
2023-04-19,286.0,863.0,6625.0,218.0,0.0,47400982.0,50180865.0,41722871.0,1507606.0,2040517.0
2023-04-20,286.0,863.0,6625.0,218.0,0.0,47401268.0,50181728.0,41729496.0,1507606.0,2040735.0
2023-04-21,286.0,863.0,6625.0,218.0,0.0,47401554.0,50182591.0,41736121.0,1507606.0,2040953.0
2023-04-22,286.0,863.0,6625.0,218.0,0.0,47401840.0,50183454.0,41742746.0,1507606.0,2041171.0
2023-04-23,286.0,863.0,6625.0,218.0,0.0,47402126.0,50184317.0,41749371.0,1507606.0,2041389.0
2023-04-24,286.0,863.0,6625.0,218.0,0.0,47402412.0,50185180.0,41755996.0,1507606.0,2041607.0
2023-04-25,286.0,863.0,6625.0,218.0,0.0,47402698.0,50186043.0,41762621.0,1507606.0,2041825.0
2023-04-26,286.0,863.0,6625.0,218.0,0.0,47402984.0,50186906.0,41769246.0,1507606.0,2042043.0
2023-04-27,286.0,863.0,6625.0,218.0,0.0,47403270.0,50187769.0,41775871.0,1507606.0,2042261.0
2023-04-28,286.0,863.0,6625.0,218.0,0.0,47403556.0,50188632.0,41782496.0,1507606.0,2042479.0
2023-04-29,286.0,863.0,6625.0,218.0,0.0,47403842.0,50189495.0,41789121.0,1507606.0,2042697.0
2023-04-30,286.0,863.0,6625.0,218.0,0.0,47404128.0,50190358.0,41795746.0,1507606.0,2042915.0
2023-05-01,286.0,863.0,6625.0,218.0,0.0,47404414.0,50191221.0,41802371.0,1507606.0,2043133.0
2023-05-02,286.0,863.0,6625.0,218.0,0.0,47404700.0,50192084.0,41808996.0,1507606.0,2043351.0
2023-05-03,286.0,863.0,6625.0,218.0,0.0,47404986.0,50192947.0,41815621.0,1507606.0,2043569.0
2023-05-04,286.0,863.0,6625.0,218.0,0.0,47405272.0,50193810.0,41822246.0,1507606.0,2043787.0
2023-05-05,286.0,863.0,6625.0,218.0,0.0,47405558.0,50194673.0,41828871.0,1507606.0,2044005.0
2023-05-06,286.0,863.0,6625.0,218.0,0.0,47405844.0,50195536.0,41835496.0,1507606.0,2044223.0
2023-05-07,286.0,863.0,6625.0,218.0,0.0,47406130.0,50196399.0,41842121.0,1507606.0,2044441.0
2023-05-08,286.0,863.0,6625.0,218.0,0.0,47406416.0,50197262.0,41848746.0,1507606.0,2044659.0
2023-05-09,286.0,863.0,6625.0,218.0,0.0,47406702.0,50198125.0,41855371.0,1507606.0,2044877.0
2023-05-10,286.0,863.0,6625.0,218.0,0.0,47406988.0,50198988.0,41861996.0,1507606.0,2045095.0
2023-05-11,286.0,863.0,6625.0,218.0,0.0,47407274.0,50199851.0,41868621.0,1507606.0,2045313.0
2023-05-12,286.0,863.0,6625.0,218.0,0.0,47407560.0,50200714.0,41875246.0,1507606.0,2045531.0
2023-05-13,286.0,863.0,6625.0,218.0,0.0,47407846.0,50201577.0,41881871.0,1507606.0,2045749.0
2023-05-14,286.0,863.0,6625.0,218.0,0.0,47408132.0,50202440.0,41888496.0,1507606.0,2045967.0
2023-05-15,286.0,863.0,6625.0,218.0,0.0,47408418.0,50203303.0,41895121.0,1507606.0,2046185.0
2023-05-16,286.0,863.0,6625.0,218.0,0.0,47408704.0,50204166.0,41901746.0,1507606.0,2046403.0
2023-05-17,286.0,863.0,6625.0,218.0,0.0,47408990.0,50205029.0,41908371.0,1507606.0,2046621.0
2023-05-18,286.0,863.0,6625.0,218.0,0.0,47409276.0,50205892.0,41914996.0,1507606.0,2046839.0
2023-05-19,286.0,863.0,6625.0,218.0,0.0,47409562.0,50206755.0,41921621.0,1507606.0,2047057.0
2023-05-20,286.0,863.0,6625.0,218.0,0.0,47409848.0,50207618.0,41928246.0,1507606.0,2047275.0
2023-05-21,286.0,863.0,6625.0,218.0,0.0,47410134.0,50208481.0,41934871.0,1507606.0,2047493.0
2023-05-22,286.0,863.0,6625.0,218.0,0.0,47410420.0,50209344.0,41941496.0,1507606.0,2047711.0
2023-05-23,286.0,863.0,6625.0,218.0,0.0,47410706.0,50210207.0,41948121.0,1507606.0,2047929.0
2023-05-24,286.0,863.0,6625.0,218.0,0.0,47410992.0,50211070.0,41954746.0,1507606.0,2048147.0
2023-05-25,286.0,863.0,6625.0,218.0,0.0,47411278.0,50211933.0,41961371.0,1507606.0,2048365.0
2023-05-26,286.0,863.0,6625.0,218.0,0.0,47411564.0,50212796.0,41967996.0,1507606.0,2048583.0
2023-05-27,286.0,863.0,6625.0,218.0,0.0,47411850.0,50213659.0,41974621.0,1507606.0,2048801.0
2023-05-28,286.0,863.0,6625.0,218.0,0.0,47412136.0,50214522.0,41981246.0,1507606.0,2049019.0
2023-05-29,286.0,863.0,6625.0,218.0,0.0,47412422.0,50215385.0,41987871.0,1507606.0,2049237.0
2023-05-30,286.0,863.0,6625.0,218.0,0.0,47412708.0,50216248.0,41994496.0,1507606.0,2049455.0
2023-05-31,286.0,863.0,6625.0,218.0,0.0,47412994.0,50217111.0,42001121.0,1507606.0,2049673.0
2023-06-01,286.0,863.0,6625.0,218.0,0.0,47413280.0,50217974.0,42007746.0,1507606.0,2049891.0
2023-06-02,286.0,863.0,6625.0,218.0,0.0,47413566.0,50218837.0,42014371.0,1507606.0,2050109.0
2023-06-03,286.0,863.0,6625.0,218.0,0.0,47413852.0,50219700.0,42020996.0,1507606.0,2050327.0
2023-06-04,286.0,863.0,6625.0,218.0,0.0,47414138.0,50220563.0,42027621.0,1507606.0,2050545.0
2023-06-05,286.0,863.0,6625.0,218.0,0.0,47414424.0,50221426.0,42034246.0,1507606.0,2050763.0
2023-06-06,286.0,863.0,6625.0,218.0,0.0,47414710.0,50222289.0,42040871.0,1507606.0,2050981.0
2023-06-07,286.0,863.0,6625.0,218.0,0.0,47414996.0,50223152.0,42047496.0,1507606.0,2051199.0
2023-06-08,286.0,863.0,6625.0,218.0,0.0,47415282.0,50224015.0,42054121.0,1507606.0,2051417.0
2023-06-09,286.0,863.0,6625.0,218.0,0.0,47415568.0,50224878.0,42060746.0,1507606.0,2051635.0
2023-06-10,286.0,863.0,6625.0,218.0,0.0,47415854.0,50225741.0,42067371.0,1507606.0,2051853.0
2023-06-11,286.0,863.0,6625.0,218.0,0.0,47416140.0,50226604.0,42073996.0,1507606.0,2052071.0
2023-06-12,286.0,863.0,6625.0,218.0,0.0,47416426.0,50227467.0,42080621.0,1507606.0,2052289.0
2023-06-13,286.0,863.0,6625.0,218.0,0.0,47416712.0,50228330.0,42087246.0,1507606.0,2052507.0
2023-06-14,286.0,863.0,6625.0,218.0,0.0,47416998.0,50229193.0,42093871.0,1507606.0,2052725.0
2023-06-15,286.0,863.0,6625.0,218.0,0.0,47417284.0,50230056.0,42100496.0,1507606.0,2052943.0
2023-06-16,286.0,863.0,6625.0,218.0,0.0,47417570.0,50230919.0,42107121.0,1507606.0,2053161.0
2023-06-17,286.0,863.0,6625.0,218.0,0.0,47417856.0,50231782.0,42113746.0,1507606.0,2053379.0
2023-06-18,286.0,863.0,6625.0,218.0,0.0,47418142.0,50232645.0,42120371.0,1507606.0,2053597.0
2023-06-19,286.0,863.0,6625.0,218.0,0.0,47418428.0,50233508.0,42126996.0,1507606.0,2053815.0
2023-06-20,286.0,863.0,6625.0,218.0,0.0,47418714.0,50234371.0,42133621.0,1507606.0,2054033.0
2023-06-21,286.0,863.0,6625.0,218.0,0.0,47419000.0,50235234.0,42140246.0,1507606.0,2054251.0
2023-06-22,286.0,863.0,6625.0,218.0,0.0,47419286.0,50236097.0,42146871.0,1507606.0,2054469.0
2023-06-23,286.0,863.0,6625.0,218.0,0.0,47419572.0,50236960.0,42153496.0,1507606.0,2054687.0
2023-06-24,286.0,863.0,6625.0,218.0,0.0,47419858.0,50237823.0,42160121.0,1507606.0,2054905.0
2023-06-25,286.0,863.0,6625.0,218.0,0.0,47420144.0,50238686.0,42166746.0,1507606.0,2055123.0
2023-06-26,286.0,863.0,6625.0,218.0,0.0,47420430.0,50239549.0,42173371.0,1507606.0,2055341.0
2023-06-27,286.0,863.0,6625.0,218.0,0.0,47420716.0,50240412.0,42179996.0,1507606.0,2055559.0
2023-06-28,286.0,863.0,6625.0,218.0,0.0,47421002.0,50241275.0,42186621.0,1507606.0,2055777.0
2023-06-29,286.0,863.0,6625.0,218.0,0.0,47421288.0,50242138.0,42193246.0,1507606.0,2055995.0
2023-06-30,286.0,863.0,6625.0,218.0,0.0,47421574.0,50243001.0,42199871.0,1507606.0,2056213.0
2023-07-01,286.0,863.0,6625.0,218.0,0.0,47421860.0,50243864.0,42206496.0,1507606.0,2056431.0
2023-07-02,286.0,863.0,6625.0,218.0,0.0,47422146.0,50244727.0,42213121.0,1507606.0,2056649.0
2023-07-03,286.0,863.0,6625.0,218.0,0.0,47422432.0,50245590.0,42219746.0,1507606.0,2056867.0
2023-07-04,286.0,863.0,6625.0,218.0,0.0,47422718.0,50246453.0,42226371.0,1507606.0,2057085.0
2023-07-05,286.0,863.0,6625.0,218.0,0.0,47423004.0,50247316.0,42232996.0,1507606.0,2057303.0
2023-07-06,286.0,863.0,6625.0,218.0,0.0,47423290.0,50248179.0,42239621.0,1507606.0,2057521.0
2023-07-07,286.0,863.0,6625.0,218.0,0.0,47423576.0,50249042.0,42246246.0,1507606.0,2057739.0
2023-07-08,286.0,863.0,6625.0,218.0,0.0,47423862.0,50249905.0,42252871.0,1507606.0,2057957.0
2023-07-09,286.0,863.0,6625.0,218.0,0.0,47424148.0,50250768.0,42259496.0,1507606.0,2058175.0
2023-07-10,286.0,863.0,6625.0,218.0,0.0,47424434.0,50251631.0,42266121.0,1507606.0,2058393.0
2023-07-11,286.0,863.0,6625.0,218.0,0.0,47424720.0,50252494.0,42272746.0,1507606.0,2058611.0
2023-07-12,286.0,863.0,6625.0,218.0,0.0,47425006.0,50253357.0,42279371.0,1507606.0,2058829.0
2023-07-13,286.0,863.0,6625.0,218.0,0.0,47425292.0,50254220.0,42285996.0,1507606.0,2059047.0
2023-07-14,286.0,863.0,6625.0,218.0,0.0,47425578.0,50255083.0,42292621.0,1507606.0,2059265.0
2023-07-15,286.0,863.0,6625.0,218.0,0.0,47425864.0,50255946.0,42299246.0,1507606.0,2059483.0
2023-07-16,286.0,863.0,6625.0,218.0,0.0,47426150.0,50256809.0,42305871.0,1507606.0,2059701.0
2023-07-17,286.0,863.0,6625.0,218.0,0.0,47426436.0,50257672.0,42312496.0,1507606.0,2059919.0
2023-07-18,286.0,863.0,6625.0,218.0,0.0,47426722.0,50258535.0,42319121.0,1507606.0,2060137.0
