Data,Et√†,Extinct,Hospitalized,Isolated,Recovered,Threatened
2020-12-08,0-19,0.0,0.015152540079821416,0.1301833578326218,0.12436637653593112,0.0070904645476772615
2020-12-08,20-39,0.002668706442291348,0.061861597781235206,0.258820798840914,0.2538906328148679,0.02982885085574572
2020-12-08,40-59,0.04266530681625021,0.2173780694040452,0.3473980348991778,0.3567761966420232,0.21907090464547677
2020-12-08,60-79,0.35019547849736526,0.41016708381248734,0.1860670553730808,0.18298692216163998,0.6036674816625917
2020-12-08,80-89,0.4128675845656978,0.23618345396739499,0.056781145160042484,0.0589846816540772,0.12322738386308069
2020-12-08,90+,0.19160292367839538,0.059257254955015895,0.020749607894163073,0.022995190191460582,0.017114914425427872
2020-12-09,0-19,0.0,0.01456241543829666,0.1293496609539069,0.12490197949556263,0.005239520958083832
2020-12-09,20-39,0.002677939838986762,0.062130598874884285,0.25841320706131443,0.2534810244750457,0.02869261477045908
2020-12-09,40-59,0.04271229831239263,0.21491134372997223,0.346977196646734,0.35659652063513136,0.2155688622754491
2020-12-09,60-79,0.35018695051706134,0.4097771131524603,0.18648536522560155,0.18341659025562088,0.6037924151696606
2020-12-09,80-89,0.41263852864890355,0.23855301573737805,0.0576278218076736,0.05881852618651487,0.12874251497005987
2020-12-09,90+,0.1917842826826557,0.060065513067008476,0.021146748304769536,0.022785358952124503,0.017964071856287425
2020-12-10,0-19,0.0,0.014467448241456722,0.1292825479370461,0.12513919879025465,0.005283018867924529
2020-12-10,20-39,0.0026761670597287034,0.06221715426005773,0.25829877895122677,0.2534003542121246,0.028679245283018868
2020-12-10,40-59,0.04256778229380969,0.21458860421195167,0.34688065565508236,0.356623191443024,0.21433962264150944
2020-12-10,60-79,0.34969140448592506,0.4101129601254321,0.1865421181645323,0.18350715204411625,0.6060377358490566
2020-12-10,80-89,0.41289912522789235,0.23842782311228308,0.05779506769604362,0.058650460023751114,0.12754716981132075
2020-12-10,90+,0.19216552093264422,0.06018601004881873,0.02120083159606882,0.02267964348672937,0.018113207547169812
2020-12-11,0-19,0.0,0.014467448241456722,0.1292825479370461,0.12513919879025465,0.005283018867924529
2020-12-11,20-39,0.0026761670597287034,0.06221715426005773,0.25829877895122677,0.2534003542121246,0.028679245283018868
2020-12-11,40-59,0.04256778229380969,0.21458860421195167,0.34688065565508236,0.356623191443024,0.21433962264150944
2020-12-11,60-79,0.34969140448592506,0.4101129601254321,0.1865421181645323,0.18350715204411625,0.6060377358490566
2020-12-11,80-89,0.41289912522789235,0.23842782311228308,0.05779506769604362,0.058650460023751114,0.12754716981132075
2020-12-11,90+,0.19216552093264422,0.06018601004881873,0.02120083159606882,0.02267964348672937,0.018113207547169812
2020-12-12,0-19,0.0,0.014217495116127632,0.129140572990186,0.12528050968387522,0.005646817248459959
2020-12-12,20-39,0.0027129502516833365,0.06330945662397801,0.25790239617520966,0.25313766240943264,0.029004106776180698
2020-12-12,40-59,0.04250833496764071,0.21275595108892265,0.3466478457148101,0.35658627856165886,0.2091889117043121
2020-12-12,60-79,0.34936588873635355,0.405940235872947,0.18656341364285933,0.1839788263297195,0.6052361396303901
2020-12-12,80-89,0.41230306596064586,0.24354243542435425,0.058165772962799484,0.058566079890736915,0.13347022587268995
2020-12-12,90+,0.19310976008367653,0.0602344258736705,0.02157999851413538,0.022450643124576893,0.017453798767967144
2020-12-13,0-19,0.0,0.014319376472720682,0.12905968077723803,0.12529354465294873,0.007950756604257501
2020-12-13,20-39,0.002749621723638612,0.0629690048939641,0.257898160999306,0.2528895725521353,0.027699410105155167
2020-12-13,40-59,0.04254592193677497,0.21178176545223854,0.34671090677770067,0.35635979253249733,0.20979738394460118
2020-12-13,60-79,0.34925076875518607,0.40558274424506074,0.18662965533194542,0.18425429409709276,0.6024621697871249
2020-12-13,80-89,0.41229682898654474,0.24448069603045133,0.05810634975711312,0.05872161913667127,0.13516286227237753
2020-12-13,90+,0.1931568585978556,0.06086641290556462,0.02159524635669674,0.022481177028654643,0.016927417286483715
2020-12-14,0-19,0.0,0.014594515109183148,0.12916350991565925,0.12538665274716776,0.007735946364105209
2020-12-14,20-39,0.0026975076321697974,0.062348356738475115,0.25765389787737436,0.25280323241696634,0.029138731304796286
2020-12-14,40-59,0.042400943320034246,0.2109403720314683,0.3466692636761911,0.3562666743997216,0.21015987622485818
2020-12-14,60-79,0.3488507325267732,0.4050437467833248,0.18672689437284368,0.18438116227815798,0.6008251676121712
2020-12-14,80-89,0.41242791839635595,0.24505551062421882,0.05814627942581265,0.05874221861346325,0.13512119649303764
2020-12-14,90+,0.19362289812466685,0.0620174987133299,0.021640154732118944,0.022420059544523065,0.01701908200103146
2020-12-15,0-19,0.0,0.014714037487522645,0.12899108942658957,0.12543544371153958,0.006496881496881497
2020-12-15,20-39,0.002675295964628422,0.0626270841805612,0.257261333176023,0.2529163881320907,0.029885654885654887
2020-12-15,40-59,0.04237220255354597,0.21024806832045548,0.3463210252411092,0.356380579472709,0.2079002079002079
2020-12-15,60-79,0.34839722538167023,0.4047099707937447,0.18706736669750523,0.18437351891921275,0.6034303534303534
2020-12-15,80-89,0.41257228906012205,0.24514769492402677,0.058476267486982335,0.05864245505858524,0.13513513513513514
2020-12-15,90+,0.19398298704003333,0.06255314429368923,0.02188291797179062,0.02225161470586272,0.017151767151767153
2020-12-16,0-19,0.0,0.014024458655895883,0.12782598464570402,0.12638287473193716,0.006324110671936759
2020-12-16,20-39,0.002662843097091356,0.06286697333482928,0.25621378356913843,0.2532792219381801,0.02793148880105402
2020-12-16,40-59,0.04238489900103993,0.2102920827256068,0.3463687972468159,0.35598927657128526,0.20869565217391303
2020-12-16,60-79,0.34746163300034666,0.4031938367179027,0.18827249463187928,0.1840867466438945,0.6023715415019762
2020-12-16,80-89,0.4128037059212807,0.24653128389244175,0.059158161014207136,0.05826768482492053,0.1383399209486166
2020-12-16,90+,0.1946869189802414,0.06309136467332362,0.0221607788922552,0.021994195289782446,0.016337285902503294
2020-12-17,0-19,0.0,0.01410575544995097,0.12772763759259972,0.1265114018110619,0.0058309037900874635
2020-12-17,20-39,0.0026911161873767876,0.0629101606698348,0.2556196665373257,0.2533760889953865,0.027564272462231646
2020-12-17,40-59,0.04235378790249398,0.20981368333710493,0.34666729856135353,0.3557285539514653,0.21176782401272198
2020-12-17,60-79,0.34741997058547425,0.4035980991174474,0.1884976407619465,0.18410143536865464,0.602438377948582
2020-12-17,80-89,0.41238226366680225,0.2466621407558271,0.05932602507634571,0.058274015725265055,0.1349059104161145
2020-12-17,90+,0.19515286165785273,0.0629101606698348,0.02216173147042881,0.02200850414816662,0.01749271137026239
2020-12-18,0-19,0.0,0.014185745797520346,0.1277032338871937,0.1265632811957889,0.0045933531477978925
2020-12-18,20-39,0.0026818794859472615,0.06362668289343576,0.25557080485194117,0.2533347329989556,0.027830316130775468
2020-12-18,40-59,0.04238299719410297,0.2093633528561649,0.34672606489686,0.3555660728170109,0.20940286409078626
2020-12-18,60-79,0.3472026291720278,0.40324788925230093,0.18859826394903478,0.1842505591249006,0.6060524182653337
2020-12-18,80-89,0.41245136186770426,0.24583555183692096,0.05923537362996916,0.058319796313067246,0.13455822750607943
2020-12-18,90+,0.19528113228021765,0.0637407773636571,0.022166258785001208,0.021965557550276762,0.017562820859227234
2020-12-19,0-19,0.0,0.014382663684738181,0.12762124979700445,0.12665578537526476,0.006406685236768802
2020-12-19,20-39,0.002702538564314345,0.06400863731009486,0.25560602922837855,0.25332292970033343,0.028133704735376044
2020-12-19,40-59,0.04234483177456577,0.21080434950258348,0.3469786068769676,0.3553734822695531,0.21253481894150417
2020-12-19,60-79,0.346304506255314,0.40232898897200586,0.18862867384687357,0.184421287720451,0.6086350974930362
2020-12-19,80-89,0.41286590550224705,0.24550782756227346,0.05905866682955973,0.05832558594705681,0.12701949860724235
2020-12-19,90+,0.19578221790355885,0.06296753296830415,0.022106773421216124,0.021900928987340886,0.017270194986072424
2020-12-20,0-19,0.0,0.014227328809376927,0.12761070209450862,0.126726225467491,0.0061711079943899015
2020-12-20,20-39,0.0027159152634437804,0.0644278223318939,0.2556183617398337,0.2532758350511537,0.02833099579242637
2020-12-20,40-59,0.04221739392842055,0.2104796421961752,0.34706132473803775,0.35519791801040473,0.21150070126227208
2020-12-20,60-79,0.3460226929808679,0.40241363355953114,0.18879420055425383,0.1844302709235712,0.6092566619915849
2020-12-20,80-89,0.41281912004345467,0.24498766193707588,0.05895786005685265,0.05840271711416572,0.1273492286115007
2020-12-20,90+,0.19622487778381315,0.06346391116594695,0.021957550816513433,0.021967033433213656,0.017391304347826087
2020-12-21,0-19,0.0,0.013570351559400048,0.1277270548694978,0.12654174342035615,0.0050933786078098476
2020-12-21,20-39,0.002713724549461753,0.06483612411713356,0.2556286649191425,0.2528065383556713,0.028862478777589132
2020-12-21,40-59,0.04219017061980869,0.2108959606380446,0.3468677700131952,0.3547743970865358,0.21052631578947367
2020-12-21,60-79,0.34593241176646977,0.4016744702801365,0.18909355565943398,0.18493383302631858,0.6038483305036786
2020-12-21,80-89,0.412606075144682,0.24498055709864297,0.05881326145999136,0.05886383366152152,0.1318619128466327
2020-12-21,90+,0.1965576179195778,0.06404253630664233,0.021869693078739177,0.022079654449596645,0.019807583474816072
2020-12-22,0-19,7.404555282409739e-05,0.013668061366806136,0.12827466572010343,0.12668549211509778,0.005100595069424767
2020-12-22,20-39,0.0026804490122323255,0.06503287507471608,0.25545474393038603,0.2532427812505237,0.028620005667327857
2020-12-22,40-59,0.04223558333086515,0.21147638971906754,0.3474119763022547,0.3546236865479043,0.20884103145366958
2020-12-22,60-79,0.3457334952462755,0.39976090854751944,0.18935918361891127,0.18492232407702233,0.6052706149050723
2020-12-22,80-89,0.4125373930041762,0.24590555887627016,0.058142349843237844,0.05862982018065727,0.1323321054122981
2020-12-22,90+,0.19673903385362676,0.06415620641562064,0.02135708058510678,0.021895895828794556,0.019835647492207426
2020-12-23,0-19,7.342790847945487e-05,0.013727305664023188,0.1283048246637764,0.12681461773916533,0.004986149584487534
2020-12-23,20-39,0.0026434047052603755,0.0655770701662574,0.2554998215541504,0.25316717955969853,0.02742382271468144
2020-12-23,40-59,0.04220636179399066,0.21106235658789904,0.34731585818900806,0.35460818562479907,0.20581717451523546
2020-12-23,60-79,0.34534613916057216,0.3968036713497846,0.18944323389055623,0.18498186718276613,0.6113573407202216
2020-12-23,80-89,0.41250330425588155,0.24813815868926373,0.058092029870479935,0.058593130165756395,0.13074792243767314
2020-12-23,90+,0.1972273621758158,0.06469143754277203,0.021344231832028996,0.02183501972781453,0.01966759002770083
2020-12-24,0-19,8.706756442999768e-05,0.013917630350983973,0.1278130179897901,0.126811869165971,0.005006954102920723
2020-12-24,20-39,0.0025975156721615975,0.06605802393994725,0.2554231605586137,0.2530615009371983,0.028094575799721837
2020-12-24,40-59,0.04208265614116555,0.2107121119902617,0.34709129243665404,0.35464204899217516,0.20584144645340752
2020-12-24,60-79,0.3440329695843975,0.3955366200040576,0.18974562427772593,0.18498752714284666,0.6094575799721836
2020-12-24,80-89,0.4129324355700023,0.24921890850071007,0.05835749053623731,0.058614676436051415,0.13045897079276772
2020-12-24,90+,0.19826735546784305,0.06455670521403936,0.021569414200978913,0.02188237732575741,0.02114047287899861
2020-12-25,0-19,8.660758105026127e-05,0.014006395984293405,0.1283262464473771,0.12657115333374327,0.0050335570469798654
2020-12-25,20-39,0.0026126620283495484,0.066914949601263,0.2560737917410239,0.25264711307876775,0.027684563758389263
2020-12-25,40-59,0.04206241519674356,0.21252479455936527,0.3476936408968399,0.35431675172682364,0.2063758389261745
2020-12-25,60-79,0.34400531193163775,0.39359591952394446,0.18924115240843964,0.1853204615794544,0.6065436241610739
2020-12-25,80-89,0.4127861658823869,0.24839088369833623,0.05751320070207906,0.05907069216421734,0.13227069351230425
2020-12-25,90+,0.198446837379832,0.06456705663279763,0.02115196780424038,0.022073828116993585,0.0220917225950783
2020-12-26,0-19,0.00015826654964533904,0.014072648544623527,0.12838674525731833,0.12655570061808583,0.004736695458344943
2020-12-26,20-39,0.002604204135073306,0.06695533638040253,0.25624466439208304,0.2524940484092577,0.02814154360546113
2020-12-26,40-59,0.04205573860121146,0.2120118675326758,0.3476674834577944,0.3542912944292459,0.20925048760100307
2020-12-26,60-79,0.3438124973022747,0.39347285702830564,0.18924108352539093,0.18547543090494314,0.6012816940651993
2020-12-26,80-89,0.4127735493431938,0.2486568839708123,0.057403128669368586,0.05908669246300159,0.13402061855670103
2020-12-26,90+,0.19859574406860137,0.06483040654318017,0.021056894698044653,0.022096833175465846,0.02256896071329061
2020-12-27,0-19,0.0001577603763302068,0.014093529788597053,0.12842626926831832,0.12661886103058553,0.004739336492890996
2020-12-27,20-39,0.002624558988038895,0.06686418962203716,0.2561637458646902,0.2525014624058538,0.02815723445776415
2020-12-27,40-59,0.04207899492298425,0.2119234465086483,0.3475469787247704,0.3542096657138442,0.20936715918594925
2020-12-27,60-79,0.343745518171127,0.3942584881486227,0.18940631033320346,0.18548160685838005,0.6013381655979928
2020-12-27,80-89,0.4128302211513639,0.24803811659192826,0.0574105773454339,0.05908200557130108,0.1343741287984388
2020-12-27,90+,0.19856294639015576,0.06482222934016656,0.021046118463583736,0.022106398420035325,0.022023975466964038
2020-12-28,0-19,0.0001577603763302068,0.014093529788597053,0.12842626926831832,0.12661886103058553,0.004739336492890996
2020-12-28,20-39,0.002624558988038895,0.06686418962203716,0.2561637458646902,0.2525014624058538,0.02815723445776415
2020-12-28,40-59,0.04207899492298425,0.2119234465086483,0.3475469787247704,0.3542096657138442,0.20936715918594925
2020-12-28,60-79,0.343745518171127,0.3942584881486227,0.18940631033320346,0.18548160685838005,0.6013381655979928
2020-12-28,80-89,0.4128302211513639,0.24803811659192826,0.0574105773454339,0.05908200557130108,0.1343741287984388
2020-12-28,90+,0.19856294639015576,0.06482222934016656,0.021046118463583736,0.022106398420035325,0.022023975466964038
2020-12-29,0-19,0.00015539137436607382,0.01409298964105035,0.12830164677583494,0.12677215521720273,0.0045121263395375075
2020-12-29,20-39,0.002613400387065787,0.06665060627961134,0.2557749907484504,0.252462308683501,0.02763677382966723
2020-12-29,40-59,0.0420686829874698,0.20994940978077573,0.34772527523360164,0.35406958176898545,0.21235194585448391
2020-12-29,60-79,0.3434290638376019,0.3969324660724323,0.18975940188731613,0.1856371814569368,0.5995487873660462
2020-12-29,80-89,0.41283250222492196,0.24793222516662652,0.05745645989453233,0.05904138775860398,0.1353637901861252
2020-12-29,90+,0.1989009591885745,0.06444230305950373,0.020982225460264594,0.022017385114770038,0.020586576424139875
2020-12-30,0-19,0.00015435563538392457,0.014079407860332275,0.12814340968652024,0.12687093691376525,0.004510854243022272
2020-12-30,20-39,0.0025959811405478223,0.06685707389677782,0.2559525107305807,0.25240471780108625,0.02791091062870031
2020-12-30,40-59,0.04206892680736417,0.20990385775775372,0.3477144190224525,0.3539514926987348,0.21426557654355793
2020-12-30,60-79,0.3431606421194432,0.39623476406935115,0.18991056517056282,0.1856680470836234,0.59797011559064
2020-12-30,80-89,0.41294342164346654,0.24787803210104992,0.057349920856062685,0.059072406998831956,0.1350436989004793
2020-12-30,90+,0.19907667265379433,0.06504686431473511,0.020929174533821135,0.022032398503958377,0.020298844093600225
2020-12-31,0-19,0.00016742940060274585,0.013845286967721162,0.1282233474219827,0.12686630701476018,0.004489337822671156
2020-12-31,20-39,0.0025951557093425604,0.06677131127746921,0.25631750403354264,0.2523231603959783,0.028058361391694726
2020-12-31,40-59,0.041996874651188745,0.21081864283989374,0.34720470724334707,0.3540460839480182,0.21408529741863075
2020-12-31,60-79,0.34297912713472484,0.39652257908717703,0.19019676641273822,0.18569029172052415,0.5970819304152637
2020-12-31,80-89,0.4128809018863712,0.24724301698462528,0.05729906057727739,0.05902677265303911,0.13552188552188552
2020-12-31,90+,0.19938051121776984,0.06479916284311359,0.020758614311112023,0.02204738426768009,0.020763187429854096
2021-01-01,0-19,0.0001664816870144284,0.013901094511464408,0.12795951088305643,0.12688002423567357,0.00446677833612507
2021-01-01,20-39,0.0025943396226415093,0.06710873212431094,0.25677763402674547,0.25227974454620844,0.028196538246789502
2021-01-01,40-59,0.04196725860155383,0.210353918670608,0.3472400288540447,0.3539058603205107,0.2138470128419877
2021-01-01,60-79,0.3425915649278579,0.39725972677159066,0.19014611010680085,0.18579459042629692,0.5988274706867671
2021-01-01,80-89,0.4128052164261931,0.24682431892626028,0.0572101526519145,0.059098934793185856,0.13344500279173646
2021-01-01,90+,0.19987513873473917,0.06455220899576576,0.020666563477438064,0.02204084567812455,0.02121719709659408
2021-01-02,0-19,0.00016603940668585344,0.013903357640836606,0.12809871166757394,0.12687956694534086,0.004727474972191324
2021-01-02,20-39,0.0025874474208545497,0.06739322061062585,0.2568448557430593,0.25225175182753906,0.028921023359288096
2021-01-02,40-59,0.041924950188177997,0.20999278788364453,0.3469439303211758,0.35388628358414514,0.21134593993325917
2021-01-02,60-79,0.34231791011733453,0.39750781312605177,0.19035093449464707,0.18587443758517547,0.5995550611790879
2021-01-02,80-89,0.4129261678104937,0.24705505248818013,0.057149700598802394,0.059083137333082736,0.13375973303670746
2021-01-02,90+,0.2000774850564534,0.06414776825066111,0.020611867174741425,0.022024822724716727,0.021690767519466074
2021-01-03,0-19,0.00016527559705809436,0.013991834793293433,0.12821137098691177,0.12697150400720178,0.004644808743169399
2021-01-03,20-39,0.0025893176872434785,0.0669864045344643,0.25687078162029,0.2522800117210275,0.029234972677595627
2021-01-03,40-59,0.041897363854226925,0.2109477188949225,0.34685615910449696,0.35376130187989574,0.20928961748633879
2021-01-03,60-79,0.3422031237087844,0.3970827222640612,0.1905522700915528,0.1859391473254609,0.5997267759562842
2021-01-03,80-89,0.4128033495854337,0.24709659518807722,0.05703789608649614,0.059036368414851874,0.1360655737704918
2021-01-03,90+,0.2003415695672534,0.06389472432518134,0.020471522110252327,0.02201166665156225,0.02103825136612022
2021-01-04,0-19,0.00016136406422289756,0.01411314922520031,0.1279790026246719,0.1271653578546622,0.00400114318376679
2021-01-04,20-39,0.0025549310168625446,0.06767804124130639,0.2562499550569877,0.25267928536477663,0.03143755358673907
2021-01-04,40-59,0.04157814054809994,0.21234798877455566,0.34839104016107575,0.3530517895716724,0.21749071163189482
2021-01-04,60-79,0.34174219401339323,0.4006588847765079,0.1909927012548089,0.18580605315606688,0.5995998856816234
2021-01-04,80-89,0.41368367264610173,0.242770569813316,0.056403839930967536,0.05921504099485625,0.12775078593883968
2021-01-04,90+,0.20027969771131968,0.06243136616911376,0.019983460971488152,0.02208247305796565,0.019719919977136326
2021-01-05,0-19,0.0002265428232566197,0.013593094546627944,0.12808798935603438,0.12727678179150523,0.004533862283933126
2021-01-05,20-39,0.002531949201103397,0.0686511777992901,0.25626714758245794,0.25269351952972413,0.030036837631056957
2021-01-05,40-59,0.041523966898095704,0.21091481122942884,0.34840326270594907,0.35303104479243047,0.21819212241428165
2021-01-05,60-79,0.34125344811503044,0.4006534365924492,0.19097029319338912,0.1859608393901064,0.6004533862283933
2021-01-05,80-89,0.41394704228355167,0.24390932558889963,0.05638509730852401,0.05903775394696327,0.12751487673561915
2021-01-05,90+,0.20051705067896217,0.06227815424330429,0.019886209853645472,0.022000060549270492,0.019268914706715785
2021-01-06,0-19,0.00022563775848796156,0.01336,0.1280351761500713,0.12711303346725705,0.004271070615034169
2021-01-06,20-39,0.002535106580658862,0.06828,0.2566004893136285,0.25243838313117833,0.030751708428246014
2021-01-06,40-59,0.04155716598975339,0.20988,0.3485551640164541,0.3529207135502185,0.21469248291571755
2021-01-06,60-79,0.34109792678718376,0.4008,0.19128874323508316,0.18600406897632582,0.6042141230068337
2021-01-06,80-89,0.41391255873218125,0.24452,0.05598048415400622,0.05932385858476375,0.12670842824601367
2021-01-06,90+,0.20067160415173477,0.06316,0.019539943130756736,0.022199942290256573,0.0193621867881549
2021-01-07,0-19,0.00022431583669807088,0.0135644915322257,0.12791083468764586,0.12719056948826732,0.0037079292641186536
2021-01-07,20-39,0.002520254400548914,0.06862509029617145,0.256950575559392,0.2523588239259441,0.030519110096976613
2021-01-07,40-59,0.041498429789143115,0.20956738100971187,0.34839197647151443,0.35274175906616884,0.21819737592698232
2021-01-07,60-79,0.34105243712559047,0.40011236856890603,0.19150916340038351,0.18611822062369937,0.6063890473474044
2021-01-07,80-89,0.41400786424933367,0.24520427000561842,0.055821107030990795,0.05936255759792463,0.12350256702795208
2021-01-07,90+,0.20069669859868577,0.06292639858736657,0.019416342850073386,0.022228069297995732,0.017683970336565887
2021-01-08,0-19,0.00022271714922048998,0.013692597189414261,0.12765670066830812,0.1274010979316597,0.003419777714448561
2021-01-08,20-39,0.002528494694091445,0.06874324378428154,0.2572409426661977,0.25238872575950794,0.030777999430037048
2021-01-08,40-59,0.04141228874623346,0.20939264122993154,0.34847836792121,0.3525351835886902,0.21858079224850385
2021-01-08,60-79,0.34096685444779246,0.39932738119069544,0.1916707703130496,0.18610113766605607,0.6061555998860074
2021-01-08,80-89,0.41424079654133367,0.24542579172839013,0.05562152655645445,0.059342675458917936,0.12311199772014819
2021-01-08,90+,0.20062884842132844,0.0634183448772871,0.019331691874780163,0.022231179595168182,0.017953833000854943
2021-01-09,0-19,0.00022133975652626782,0.013571259001345256,0.12799909287021186,0.12742570419655272,0.003694231315714692
2021-01-09,20-39,0.0025388972072130723,0.06892458653161351,0.2574596726213391,0.2523450696462037,0.029838022165387893
2021-01-09,40-59,0.04148167437015819,0.20894990899738863,0.34838123529238835,0.3524705999495034,0.21909633418584826
2021-01-09,60-79,0.3408241650934184,0.40005539289388303,0.19144638205002934,0.1861824207789991,0.6064222790565501
2021-01-09,80-89,0.4142178243603932,0.24574661707683787,0.055469306675663306,0.059360542234012666,0.12361466325660699
2021-01-09,90+,0.20071609921229086,0.0627522354989317,0.019244310490368045,0.02221566319472844,0.017334470019892016
2021-01-10,0-19,0.00022076201854400956,0.013727810650887575,0.12820242765738962,0.1275048934781992,0.003096846846846847
2021-01-10,20-39,0.002545256213801522,0.06895463510848127,0.25762575162728435,0.25239142151995686,0.030123873873873875
2021-01-10,40-59,0.04149027348518297,0.20875739644970415,0.34814669048407637,0.3523779467249156,0.21931306306306306
2021-01-10,60-79,0.3408305846297691,0.3995266272189349,0.19135505632614144,0.18618620748347564,0.6050112612612613
2021-01-10,80-89,0.4141495467885619,0.2457593688362919,0.055466940871756,0.059354344557601205,0.125
2021-01-10,90+,0.20076357686414045,0.06327416173570019,0.019203133033352228,0.022185186235851466,0.017454954954954954
2021-01-11,0-19,0.0001550127239610918,0.013503708481135118,0.12859563316971137,0.12753150540165276,0.0033435497353023124
2021-01-11,20-39,0.002544792218361257,0.06421315704611416,0.25730796331283506,0.25274796831790086,0.030927835051546393
2021-01-11,40-59,0.04149173911358557,0.2033618187681393,0.34443037843794455,0.35368327804046884,0.21538032878239063
2021-01-11,60-79,0.34065337863149603,0.40390196710738474,0.1924067199730563,0.18603160477279956,0.604346614655893
2021-01-11,80-89,0.4142844225130146,0.2506046436633344,0.057199243094567385,0.058390214553497966,0.12900529395374757
2021-01-11,90+,0.20087065479958147,0.06441470493389229,0.020060062011885364,0.02161542891368005,0.01699637782112009
2021-01-12,0-19,0.00012826761755727149,0.012879855101630106,0.1290010888723744,0.12756718986173757,0.0033519553072625698
2021-01-12,20-39,0.0025268720658782485,0.06339303682833568,0.25738904065468265,0.2527504288429221,0.03100558659217877
2021-01-12,40-59,0.04152022780328878,0.2033809619641779,0.3441930007815651,0.353630780661766,0.21368715083798884
2021-01-12,60-79,0.34083271337318183,0.4048299456631113,0.19216750609812852,0.1861520283364918,0.6067039106145251
2021-01-12,80-89,0.4141761370924296,0.2513986717649426,0.05726404933463545,0.05832464918033666,0.1270949720670391
2021-01-12,90+,0.20081578204766426,0.06411752867780238,0.019985314258613836,0.021574923116745862,0.018156424581005588
2021-01-13,0-19,6.363023199582586e-05,0.01314950589735416,0.12934717817009722,0.12747690693348454,0.002738225629791895
2021-01-13,20-39,0.0025197571870347038,0.06355594517054511,0.2574874712076946,0.25284523008272697,0.029025191675794086
2021-01-13,40-59,0.04157599358607261,0.2027414727446605,0.3437665118811954,0.35359618533808884,0.21358159912376778
2021-01-13,60-79,0.3406380839664541,0.4042875358622888,0.19220234459514154,0.18625160975764868,0.6051478641840088
2021-01-13,80-89,0.41422008424642714,0.25235097226649666,0.05730938206009405,0.05828448856078392,0.130065717415115
2021-01-13,90+,0.20098245078201554,0.06391456805865477,0.019887112085777155,0.021545579327267042,0.019441401971522453
2021-01-14,0-19,6.32183181398642e-05,0.013201978302488832,0.1295881578188817,0.12743231685447287,0.002754062241806665
2021-01-14,20-39,0.0025034453983386225,0.06365666879387365,0.2578326289695298,0.2527849050852846,0.028642247314789315
2021-01-14,40-59,0.04147121669975092,0.20225749840459475,0.343611279872638,0.35353678676015593,0.21343982374001652
2021-01-14,60-79,0.3404053558559128,0.4043155711550734,0.19223292934041097,0.18630650443995128,0.6072707243183696
2021-01-14,80-89,0.41438343174318193,0.25299138481174216,0.05703203414058008,0.05835327008751151,0.1283393004681906
2021-01-14,90+,0.20117333198467588,0.06357689853222719,0.019702969857959458,0.021586216772623783,0.01955384191682732
2021-01-15,0-19,0.0001257561086029754,0.013296264958298078,0.1286405699693229,0.12801650569330858,0.0030666294954000556
2021-01-15,20-39,0.0025025465611992104,0.06366090495185141,0.25673723045474717,0.2532283938955423,0.02843601895734597
2021-01-15,40-59,0.04146178900640098,0.20121680970224426,0.3450582685448479,0.35279426247973633,0.21048229718427655
2021-01-15,60-79,0.3401451225493278,0.40605987348402434,0.19259177351848172,0.18616362735722583,0.6141622525787567
2021-01-15,80-89,0.41455501200970835,0.25182319996776664,0.05723900189621191,0.05827112211317541,0.12489545581265682
2021-01-15,90+,0.20120977376476062,0.0639429469358153,0.01973315561638841,0.021526088461011596,0.018957345971563982
2021-01-16,0-19,0.00012494689756853338,0.01331355014636885,0.12941466583265168,0.12791888780342714,0.0014136273678258412
2021-01-16,20-39,0.0024989379513706673,0.0626779484300437,0.2568941562815763,0.25310254023686996,0.029968900197907832
2021-01-16,40-59,0.04140740185421196,0.20010426274211013,0.34444016744454603,0.35283638843803766,0.21260955612100652
2021-01-16,60-79,0.3400304870430067,0.4068251995027469,0.19217479430303613,0.18644984782168342,0.6115351993214588
2021-01-16,80-89,0.41446135392458205,0.25343866543690097,0.057321488716739644,0.058218782932438984,0.12609556121006502
2021-01-16,90+,0.20147687232926006,0.0636403737418294,0.019754727421450225,0.021473552767542814,0.018377155781735936
2021-01-17,0-19,0.0001246245684874316,0.013424712759524289,0.12968806766490618,0.12796039290806555,0.002802690582959641
2021-01-17,20-39,0.0025174162834461188,0.062285829469864946,0.2570056417447073,0.25301300085958206,0.028867713004484305
2021-01-17,40-59,0.04142520656522227,0.19927433985083653,0.3440803715925093,0.35282335716526675,0.21356502242152467
2021-01-17,60-79,0.33982627335152854,0.4066115702479339,0.19220514452654683,0.18650443437205874,0.6118273542600897
2021-01-17,80-89,0.41451377724604627,0.2542229389236041,0.05732270839776252,0.05822010401707941,0.125
2021-01-17,90+,0.20159270198526938,0.06418060874823624,0.01969806607356787,0.021478710677947512,0.017937219730941704
2021-01-18,0-19,0.0001246245684874316,0.013424712759524289,0.12968806766490618,0.12796039290806555,0.002802690582959641
2021-01-18,20-39,0.0025174162834461188,0.062285829469864946,0.2570056417447073,0.25301300085958206,0.028867713004484305
2021-01-18,40-59,0.04142520656522227,0.19927433985083653,0.3440803715925093,0.35282335716526675,0.21356502242152467
2021-01-18,60-79,0.33982627335152854,0.4066115702479339,0.19220514452654683,0.18650443437205874,0.6118273542600897
2021-01-18,80-89,0.41451377724604627,0.2542229389236041,0.05732270839776252,0.05822010401707941,0.125
2021-01-18,90+,0.20159270198526938,0.06418060874823624,0.01969806607356787,0.021478710677947512,0.017937219730941704
2021-01-19,0-19,0.00012282296298115895,0.01327451869563425,0.13106422634721454,0.12779144134072723,0.002826455624646693
2021-01-19,20-39,0.002566999926306222,0.061095766170589934,0.25665770355474854,0.2528875708532861,0.029395138496325607
2021-01-19,40-59,0.04120710408017883,0.19837572659438513,0.34116328498825815,0.353341990108181,0.21113623516110797
2021-01-19,60-79,0.33944582279102903,0.40660427917714476,0.1931403555212924,0.18657479183200124,0.610231769361221
2021-01-19,80-89,0.41468716991328697,0.2544420167374366,0.05804659889377552,0.05806283983164743,0.12549462973431316
2021-01-19,90+,0.2019700803262178,0.06620769262480933,0.019927830694710835,0.021341366034156997,0.020915771622385528
2021-01-20,0-19,0.00012282296298115895,0.01327451869563425,0.13106422634721454,0.12779144134072723,0.002826455624646693
2021-01-20,20-39,0.002566999926306222,0.061095766170589934,0.25665770355474854,0.2528875708532861,0.029395138496325607
2021-01-20,40-59,0.04120710408017883,0.19837572659438513,0.34116328498825815,0.353341990108181,0.21113623516110797
2021-01-20,60-79,0.33944582279102903,0.40660427917714476,0.1931403555212924,0.18657479183200124,0.610231769361221
2021-01-20,80-89,0.41468716991328697,0.2544420167374366,0.05804659889377552,0.05806283983164743,0.12549462973431316
2021-01-20,90+,0.2019700803262178,0.06620769262480933,0.019927830694710835,0.021341366034156997,0.020915771622385528
2021-01-21,0-19,0.00012097896175855019,0.014272521198891781,0.13144279570541142,0.12806554209010118,0.001479727730097662
2021-01-21,20-39,0.002528460300753699,0.061623709176391574,0.25617033571515885,0.2530231337012124,0.028706717963894644
2021-01-21,40-59,0.04114494489408292,0.19767441860465115,0.3408158956293687,0.3531434956021152,0.21071322876590706
2021-01-21,60-79,0.3388862676780508,0.4052556460414743,0.19271990081106954,0.18694876587092746,0.6143829535365493
2021-01-21,80-89,0.41510301358593743,0.25543615145663673,0.058581477642008606,0.057716768306937234,0.12429712932820361
2021-01-21,90+,0.20221633457941665,0.0657375535219545,0.020269594496982898,0.021102294428706554,0.020420242675347738
2021-01-22,0-19,0.0001203166734846115,0.014021241761470972,0.13126570273905347,0.12837656508274276,0.003280644199224575
2021-01-22,20-39,0.002562745145222225,0.06171025565677343,0.2561359627308333,0.25298945053483557,0.029227557411273485
2021-01-22,40-59,0.041076112327646366,0.1979765752907099,0.3404249874857866,0.35317018315505483,0.21294363256784968
2021-01-22,60-79,0.33863127752243904,0.4058183955333529,0.19301474997960943,0.1868949850854027,0.614971667163734
2021-01-22,80-89,0.4153211252015304,0.25494311741740483,0.058702455984352836,0.05758091406532024,0.11989263346257083
2021-01-22,90+,0.20228842312967732,0.06553041434028799,0.020456141080364438,0.02098790207664393,0.01968386519534745
2021-01-23,0-19,0.00011970456912340344,0.014357501794687724,0.131538190608068,0.12844223106161887,0.0017947950942267424
2021-01-23,20-39,0.002561677779240834,0.061948397449432036,0.25599037615654185,0.25293029139776463,0.02961411905474125
2021-01-23,40-59,0.040998814924765675,0.1975423335163211,0.34008321150744064,0.3531485540833262,0.21447801376009573
2021-01-23,60-79,0.3382970827996505,0.40589502132511296,0.19320541212533512,0.1869661957862227,0.6141190547412504
2021-01-23,80-89,0.41541076622894696,0.2545078332840674,0.058698368739234695,0.05758518782016474,0.11935387376607837
2021-01-23,90+,0.20261195369827267,0.06574891263037878,0.0204844408633797,0.02092753985090291,0.020640143583607537
2021-01-24,0-19,0.00011924209723000608,0.01430615164520744,0.13240799233532005,0.12844550054995252,0.003321256038647343
2021-01-24,20-39,0.002563705090445131,0.06143229824118489,0.25581192452293666,0.25287218451387283,0.027777777777777776
2021-01-24,40-59,0.04099543302767609,0.19725658503744845,0.339486834813545,0.3531335648044364,0.21467391304347827
2021-01-24,60-79,0.33827790563180427,0.40642093747370195,0.19308401581405718,0.1870939041737582,0.6168478260869565
2021-01-24,80-89,0.4154036941201722,0.2544391147016747,0.05867099232077914,0.05756130849686827,0.11745169082125603
2021-01-24,90+,0.20264002003267234,0.06614491290078263,0.02053824019336191,0.02089353746111175,0.019927536231884056
2021-01-25,0-19,0.00011855364552459988,0.014582620595278824,0.13293965285526949,0.12849566194909637,0.003316249623153452
2021-01-25,20-39,0.0025726141078838173,0.06128121792678755,0.25551709252034244,0.25290346755829707,0.02833886041603859
2021-01-25,40-59,0.04097213989330172,0.19808416010947658,0.33831705668184375,0.353359467327703,0.21284293035875793
2021-01-25,60-79,0.3381979845880261,0.40420800547382824,0.19359631189267998,0.18700025941832646,0.6153150437141995
2021-01-25,80-89,0.41536455245998816,0.255516592541909,0.058970620576185316,0.05743694693454011,0.12059089538739826
2021-01-25,90+,0.20277415530527565,0.0663274033527198,0.020659265473679068,0.02080419681203701,0.019596020500452217
2021-01-26,0-19,0.00011805121061516486,0.014577383743233452,0.13352182049433323,0.12841337458777685,0.0033003300330033004
2021-01-26,20-39,0.002549906149287561,0.061676825369762586,0.25507983700451237,0.2529765518320805,0.027002700270027002
2021-01-26,40-59,0.04086932911497007,0.1979455266186437,0.33822697850760297,0.3533849339953839,0.21362136213621363
2021-01-26,60-79,0.337980615991217,0.40548143727888836,0.19352716726480285,0.18702602609111463,0.615961596159616
2021-01-26,80-89,0.4155402613653803,0.25365500191807683,0.05898621991428965,0.05742784260628035,0.12061206120612061
2021-01-26,90+,0.2029418361685299,0.06666382507139508,0.020657976814458964,0.020771270887363746,0.0195019501950195
2021-01-27,0-19,0.00011708230886313078,0.01408631615002569,0.13313882726652798,0.12914535026838334,0.0030075187969924814
2021-01-27,20-39,0.0025289778714436247,0.06156876177427642,0.25432588973577674,0.2529815111223982,0.027969924812030075
2021-01-27,40-59,0.04075635171525582,0.19716561054975168,0.33595110877090006,0.35363612365126096,0.20992481203007518
2021-01-27,60-79,0.33779416930101863,0.40679054632642575,0.19508843408229679,0.1866336297301241,0.6174436090225564
2021-01-27,80-89,0.4157358623112048,0.2545812639150539,0.06013690234702069,0.05706612845197559,0.12240601503759399
2021-01-27,90+,0.20306755649221403,0.06580750128446652,0.021358837797477753,0.020537256775857864,0.01924812030075188
2021-01-28,0-19,0.00011674605398337536,0.014077275255658722,0.1333629860903186,0.1293078940674655,0.0
2021-01-28,20-39,0.0025217147660409078,0.061529245646313804,0.2540918208581185,0.2529920914687502,0.027339003645200487
2021-01-28,40-59,0.040744372840198,0.19631166830687605,0.3361099621148531,0.35352037980456713,0.212636695018226
2021-01-28,60-79,0.33772298496310826,0.4079842539899876,0.19504014371779807,0.1866088632518466,0.6178614823815309
2021-01-28,80-89,0.41572102362940133,0.254589020581062,0.06009010053669182,0.05704993108921162,0.1227217496962333
2021-01-28,90+,0.20317315774726813,0.06550853622010183,0.02130498668221994,0.02052084031815892,0.019441069258809233
2021-01-29,0-19,0.00011612109107377173,0.013798456297701694,0.13414323677731202,0.1293468817990816,0.0
2021-01-29,20-39,0.0025082155671934695,0.061360010348842225,0.2536321850304455,0.2530046380650823,0.0281908302354399
2021-01-29,40-59,0.040781727185108634,0.1974904057608555,0.3361331789552978,0.35335729795092635,0.21313506815365552
2021-01-29,60-79,0.3376801328425282,0.4070975809581303,0.1949801563775101,0.18671204787651743,0.6183395291201983
2021-01-29,80-89,0.41567866971678064,0.25484023974817815,0.05989007539879055,0.05708345551773788,0.120817843866171
2021-01-29,90+,0.2032351335973153,0.0654133068862921,0.021221167460644064,0.02049567879065446,0.019516728624535316
2021-01-30,0-19,0.00011555216602535215,0.01390152007275562,0.13604980293801505,0.1291785265287549,0.0
2021-01-30,20-39,0.0024959267861476065,0.060066692650816336,0.2536958079541383,0.25286890356305974,0.02796983029541169
2021-01-30,40-59,0.04076680417374424,0.19713308215321987,0.33559835184521675,0.35319294567395954,0.21464487743557512
2021-01-30,60-79,0.3373545487110156,0.40782122905027934,0.19416696524543176,0.18709531847407096,0.6134506599622879
2021-01-30,80-89,0.41569891727620434,0.2554674981594561,0.05944106055177356,0.057185362559560214,0.1241357636706474
2021-01-30,90+,0.20356825088686287,0.06560997791347278,0.02104801146542458,0.020478943200594645,0.019798868636077938
2021-01-31,0-19,0.00011526978894101645,0.014334737848051778,0.13635308155070663,0.12930104026661474,0.0
2021-01-31,20-39,0.002501354420020057,0.05998870596411972,0.25344021948814677,0.2529154260121535,0.028428616057482037
2021-01-31,40-59,0.04070176247507291,0.19816689109943095,0.3356071648018748,0.35309126087803366,0.2139956263667604
2021-01-31,60-79,0.3372332945258377,0.4068459232874332,0.19426701533273316,0.18705321641139763,0.6148078725398313
2021-01-31,80-89,0.4157666017313522,0.255028017896703,0.059337534473642845,0.057173233930318174,0.12371134020618557
2021-01-31,90+,0.20368171705877605,0.06563572390426133,0.020994984352895787,0.02046582250148233,0.019056544829740705
2021-02-01,0-19,0.00011477498364456483,0.014369836526630339,0.137253529594395,0.1293947387645647,0.0
2021-02-01,20-39,0.0024906171450870566,0.06055545790121287,0.25324245311970023,0.2528337543238849,0.02753441802252816
2021-02-01,40-59,0.040618866711811495,0.1984092107576024,0.33505259171920454,0.3530433697587476,0.21620775969962452
2021-02-01,60-79,0.33718594695100257,0.40617859026190895,0.19418467132194459,0.1871149696134939,0.6132665832290363
2021-02-01,80-89,0.41584124324262284,0.2541307786957286,0.05931082504661559,0.057186993924831724,0.123279098873592
2021-02-01,90+,0.2037485509658315,0.06635612585691686,0.02095592919814004,0.02042617361447717,0.019712140175219023
2021-02-02,0-19,0.00011424654404204273,0.014568893205597986,0.13816667238381697,0.12936136142505295,0.0
2021-02-02,20-39,0.002501999314520736,0.060747869851220694,0.25285030033093275,0.25292834172426315,0.0275
2021-02-02,40-59,0.0406374957157546,0.19787205862875812,0.33484687365158,0.35300018823254936,0.2165625
2021-02-02,60-79,0.3372443733577059,0.4062955277912675,0.19392513662484723,0.18717685641037876,0.614375
2021-02-02,80-89,0.415606077916143,0.25424926051829944,0.059329576864678664,0.05714369036540975,0.1225
2021-02-02,90+,0.20389580715183367,0.0662663900048563,0.020881440144144406,0.02038956184234596,0.0190625
2021-02-03,0-19,0.00011343527383275103,0.014404580835644627,0.14005321165089787,0.12934222690120964,0.0
2021-02-03,20-39,0.0024842324969372477,0.059989263666457904,0.25259054312139617,0.2528004525349025,0.02703562340966921
2021-02-03,40-59,0.04064385861427469,0.1959380871432406,0.33461082800331793,0.35285518621235096,0.21405852417302798
2021-02-03,60-79,0.33695948092018696,0.4073991231994274,0.19330880885371557,0.18743691878203164,0.6154580152671756
2021-02-03,80-89,0.4156495303779663,0.2561957591482509,0.05892467054004515,0.05717967049802409,0.12404580152671756
2021-02-03,90+,0.20414946231680203,0.06607318600697862,0.02051193783062728,0.020385545071481135,0.01940203562340967
2021-02-04,0-19,0.00011296371605440332,0.014736182029920272,0.14063359437230155,0.12946519445662427,0.0
2021-02-04,20-39,0.0024739053815914327,0.06001970796380901,0.2523192732851727,0.2511430887179283,0.028644995172191826
2021-02-04,40-59,0.04058786317834712,0.19560154080444325,0.3346596835523375,0.3537880176984095,0.21564209848728677
2021-02-04,60-79,0.33689169038904704,0.4073277792708053,0.19311732772623838,0.1880947635561579,0.6131316382362407
2021-02-04,80-89,0.4156274004789662,0.2566514377855415,0.05882666754967375,0.05723601865508032,0.12166076601223044
2021-02-04,90+,0.20430617685599387,0.06566335214548061,0.020443453514276202,0.020272916915799685,0.02092050209205021
2021-02-05,0-19,0.0001124568446858518,0.014724911873633484,0.14120177591484434,0.12954852668484532,0.0
2021-02-05,20-39,0.00247405058308874,0.06077372718754183,0.25208614841574056,0.25285230891822874,0.02980769230769231
2021-02-05,40-59,0.04055193819371816,0.1965106420953996,0.3346404507808694,0.352681178154741,0.2185897435897436
2021-02-05,60-79,0.33674077572731465,0.4056936325911383,0.19317578063958674,0.18746046195462107,0.6096153846153847
2021-02-05,80-89,0.41565174364337687,0.25661505510686716,0.058643796707387695,0.057114568497121654,0.12147435897435897
2021-02-05,90+,0.20446903500781574,0.06568203114541966,0.020252047541571297,0.02034295579044227,0.020512820512820513
2021-02-06,0-19,0.00011220951761128379,0.014640958644922967,0.14205223818047374,0.12960395978561096,0.0
2021-02-06,20-39,0.0024686093874482433,0.06027570051355978,0.25159484211761507,0.25289616352097855,0.02844066688460281
2021-02-06,40-59,0.04049641490591232,0.19618884584196775,0.3344353653562109,0.3525859446928844,0.2167374959136973
2021-02-06,60-79,0.3366734366408959,0.40575727543021894,0.19326413193092773,0.1875061653294752,0.611964694344557
2021-02-06,80-89,0.4157923675086121,0.2574105775295072,0.05841452670673717,0.057105850486650005,0.12193527296502125
2021-02-06,90+,0.20445696203952018,0.06572664203982341,0.020238895708035397,0.020301916184400894,0.02092186989212161
2021-02-07,0-19,0.0001117493239165903,0.014666846627974985,0.14278761218124364,0.12986180276659925,0.0016611295681063123
2021-02-07,20-39,0.0024584851261649867,0.060691951230485444,0.25160736611165085,0.2528063416250312,0.029235880398671095
2021-02-07,40-59,0.04046443019019735,0.19620281639447518,0.33444361261222766,0.35241749439854775,0.2212624584717608
2021-02-07,60-79,0.33671188789307827,0.4070274890898457,0.1929303756434573,0.18752779029918826,0.6096345514950167
2021-02-07,80-89,0.41574100976689093,0.25626490304584515,0.05823114491280933,0.05708963395677195,0.11694352159468438
2021-02-07,90+,0.20451243769975191,0.06514599361137355,0.019999888538611153,0.020296936953861595,0.0212624584717608
2021-02-08,0-19,0.0001113573345508402,0.014619619167945132,0.14376411278764195,0.13002982442596106,0.0016784155756965425
2021-02-08,20-39,0.0024498613601184843,0.06041873477123003,0.25138839316261447,0.25272340892376083,0.029540114132259147
2021-02-08,40-59,0.040456119642320244,0.19831242667629276,0.3340946456014336,0.3522995079376044,0.22692178583417255
2021-02-08,60-79,0.33662208661373483,0.40736395632163164,0.19271988208598329,0.18756069514479473,0.6052366565961732
2021-02-08,80-89,0.41577488001247204,0.2544896669975634,0.05809336585708658,0.05710575075068974,0.11547499160792213
2021-02-08,90+,0.2045856950368036,0.06479559606533707,0.01993960050524011,0.02028081281718927,0.021148036253776436
2021-02-09,0-19,0.00011086351592554407,0.01423455684870188,0.14472808196949324,0.13013604632154238,0.0020174848688634837
2021-02-09,20-39,0.002461170053547078,0.0608325872873769,0.2512068246093931,0.2527351546843245,0.02925353059852051
2021-02-09,40-59,0.04045409696123103,0.1982094897045658,0.3338736149102879,0.35227541055070405,0.22763954270342973
2021-02-09,60-79,0.33653728894358154,0.4068487018800358,0.19259121887894665,0.18753191266072378,0.6049092131809012
2021-02-09,80-89,0.4157381847207902,0.2544762757385855,0.0578867819555844,0.05706336921005948,0.11499663752521856
2021-02-09,90+,0.20469839580492455,0.06539838854073411,0.019713477676294684,0.020258106572645828,0.021183591123066576
2021-02-10,0-19,0.00011086351592554407,0.01423455684870188,0.14472808196949324,0.13013604632154238,0.0020174848688634837
2021-02-10,20-39,0.002461170053547078,0.0608325872873769,0.2512068246093931,0.2527351546843245,0.02925353059852051
2021-02-10,40-59,0.04045409696123103,0.1982094897045658,0.3338736149102879,0.35227541055070405,0.22763954270342973
2021-02-10,60-79,0.33653728894358154,0.4068487018800358,0.19259121887894665,0.18753191266072378,0.6049092131809012
2021-02-10,80-89,0.4157381847207902,0.2544762757385855,0.0578867819555844,0.05706336921005948,0.11499663752521856
2021-02-10,90+,0.20469839580492455,0.06539838854073411,0.019713477676294684,0.020258106572645828,0.021183591123066576
2021-02-11,0-19,0.00010984786071291261,0.014382248196511734,0.14661900168340616,0.1305057726392795,0.003694994961370507
2021-02-11,20-39,0.002471576866040534,0.06104465345630536,0.24974181467400555,0.2528407585524846,0.026872690628149145
2021-02-11,40-59,0.04044598231449442,0.1985663409734271,0.3335035654164066,0.35214659576965307,0.2257306012764528
2021-02-11,60-79,0.33662876915472073,0.40507716190302256,0.19265732281677353,0.18743137980267097,0.60900235136043
2021-02-11,80-89,0.41551051793266325,0.25408638480504064,0.057899714388393954,0.05693006422627617,0.11588847833389318
2021-02-11,90+,0.20483330587136817,0.06684321066569263,0.019578581021014205,0.020145429009635674,0.018810883439704402
2021-02-12,0-19,0.0001095086347558505,0.014331715724069119,0.147282289952135,0.13067224678232087,0.0033749578130273373
2021-02-12,20-39,0.0024639442820066364,0.06127262007347272,0.24952607980021568,0.2527907550134672,0.02733715828552143
2021-02-12,40-59,0.040452489678811175,0.2004626060138782,0.33348846888775374,0.35207189845160647,0.2234222072224097
2021-02-12,60-79,0.33652003460472857,0.40428137330491176,0.19263106116503018,0.18740123534862846,0.6128923388457644
2021-02-12,80-89,0.41567287580625734,0.2528459340559663,0.057653669334241445,0.056918951346398114,0.11373607829902126
2021-02-12,90+,0.20478114699344044,0.06680575082770193,0.019418430860623948,0.0201449130575789,0.019237259534255823
2021-02-13,0-19,0.00017454101168333896,0.014175612441508395,0.14858962659185734,0.13072968573760868,0.003388681802778719
2021-02-13,20-39,0.0024435741635667457,0.06101477199743096,0.24937565016880917,0.25274069457388043,0.02677058624195188
2021-02-13,40-59,0.04047169708407422,0.20130287182310302,0.33330892266324164,0.35202062221385994,0.22704168078617418
2021-02-13,60-79,0.3362750766344129,0.40512891090925773,0.19218896111943579,0.1874530233141556,0.6099627245001694
2021-02-13,80-89,0.41590941321493635,0.2521332232314891,0.05736131922772151,0.05691442917998183,0.11352084039308709
2021-02-13,90+,0.2047256978913264,0.06624460959721075,0.01917552022893453,0.020141544980513557,0.0193154862758387
2021-02-14,0-19,0.0001743071291615827,0.01432532347504621,0.14908236736326144,0.13088186060494258,0.005370929842228936
2021-02-14,20-39,0.002440299808262158,0.06159889094269871,0.24928661794303034,0.2526814813079597,0.026183282980866064
2021-02-14,40-59,0.04047193655220498,0.20138632162661738,0.3333115316551024,0.35192971976336396,0.22591473648875462
2021-02-14,60-79,0.33623845215269305,0.4042051756007394,0.19203291928831848,0.1874635807548264,0.6106075864384022
2021-02-14,80-89,0.4159839637441171,0.25226432532347504,0.057188293620019176,0.056918460909278136,0.11312520980194696
2021-02-14,90+,0.20469104061356108,0.06621996303142329,0.01909827013026814,0.02012489665962927,0.018798254447801276
2021-02-15,0-19,0.00017368649587494572,0.014320918770632816,0.14981972737620625,0.13109138903176343,0.005438477226376614
2021-02-15,20-39,0.0024424663482414243,0.06160784860743014,0.2492322759956114,0.25264501227642827,0.026852481305234533
2021-02-15,40-59,0.040501519756838904,0.20165527502673547,0.33326791558493746,0.3518138058868628,0.21991842284160434
2021-02-15,60-79,0.336322188449848,0.4041009903752267,0.1917412896268011,0.18747464650679813,0.6148878314072059
2021-02-15,80-89,0.41588145896656536,0.2518714837029804,0.05696577530311781,0.05688887163611308,0.1142080217539089
2021-02-15,90+,0.20467867998263134,0.06644348351699447,0.01897301611332597,0.020086274662034297,0.018694765465669613
2021-02-16,0-19,0.00017294118918685213,0.014350733791566041,0.1482125870634535,0.13194518592479512,0.01474036850921273
2021-02-16,20-39,0.002453603121588465,0.0618614155675274,0.24740109799709142,0.25302403743024876,0.034170854271356785
2021-02-16,40-59,0.04051147356702012,0.203185955786736,0.3351614373436262,0.3511707052896968,0.21641541038525963
2021-02-16,60-79,0.336586789454911,0.40298160876834477,0.19327472053647918,0.1870733281582013,0.6050251256281407
2021-02-16,80-89,0.4157830452781651,0.251857700167193,0.05701793370034097,0.056762926046593505,0.11155778894472362
2021-02-16,90+,0.2044921473891285,0.06576258591863274,0.018932223359008737,0.02002381715046456,0.018090452261306532
2021-02-17,0-19,0.0001719154605722636,0.014567061191240595,0.15163432415507075,0.13159475005754023,0.006024096385542169
2021-02-17,20-39,0.0024390505968689895,0.0637308927116776,0.2474724002252882,0.25284788635543476,0.026222537207654145
2021-02-17,40-59,0.040475346248482306,0.2040346926062581,0.3326880585434251,0.3514666366099852,0.22395464209780297
2021-02-17,60-79,0.33625589616306184,0.4027504911591356,0.19221377172632997,0.18742771952190934,0.6172927002126152
2021-02-17,80-89,0.4158312649754483,0.2499401025444439,0.05687148725664344,0.05676592633145258,0.10914245216158752
2021-02-17,90+,0.2048265265555663,0.06497675978724424,0.019119958093242535,0.019897081123677877,0.017363571934798015
2021-02-18,0-19,0.0001719154605722636,0.014567061191240595,0.15163432415507075,0.13159475005754023,0.006024096385542169
2021-02-18,20-39,0.0024390505968689895,0.0637308927116776,0.2474724002252882,0.25284788635543476,0.026222537207654145
2021-02-18,40-59,0.040475346248482306,0.2040346926062581,0.3326880585434251,0.3514666366099852,0.22395464209780297
2021-02-18,60-79,0.33625589616306184,0.4027504911591356,0.19221377172632997,0.18742771952190934,0.6172927002126152
2021-02-18,80-89,0.4158312649754483,0.2499401025444439,0.05687148725664344,0.05676592633145258,0.10914245216158752
2021-02-18,90+,0.2048265265555663,0.06497675978724424,0.019119958093242535,0.019897081123677877,0.017363571934798015
2021-02-19,0-19,0.00017088357488438658,0.014792193539151597,0.15317236454164987,0.132078163418871,0.005698005698005698
2021-02-19,20-39,0.002445771165532783,0.06336784845159135,0.24763114953580506,0.25283480858689883,0.02564102564102564
2021-02-19,40-59,0.04049940724759962,0.20775874409505177,0.3325407242797697,0.35123420586663884,0.2297008547008547
2021-02-19,60-79,0.33623479403189116,0.40239538101827554,0.19173824750946541,0.18735564877744945,0.6171652421652422
2021-02-19,80-89,0.4158344992577245,0.24779310015746528,0.05610834274224114,0.05668544883731122,0.10505698005698005
2021-02-19,90+,0.2048146447223676,0.06389273273846448,0.018809171391068785,0.01981172451283065,0.01673789173789174
2021-02-20,0-19,0.000170590242238144,0.014559642194414045,0.15365959531195864,0.13228628228769865,0.005985915492957746
2021-02-20,20-39,0.0024415728420334355,0.0635200076128848,0.24763347895518645,0.2528256307545278,0.027112676056338027
2021-02-20,40-59,0.04052584442169908,0.20811723842603608,0.3325474797596244,0.3511815894117849,0.22852112676056338
2021-02-20,60-79,0.3361907198908222,0.40248370366845887,0.19157769397109597,0.18728734339395184,0.6176056338028169
2021-02-20,80-89,0.41581371545547596,0.24794214207546272,0.0558885256086051,0.05663288927855455,0.10387323943661972
2021-02-20,90+,0.20485755714773116,0.06337726602274349,0.018693226393529452,0.019786264873482236,0.016901408450704224
2021-02-21,0-19,0.00018085298779774254,0.01473305225259368,0.15412685446882238,0.13258151874928922,0.006002824858757062
2021-02-21,20-39,0.0024468345407929874,0.06366952484722156,0.24784860849322493,0.25276151784319145,0.027189265536723163
2021-02-21,40-59,0.04056426132192896,0.20777867260410252,0.3322231078533949,0.351106872381678,0.2263418079096045
2021-02-21,60-79,0.33619506590495646,0.4033350703491402,0.19154356283487242,0.1872150530575714,0.6193502824858758
2021-02-21,80-89,0.41581293418015086,0.24671940878298357,0.05568993854862412,0.0565895035046567,0.10451977401129943
2021-02-21,90+,0.20480005106437302,0.0637642711639585,0.018567927801061306,0.01974553446361324,0.016596045197740113
2021-02-22,0-19,0.0001802260246379577,0.015190847033939045,0.15517587939698493,0.13276245695388225,0.0070052539404553416
2021-02-22,20-39,0.0024489536289040137,0.06417652148831843,0.2482153340962237,0.25257359734188073,0.028021015761821366
2021-02-22,40-59,0.04060386319784577,0.20815306220555715,0.33199661674710185,0.3509596802701034,0.23012259194395795
2021-02-22,60-79,0.33643958187562284,0.4027016633016056,0.19086322702622022,0.18734660772980127,0.6115586690017513
2021-02-22,80-89,0.41566482200029686,0.24646668589558696,0.055332106074929104,0.056624414112020086,0.10612959719789843
2021-02-22,90+,0.2046625532726926,0.06331122007499279,0.018416836658540225,0.019733243592312287,0.017162872154115588
2021-02-23,0-19,0.00017953510967483023,0.01532258064516129,0.15539348149782164,0.13303711650663022,0.0017313019390581717
2021-02-23,20-39,0.0024501262026212127,0.06370967741935483,0.24577132457792028,0.25310893106960547,0.03012465373961219
2021-02-23,40-59,0.040596056564120436,0.20972485768500948,0.33389597497853163,0.35046364273714564,0.23441828254847646
2021-02-23,60-79,0.3365438435298715,0.4023719165085389,0.19148395585002875,0.18715530127313026,0.614612188365651
2021-02-23,80-89,0.41558153534201436,0.24625237191650853,0.055232764257746335,0.05654302100110705,0.1018005540166205
2021-02-23,90+,0.20464890325169766,0.06261859582542695,0.018222498837951327,0.019691987412381352,0.01731301939058172
2021-02-24,0-19,0.00017907177618134705,0.015643105446118192,0.15562612624170308,0.13328920829889374,0.0020754064337599448
2021-02-24,20-39,0.0024438030631807363,0.06460023174971032,0.24617151834651435,0.25297753252444494,0.02940159114493255
2021-02-24,40-59,0.0406071586575937,0.2119061413673233,0.33403860159514315,0.35030135977085225,0.23659633344863368
2021-02-24,60-79,0.33654960288200225,0.40097528003089994,0.19115467282986917,0.18720416341928794,0.6132826011760636
2021-02-24,80-89,0.4154886552762972,0.2447373503283121,0.05490237100400069,0.05656790098814068,0.10065721203735732
2021-02-24,90+,0.20473170834474477,0.062137891077636155,0.01810670998276961,0.01965983499838047,0.017986855759252855
2021-02-25,0-19,0.00017858268378259133,0.01568627450980392,0.15621433321092904,0.13358290271293102,0.0037593984962406013
2021-02-25,20-39,0.002416118662940942,0.06526264826918422,0.2470925674133328,0.25274185900244833,0.029733424470266577
2021-02-25,40-59,0.040674832447423155,0.21011861534737353,0.33397115890391926,0.3502466750826224,0.23479152426520847
2021-02-25,60-79,0.33662835893018467,0.4026627935124667,0.19017655991028096,0.1872895073786577,0.6144907723855092
2021-02-25,80-89,0.41550938084333044,0.24444444444444444,0.05455393562857908,0.05653101861557828,0.09876965140123035
2021-02-25,90+,0.20459272643233817,0.061825223916727186,0.01799144493295884,0.019608037207762236,0.01845522898154477
2021-02-26,0-19,0.00017804589394748694,0.015387537993920973,0.1576737897695772,0.13360176466921644,0.005735492577597841
2021-02-26,20-39,0.0024088562122307057,0.06530205167173252,0.24732956590248126,0.25273352875995575,0.029352226720647773
2021-02-26,40-59,0.04070966998669893,0.2119585866261398,0.33407709291807297,0.3502069289006737,0.2341430499325236
2021-02-26,60-79,0.3366114724395429,0.4043977963525836,0.18932799019560165,0.1873387046506424,0.6143724696356275
2021-02-26,80-89,0.4156429027764686,0.24197378419452886,0.053928081625506996,0.05652842856457397,0.09919028340080972
2021-02-26,90+,0.20444905269111133,0.060980243161094225,0.017663479588759957,0.01959064445493775,0.01720647773279352
2021-02-27,0-19,0.00017770530188994816,0.015364375323027769,0.15783555382427836,0.13379925889692235,0.005608709996700759
2021-02-27,20-39,0.002404248202040475,0.06578020015975192,0.24776687627487137,0.25268309244132936,0.03002309468822171
2021-02-27,40-59,0.04073632714500753,0.21237607480148477,0.3342384160604531,0.3501638333657203,0.2345760475090729
2021-02-27,60-79,0.3365947482856665,0.4046891885542452,0.18912519117074209,0.18732530583345058,0.6143187066974596
2021-02-27,80-89,0.4157258738919552,0.24084950429920593,0.053575780370002934,0.05647705774483986,0.0976575387660838
2021-02-27,90+,0.20436109717344036,0.060940656862284455,0.017458182299652104,0.019551451717737558,0.017815902342461234
2021-02-28,0-19,0.00017770530188994816,0.015364375323027769,0.15783555382427836,0.13379925889692235,0.005608709996700759
2021-02-28,20-39,0.002404248202040475,0.06578020015975192,0.24776687627487137,0.25268309244132936,0.03002309468822171
2021-02-28,40-59,0.04073632714500753,0.21237607480148477,0.3342384160604531,0.3501638333657203,0.2345760475090729
2021-02-28,60-79,0.3365947482856665,0.4046891885542452,0.18912519117074209,0.18732530583345058,0.6143187066974596
2021-02-28,80-89,0.4157258738919552,0.24084950429920593,0.053575780370002934,0.05647705774483986,0.0976575387660838
2021-02-28,90+,0.20436109717344036,0.060940656862284455,0.017458182299652104,0.019551451717737558,0.017815902342461234
2021-03-01,0-19,0.00017681626709657288,0.014969506560709665,0.15944775361658525,0.13419564140905224,0.005116725295810681
2021-03-01,20-39,0.002423422954911852,0.06523747920901866,0.2482821336318717,0.25265003021196253,0.03165973776782859
2021-03-01,40-59,0.04073014717353997,0.21313065976714102,0.3339718186230662,0.350042048490754,0.23792772625519668
2021-03-01,60-79,0.3368869936034115,0.40653298835705043,0.18832464559417256,0.1872334841640995,0.6098496961944355
2021-03-01,80-89,0.4154974257631702,0.24020513768249863,0.05294840728914643,0.056382216126139265,0.09849696194435562
2021-03-01,90+,0.2042851942378699,0.059924228423581596,0.017025241245157894,0.01949657959799249,0.01694915254237288
2021-03-02,0-19,0.00017592333881800214,0.01523645899267565,0.16127707088785817,0.134150540261138,0.005221130221130221
2021-03-02,20-39,0.0024111845849761468,0.06474364770774935,0.24864589007504836,0.252628285467471,0.030712530712530713
2021-03-02,40-59,0.04074177558391026,0.21457636314314132,0.33423215226113284,0.3500009736029682,0.24078624078624078
2021-03-02,60-79,0.33703807188020657,0.4069536124423546,0.18704723504597548,0.18734068315065,0.60995085995086
2021-03-02,80-89,0.4154481388345596,0.23858395876661542,0.05217553390749163,0.05637382459568924,0.09766584766584767
2021-03-02,90+,0.2041849057775294,0.0599059589474636,0.016622117822493516,0.01950569292208344,0.015663390663390665
2021-03-03,0-19,0.00017530652862136884,0.015089350838803793,0.16127424513020724,0.13450697668699155,0.006648534300392868
2021-03-03,20-39,0.00241304280572943,0.06336615609044494,0.24813325363733385,0.25267851025818044,0.030220610456331218
2021-03-03,40-59,0.040722675383869734,0.21485229759299782,0.3339286455953815,0.3499287662954785,0.23964944091870655
2021-03-03,60-79,0.33707320594392254,0.4098741794310722,0.1877274180121386,0.1871575556035717,0.6092475067996374
2021-03-03,80-89,0.41542491208893195,0.23819292487235594,0.05228695616057901,0.05627770077628049,0.09882139619220308
2021-03-03,90+,0.20419085724892497,0.05862509117432531,0.016649481464359815,0.01945049037949734,0.015412511332728921
2021-03-04,0-19,0.00017489172144892647,0.015334112779926252,0.1614580055631773,0.13479342404647932,0.006592747977225052
2021-03-04,20-39,0.0024073331070028703,0.06367479089846209,0.24855211747761874,0.25263129398316236,0.029367695534911597
2021-03-04,40-59,0.04068804460767672,0.2154420361543304,0.3341772197419074,0.34985501411871245,0.23943661971830985
2021-03-04,60-79,0.3370472104770429,0.41042359924453636,0.18752618415303593,0.1870691194700254,0.6125262211567276
2021-03-04,80-89,0.4156250321492135,0.23720658332583866,0.05187204332589539,0.05623033215542766,0.09709319748276896
2021-03-04,90+,0.2040574879376151,0.0579188775969062,0.016414429738365245,0.019420816226192822,0.014983518130056937
2021-03-05,0-19,0.00017409470752089137,0.01527655838454785,0.16217621712644248,0.13507169551043602,0.006715328467153284
2021-03-05,20-39,0.002406603309847616,0.06409130816505706,0.24858317354974283,0.2526714196166551,0.02948905109489051
2021-03-05,40-59,0.040666475503850566,0.2159350307287094,0.3346805861168696,0.349711851503209,0.24437956204379563
2021-03-05,60-79,0.3368732590529248,0.41141352063213343,0.18735539879861607,0.18699698729196806,0.6078832116788321
2021-03-05,80-89,0.4156357529084057,0.2362598770851624,0.05114725797208091,0.056175183874962856,0.09722627737226278
2021-03-05,90+,0.20424381451745044,0.057023705004389816,0.016057366436248117,0.019372862202768914,0.014306569343065694
2021-03-06,0-19,0.00017356502562636554,0.014994036462770489,0.16252403149772193,0.1354864690167818,0.006605399195864446
2021-03-06,20-39,0.002399281236599759,0.06321349463281649,0.24927971346553948,0.25257863992215945,0.03130384836300976
2021-03-06,40-59,0.04070610336307762,0.2174561254046686,0.3354612730768218,0.3494830686502711,0.24382538770821366
2021-03-06,60-79,0.3368999244481653,0.41161185891974783,0.18672671249111164,0.18695569208976417,0.6068351522113727
2021-03-06,80-89,0.41569844608253526,0.2361560742886352,0.050362996321754325,0.05613913997201316,0.09735784032165422
2021-03-06,90+,0.20412267984399568,0.05656841029136139,0.01564527314705082,0.019356990349010318,0.014072372199885124
2021-03-07,0-19,0.00017339507557985354,0.014901431043944447,0.1626603540408348,0.1356984913778338,0.005406943653955606
2021-03-07,20-39,0.0023969319271332696,0.06281396428722191,0.24938817427024768,0.2525653256691856,0.03158793397837222
2021-03-07,40-59,0.0407172436302809,0.2174426949216936,0.3353692712050269,0.3494161111529792,0.2404667046101309
2021-03-07,60-79,0.3368964321413272,0.41124572586432523,0.1868044072339907,0.18690908872918108,0.610130904951622
2021-03-07,80-89,0.41570959384753475,0.23715648613280427,0.050249778071748095,0.0560860435321764,0.09846328969834946
2021-03-07,90+,0.20410640337814406,0.05643969775001055,0.015528015178151817,0.019324939538643886,0.013944223107569721
2021-03-08,0-19,0.0001728837001179677,0.01459639086358474,0.1634172826629567,0.13595166034285092,0.004738015607580825
2021-03-08,20-39,0.002410202172232844,0.062339628990872,0.24928336286798952,0.25254374351695147,0.032329988851727984
2021-03-08,40-59,0.04074970508074686,0.21848315315694275,0.3354273490344483,0.34939835603537694,0.24414715719063546
2021-03-08,60-79,0.33696050115933773,0.41277920329785894,0.18637197198296196,0.18678686466124364,0.6092530657748049
2021-03-08,80-89,0.4157446202660375,0.23593993185546627,0.050093407281479284,0.056027187858273736,0.0947603121516165
2021-03-08,90+,0.20396208762152707,0.05586169183527531,0.015406626170164223,0.01929218758530327,0.014771460423634336
2021-03-09,0-19,0.00020163526197461412,0.014418508572608965,0.16441045951632854,0.13584869775542124,0.004603303547251557
2021-03-09,20-39,0.0024095413805966387,0.06126833298905185,0.24906886467611555,0.2527052981883372,0.03330625507717303
2021-03-09,40-59,0.04060934176168728,0.21974798595331543,0.3359134500300474,0.3494342071821744,0.24235039263471433
2021-03-09,60-79,0.33612598171168173,0.4134682916752737,0.1862186950211671,0.1867568319013675,0.6087191984836177
2021-03-09,80-89,0.41603403603222133,0.23536459409212973,0.04940499406584319,0.055991229102594936,0.09612780936907662
2021-03-09,90+,0.2046194638518384,0.05573228671762032,0.01498353669049815,0.01926373587010475,0.014893040888166802
2021-03-10,0-19,0.00020079514878920524,0.013928934010152284,0.16424030761167488,0.1363115576655861,0.0029177718832891246
2021-03-10,20-39,0.0024195815429099233,0.06038578680203046,0.24908074147203327,0.25271269992631257,0.03156498673740053
2021-03-10,40-59,0.0407011766595719,0.22050761421319798,0.3359203875142359,0.3493553726843593,0.24641909814323606
2021-03-10,60-79,0.336271635677282,0.4175431472081218,0.18638162372947842,0.18658321916228288,0.6127320954907162
2021-03-10,80-89,0.4159471507168387,0.23346192893401016,0.049424876264753045,0.05585980006628058,0.09283819628647215
2021-03-10,90+,0.20445966025460824,0.05417258883248731,0.014952063407824451,0.019177350495178574,0.013527851458885942
2021-03-11,0-19,0.00020048517412137373,0.013954809135532027,0.16440634743050814,0.13641380626571792,0.0031662269129287598
2021-03-11,20-39,0.0024058220894564845,0.06064662691168715,0.24894661939273285,0.25274034377169263,0.031926121372031664
2021-03-11,40-59,0.04077868441628742,0.22076183521966655,0.3361538651376675,0.3493136051101289,0.24406332453825857
2021-03-11,60-79,0.33634395236472264,0.4175895501196706,0.1863475950345917,0.186543940926802,0.6147757255936676
2021-03-11,80-89,0.4158964694560837,0.23281002799075087,0.04929047967687005,0.05582658733040692,0.09234828496042216
2021-03-11,90+,0.20437458649932838,0.05423715062269279,0.01485509332762975,0.01916171659525165,0.013720316622691292
2021-03-12,0-19,0.00019953309256340163,0.01401249024199844,0.16492620596720195,0.13675437108163194,0.003338469440164355
2021-03-12,20-39,0.0024043737653889896,0.060421545667447306,0.24938491572139335,0.2527701147258373,0.032357473035439135
2021-03-12,40-59,0.040834447393100146,0.22146760343481656,0.3363715012558976,0.349247484808305,0.24499229583975346
2021-03-12,60-79,0.3366023504998304,0.41924277907884466,0.18601113423149038,0.18642267788579364,0.6124807395993837
2021-03-12,80-89,0.415886824829898,0.23145979703356753,0.04879668610279385,0.05570769942961757,0.09219311761684643
2021-03-12,90+,0.20407247041921903,0.053395784543325525,0.0145095567212229,0.019097652068814554,0.014637904468412942
2021-03-13,0-19,0.00019910403185664509,0.013566115543222724,0.16429830028059764,0.13712551987852256,0.0035184719778838906
2021-03-13,20-39,0.0023992035838725735,0.060276717925000965,0.2493617748196045,0.2527401746133986,0.033174164362905254
2021-03-13,40-59,0.040856147336983575,0.22264616333294793,0.336918044610912,0.3491131306461129,0.24377984418195525
2021-03-13,60-79,0.3366948730711797,0.41862257679115117,0.18633011821796774,0.186366431658744,0.6114601658708219
2021-03-13,80-89,0.41586859133897464,0.23143330635526266,0.04870757423816318,0.05561497949631167,0.09298818798693138
2021-03-13,90+,0.2039820806371329,0.05345512005241454,0.01438418783275495,0.0190397637069103,0.015079165619502387
2021-03-14,0-19,0.00019877356709104824,0.013672243834271255,0.1645075744606679,0.13731567620595297,0.005149583128984796
2021-03-14,20-39,0.002395221483447131,0.05997658344978661,0.249362699477398,0.25273451148955456,0.032614026483570376
2021-03-14,40-59,0.040907600107337724,0.22442119575480607,0.3372105690727939,0.3490464171861526,0.2449730259931339
2021-03-14,60-79,0.3366826679388175,0.4191940174491068,0.186090196310349,0.18634723710387036,0.6086316821971555
2021-03-14,80-89,0.4158641183895366,0.2296710352381312,0.04854066739916023,0.05555131353656846,0.09367336929867583
2021-03-14,90+,0.20395161851377003,0.0530649242738981,0.014288293279630973,0.019004844477901062,0.014958312898479646
2021-03-15,0-19,0.00019877356709104824,0.013672243834271255,0.1645075744606679,0.13731567620595297,0.005149583128984796
2021-03-15,20-39,0.002395221483447131,0.05997658344978661,0.249362699477398,0.25273451148955456,0.032614026483570376
2021-03-15,40-59,0.040907600107337724,0.22442119575480607,0.3372105690727939,0.3490464171861526,0.2449730259931339
2021-03-15,60-79,0.3366826679388175,0.4191940174491068,0.186090196310349,0.18634723710387036,0.6086316821971555
2021-03-15,80-89,0.4158641183895366,0.2296710352381312,0.04854066739916023,0.05555131353656846,0.09367336929867583
2021-03-15,90+,0.20395161851377003,0.0530649242738981,0.014288293279630973,0.019004844477901062,0.014958312898479646
2021-03-16,0-19,0.00019877356709104824,0.013672243834271255,0.1645075744606679,0.13731567620595297,0.005149583128984796
2021-03-16,20-39,0.002395221483447131,0.05997658344978661,0.249362699477398,0.25273451148955456,0.032614026483570376
2021-03-16,40-59,0.040907600107337724,0.22442119575480607,0.3372105690727939,0.3490464171861526,0.2449730259931339
2021-03-16,60-79,0.3366826679388175,0.4191940174491068,0.186090196310349,0.18634723710387036,0.6086316821971555
2021-03-16,80-89,0.4158641183895366,0.2296710352381312,0.04854066739916023,0.05555131353656846,0.09367336929867583
2021-03-16,90+,0.20395161851377003,0.0530649242738981,0.014288293279630973,0.019004844477901062,0.014958312898479646
2021-03-17,0-19,0.0001960765090538328,0.013827713192288251,0.1650866398327468,0.138128744074329,0.005160421808391295
2021-03-17,20-39,0.002372525759551377,0.05913784388764532,0.24885162231133795,0.25281256191190077,0.03230872784384115
2021-03-17,40-59,0.04119567455221027,0.2269477940645534,0.3379481723422143,0.34891780550523177,0.24545658514695984
2021-03-17,60-79,0.3373398300016667,0.42252148169542925,0.1863399971727663,0.18602062470512062,0.6080323087278439
2021-03-17,80-89,0.41523122322330175,0.225323128023684,0.047823402054952495,0.05530027144219752,0.09580435270361229
2021-03-17,90+,0.20366466995421614,0.05224203913639974,0.013950166285982129,0.018819992361220325,0.013237603769351581
2021-03-18,0-19,0.00019536401199535033,0.013747526152106304,0.16516127505782005,0.13838564097232262,0.003757736516357206
2021-03-18,20-39,0.002393209146943042,0.05859485439638112,0.24914379003779746,0.2528080259017443,0.03205128205128205
2021-03-18,40-59,0.04121203833041916,0.227735368956743,0.337856902028286,0.3489165097627027,0.24646330680813439
2021-03-18,60-79,0.33753040352436675,0.4236287814532089,0.18621753352379938,0.18593485249944358,0.6091954022988506
2021-03-18,80-89,0.41512898908891993,0.22451936669493922,0.047742208341466585,0.055193913804895404,0.09549071618037135
2021-03-18,90+,0.20353999589735575,0.05177410234662143,0.013878291010830539,0.01876105705889138,0.013041556145004421
2021-03-19,0-19,0.00018536223683440322,0.013566369498572888,0.16523774930073734,0.13852389987931113,0.003985828166519044
2021-03-19,20-39,0.00238044135724181,0.058176820888685296,0.24920220822879932,0.2527929055376652,0.03188662533215235
2021-03-19,40-59,0.04116017248443933,0.22823214348638077,0.33785341807818214,0.3489172450518784,0.2466784765279008
2021-03-19,60-79,0.3376519482546682,0.4236231015892033,0.18620680527410213,0.18587340557373408,0.6096102745792737
2021-03-19,80-89,0.41502604827222883,0.22432080059198703,0.04769544795456484,0.05514767566551111,0.09410983170947741
2021-03-19,90+,0.20359602739458743,0.05208076394517072,0.013804371163614224,0.018744868291900068,0.013728963684676704
2021-03-20,0-19,0.00019442392191935297,0.013514893617021276,0.16494669731234335,0.13876731358759173,0.003594080338266385
2021-03-20,20-39,0.0023816930435120735,0.05770212765957447,0.2489619547013779,0.2528256370201686,0.03128964059196617
2021-03-20,40-59,0.04113038068203912,0.22988936170212765,0.33832480567330014,0.3489029264678793,0.24714587737843552
2021-03-20,60-79,0.33775323715829997,0.42253617021276596,0.1865363070419607,0.18584329911170708,0.6095137420718816
2021-03-20,80-89,0.41504646731733874,0.22403404255319148,0.04754651713424423,0.05501133794144168,0.09471458773784355
2021-03-20,90+,0.2034937978768908,0.05232340425531915,0.013683718136773658,0.018649485871211603,0.013742071881606765
2021-03-21,0-19,0.00019397889509621354,0.013551779935275081,0.16477044706637772,0.13905599824036952,0.003343083994985374
2021-03-21,20-39,0.002376241464928616,0.05754449838187702,0.24904544047332394,0.2527817158396737,0.03134141245298788
2021-03-21,40-59,0.04113322470515208,0.2301779935275081,0.3382895898547235,0.3488979314343988,0.24613455913079815
2021-03-21,60-79,0.3378530415890751,0.42394822006472493,0.18670095054636351,0.18574219413923077,0.609486000835771
2021-03-21,80-89,0.41503724394785846,0.22326725997842503,0.047543084173231054,0.054916867457833855,0.09590472210614291
2021-03-21,90+,0.2034062693978895,0.05151024811218986,0.0136504878859803,0.018605292888493417,0.013790221479314668
2021-03-22,0-19,0.00019339928248866196,0.01350707675557975,0.1648056142635785,0.1394148075187321,0.0035978835978835977
2021-03-22,20-39,0.0023884811387349754,0.057090364725095266,0.24919544974867797,0.25269124460830267,0.03153439153439153
2021-03-22,40-59,0.0411650372777117,0.23098121937942298,0.3378137164552693,0.34889088761071024,0.24444444444444444
2021-03-22,60-79,0.33808128571843,0.42491154055525315,0.1869507327439597,0.18563518362959697,0.611005291005291
2021-03-22,80-89,0.41493816057942423,0.22196516058791507,0.04765088769437847,0.05481184357533049,0.09566137566137566
2021-03-22,90+,0.20323363600321043,0.051544637996733804,0.013583599094136013,0.01855603305732754,0.013756613756613757
2021-03-23,0-19,0.00019212849553781568,0.013275226282266175,0.16419367657863965,0.13988604897695806,0.0038870703764320785
2021-03-23,20-39,0.002411212618999587,0.05762655045256453,0.24947895671266715,0.2526261011109496,0.030482815057283143
2021-03-23,40-59,0.041182743018530796,0.23234998323835065,0.3385537725249372,0.34873598509962145,0.24590834697217676
2021-03-23,60-79,0.33846316416419303,0.4242373449547435,0.1869408969663702,0.1855464279706704,0.6139525368248773
2021-03-23,80-89,0.41482463471569786,0.22028159570901776,0.047407077040073874,0.05470090318575167,0.09288052373158756
2021-03-23,90+,0.20292611698704094,0.05222929936305733,0.01342562017731196,0.01850453365604881,0.012888707037643207
2021-03-24,0-19,0.0001905651208659279,0.013170521857109766,0.1655963429355002,0.13986589479303915,0.003858651502843217
2021-03-24,20-39,0.002391592266867395,0.058109136635891324,0.25131278679761365,0.2521048891244384,0.03147847278635256
2021-03-24,40-59,0.04104772703452087,0.23399185942618883,0.33883481183752384,0.3486300201542478,0.2445166531275386
2021-03-24,60-79,0.33841506988975806,0.423442205235117,0.18506843922541585,0.18611264697505606,0.6186027619821284
2021-03-24,80-89,0.41507941801412085,0.21926602468645554,0.046243505064488155,0.05479336553402151,0.0879366368805849
2021-03-24,90+,0.20287562767386685,0.052020252159237564,0.012944114139458267,0.018493183419197087,0.013606823720552396
2021-03-25,0-19,0.00019000209002299024,0.013110573464983979,0.16519053995314903,0.14019523420423594,0.003641513251062108
2021-03-25,20-39,0.0024035264387908266,0.057640750670241284,0.25134412131077716,0.25211736593232226,0.03155978150920494
2021-03-25,40-59,0.04106895175846934,0.23239390570849408,0.33888047749490213,0.3486521923224039,0.24620675703014364
2021-03-25,60-79,0.33848872337595715,0.424377166023671,0.18536329928906703,0.18594917395420862,0.6164272708881247
2021-03-25,80-89,0.4151165662822291,0.22000261557575362,0.04628794973000884,0.05466032791719433,0.0888124620675703
2021-03-25,90+,0.2027322300545306,0.052474988556856075,0.012933612222095808,0.01842570566963495,0.013352215253894396
2021-03-26,0-19,0.00018938676565281618,0.013069153570621833,0.16502075760169194,0.14043915090428324,0.003386454183266932
2021-03-26,20-39,0.0024146812620734065,0.057730162315660395,0.25153687484225096,0.2521067696096948,0.03127490039840637
2021-03-26,40-59,0.041125336161509034,0.23166284810739293,0.3389697498933834,0.3486331334051969,0.24860557768924302
2021-03-26,60-79,0.33863300632551796,0.4258285197973474,0.1853533434099329,0.18589401044785744,0.6177290836653386
2021-03-26,80-89,0.4151452596492557,0.21901319823163057,0.046201982633821984,0.05456256890764303,0.08645418326693227
2021-03-26,90+,0.20249232983599105,0.0526961179773468,0.012917291618918863,0.018364366725324537,0.01254980079681275
2021-03-27,0-19,0.00018892520451153387,0.01292097099178047,0.16456938209826574,0.14068389660205632,0.0033583563808771235
2021-03-27,20-39,0.0024182426177476336,0.05760066523811047,0.25149811193886634,0.2520869089000965,0.032200711181351246
2021-03-27,40-59,0.04107233946080747,0.23238558224325967,0.33930702312568267,0.3485892121570416,0.24871592256025288
2021-03-27,60-79,0.3386106440460222,0.42597626890971313,0.18561581671449948,0.1858317045170722,0.6171473725800078
2021-03-27,80-89,0.41517258317432126,0.2186650462148591,0.046160461388175845,0.054483808458845755,0.08593441327538523
2021-03-27,90+,0.2025372654965899,0.05245146640227716,0.01284920473450989,0.018324469364887686,0.012643224022125641
2021-03-28,0-19,0.0001886080724254998,0.012808607384162157,0.16389110814781854,0.14094947109452444,0.0033073929961089494
2021-03-28,20-39,0.0024236137306676724,0.056966281341061194,0.25124499222015306,0.2520357316825847,0.03132295719844358
2021-03-28,40-59,0.04107883817427386,0.2317077075794934,0.3392128846401116,0.34860035746845613,0.24980544747081712
2021-03-28,60-79,0.3386929460580913,0.42649460437413944,0.1861991149611441,0.18578124674231755,0.6171206225680934
2021-03-28,80-89,0.41517351942663144,0.21931537993531652,0.04652016186704769,0.05437045938297836,0.0857976653696498
2021-03-28,90+,0.20244247453791023,0.05270741938582728,0.012931738163724964,0.018262733629138796,0.01264591439688716
2021-03-29,0-19,0.00018805829807240243,0.01251702445035346,0.1637642832920232,0.14134658593272814,0.002170481452249408
2021-03-29,20-39,0.0024165491302303712,0.05687787794279785,0.25130734602571175,0.2520185048854444,0.030978689818468824
2021-03-29,40-59,0.04120357310766338,0.2314352422336079,0.33869758790473875,0.3485271962725938,0.250197316495659
2021-03-29,60-79,0.3388904560413728,0.42619495427719045,0.1867689159470745,0.18564388494475226,0.6176006314127861
2021-03-29,80-89,0.4150728725905031,0.21959919579739282,0.04656378669701737,0.05425439299568387,0.08662194159431728
2021-03-29,90+,0.20222849083215796,0.0533757052986575,0.012898080133434438,0.0182094349687975,0.012430939226519336
