Data,Et√†,Deceased
2020-12-08,0-19,0.0
2020-12-08,20-39,0.002668706442291348
2020-12-08,40-59,0.04266530681625021
2020-12-08,60-79,0.35019547849736526
2020-12-08,80-89,0.4128675845656978
2020-12-08,90+,0.19160292367839538
2020-12-09,0-19,0.0
2020-12-09,20-39,0.002677939838986762
2020-12-09,40-59,0.04271229831239263
2020-12-09,60-79,0.35018695051706134
2020-12-09,80-89,0.41263852864890355
2020-12-09,90+,0.1917842826826557
2020-12-10,0-19,0.0
2020-12-10,20-39,0.0026761670597287034
2020-12-10,40-59,0.04256778229380969
2020-12-10,60-79,0.34969140448592506
2020-12-10,80-89,0.41289912522789235
2020-12-10,90+,0.19216552093264422
2020-12-11,0-19,0.0
2020-12-11,20-39,0.0026761670597287034
2020-12-11,40-59,0.04256778229380969
2020-12-11,60-79,0.34969140448592506
2020-12-11,80-89,0.41289912522789235
2020-12-11,90+,0.19216552093264422
2020-12-12,0-19,0.0
2020-12-12,20-39,0.0027129502516833365
2020-12-12,40-59,0.04250833496764071
2020-12-12,60-79,0.34936588873635355
2020-12-12,80-89,0.41230306596064586
2020-12-12,90+,0.19310976008367653
2020-12-13,0-19,0.0
2020-12-13,20-39,0.002749621723638612
2020-12-13,40-59,0.04254592193677497
2020-12-13,60-79,0.34925076875518607
2020-12-13,80-89,0.41229682898654474
2020-12-13,90+,0.1931568585978556
2020-12-14,0-19,0.0
2020-12-14,20-39,0.0026975076321697974
2020-12-14,40-59,0.042400943320034246
2020-12-14,60-79,0.3488507325267732
2020-12-14,80-89,0.41242791839635595
2020-12-14,90+,0.19362289812466685
2020-12-15,0-19,0.0
2020-12-15,20-39,0.002675295964628422
2020-12-15,40-59,0.04237220255354597
2020-12-15,60-79,0.34839722538167023
2020-12-15,80-89,0.41257228906012205
2020-12-15,90+,0.19398298704003333
2020-12-16,0-19,0.0
2020-12-16,20-39,0.002662843097091356
2020-12-16,40-59,0.04238489900103993
2020-12-16,60-79,0.34746163300034666
2020-12-16,80-89,0.4128037059212807
2020-12-16,90+,0.1946869189802414
2020-12-17,0-19,0.0
2020-12-17,20-39,0.0026911161873767876
2020-12-17,40-59,0.04235378790249398
2020-12-17,60-79,0.34741997058547425
2020-12-17,80-89,0.41238226366680225
2020-12-17,90+,0.19515286165785273
2020-12-18,0-19,0.0
2020-12-18,20-39,0.0026818794859472615
2020-12-18,40-59,0.04238299719410297
2020-12-18,60-79,0.3472026291720278
2020-12-18,80-89,0.41245136186770426
2020-12-18,90+,0.19528113228021765
2020-12-19,0-19,0.0
2020-12-19,20-39,0.002702538564314345
2020-12-19,40-59,0.04234483177456577
2020-12-19,60-79,0.346304506255314
2020-12-19,80-89,0.41286590550224705
2020-12-19,90+,0.19578221790355885
2020-12-20,0-19,0.0
2020-12-20,20-39,0.0027159152634437804
2020-12-20,40-59,0.04221739392842055
2020-12-20,60-79,0.3460226929808679
2020-12-20,80-89,0.41281912004345467
2020-12-20,90+,0.19622487778381315
2020-12-21,0-19,0.0
2020-12-21,20-39,0.002713724549461753
2020-12-21,40-59,0.04219017061980869
2020-12-21,60-79,0.34593241176646977
2020-12-21,80-89,0.412606075144682
2020-12-21,90+,0.1965576179195778
2020-12-22,0-19,7.404555282409739e-05
2020-12-22,20-39,0.0026804490122323255
2020-12-22,40-59,0.04223558333086515
2020-12-22,60-79,0.3457334952462755
2020-12-22,80-89,0.4125373930041762
2020-12-22,90+,0.19673903385362676
2020-12-23,0-19,7.342790847945487e-05
2020-12-23,20-39,0.0026434047052603755
2020-12-23,40-59,0.04220636179399066
2020-12-23,60-79,0.34534613916057216
2020-12-23,80-89,0.41250330425588155
2020-12-23,90+,0.1972273621758158
2020-12-24,0-19,8.706756442999768e-05
2020-12-24,20-39,0.0025975156721615975
2020-12-24,40-59,0.04208265614116555
2020-12-24,60-79,0.3440329695843975
2020-12-24,80-89,0.4129324355700023
2020-12-24,90+,0.19826735546784305
2020-12-25,0-19,8.660758105026127e-05
2020-12-25,20-39,0.0026126620283495484
2020-12-25,40-59,0.04206241519674356
2020-12-25,60-79,0.34400531193163775
2020-12-25,80-89,0.4127861658823869
2020-12-25,90+,0.198446837379832
2020-12-26,0-19,0.00015826654964533904
2020-12-26,20-39,0.002604204135073306
2020-12-26,40-59,0.04205573860121146
2020-12-26,60-79,0.3438124973022747
2020-12-26,80-89,0.4127735493431938
2020-12-26,90+,0.19859574406860137
2020-12-27,0-19,0.0001577603763302068
2020-12-27,20-39,0.002624558988038895
2020-12-27,40-59,0.04207899492298425
2020-12-27,60-79,0.343745518171127
2020-12-27,80-89,0.4128302211513639
2020-12-27,90+,0.19856294639015576
2020-12-28,0-19,0.0001577603763302068
2020-12-28,20-39,0.002624558988038895
2020-12-28,40-59,0.04207899492298425
2020-12-28,60-79,0.343745518171127
2020-12-28,80-89,0.4128302211513639
2020-12-28,90+,0.19856294639015576
2020-12-29,0-19,0.00015539137436607382
2020-12-29,20-39,0.002613400387065787
2020-12-29,40-59,0.0420686829874698
2020-12-29,60-79,0.3434290638376019
2020-12-29,80-89,0.41283250222492196
2020-12-29,90+,0.1989009591885745
2020-12-30,0-19,0.00015435563538392457
2020-12-30,20-39,0.0025959811405478223
2020-12-30,40-59,0.04206892680736417
2020-12-30,60-79,0.3431606421194432
2020-12-30,80-89,0.41294342164346654
2020-12-30,90+,0.19907667265379433
2020-12-31,0-19,0.00016742940060274585
2020-12-31,20-39,0.0025951557093425604
2020-12-31,40-59,0.041996874651188745
2020-12-31,60-79,0.34297912713472484
2020-12-31,80-89,0.4128809018863712
2020-12-31,90+,0.19938051121776984
2021-01-01,0-19,0.0001664816870144284
2021-01-01,20-39,0.0025943396226415093
2021-01-01,40-59,0.04196725860155383
2021-01-01,60-79,0.3425915649278579
2021-01-01,80-89,0.4128052164261931
2021-01-01,90+,0.19987513873473917
2021-01-02,0-19,0.00016603940668585344
2021-01-02,20-39,0.0025874474208545497
2021-01-02,40-59,0.041924950188177997
2021-01-02,60-79,0.34231791011733453
2021-01-02,80-89,0.4129261678104937
2021-01-02,90+,0.2000774850564534
2021-01-03,0-19,0.00016527559705809436
2021-01-03,20-39,0.0025893176872434785
2021-01-03,40-59,0.041897363854226925
2021-01-03,60-79,0.3422031237087844
2021-01-03,80-89,0.4128033495854337
2021-01-03,90+,0.2003415695672534
2021-01-04,0-19,0.00016136406422289756
2021-01-04,20-39,0.0025549310168625446
2021-01-04,40-59,0.04157814054809994
2021-01-04,60-79,0.34174219401339323
2021-01-04,80-89,0.41368367264610173
2021-01-04,90+,0.20027969771131968
2021-01-05,0-19,0.0002265428232566197
2021-01-05,20-39,0.002531949201103397
2021-01-05,40-59,0.041523966898095704
2021-01-05,60-79,0.34125344811503044
2021-01-05,80-89,0.41394704228355167
2021-01-05,90+,0.20051705067896217
2021-01-06,0-19,0.00022563775848796156
2021-01-06,20-39,0.002535106580658862
2021-01-06,40-59,0.04155716598975339
2021-01-06,60-79,0.34109792678718376
2021-01-06,80-89,0.41391255873218125
2021-01-06,90+,0.20067160415173477
2021-01-07,0-19,0.00022431583669807088
2021-01-07,20-39,0.002520254400548914
2021-01-07,40-59,0.041498429789143115
2021-01-07,60-79,0.34105243712559047
2021-01-07,80-89,0.41400786424933367
2021-01-07,90+,0.20069669859868577
2021-01-08,0-19,0.00022271714922048998
2021-01-08,20-39,0.002528494694091445
2021-01-08,40-59,0.04141228874623346
2021-01-08,60-79,0.34096685444779246
2021-01-08,80-89,0.41424079654133367
2021-01-08,90+,0.20062884842132844
2021-01-09,0-19,0.00022133975652626782
2021-01-09,20-39,0.0025388972072130723
2021-01-09,40-59,0.04148167437015819
2021-01-09,60-79,0.3408241650934184
2021-01-09,80-89,0.4142178243603932
2021-01-09,90+,0.20071609921229086
2021-01-10,0-19,0.00022076201854400956
2021-01-10,20-39,0.002545256213801522
2021-01-10,40-59,0.04149027348518297
2021-01-10,60-79,0.3408305846297691
2021-01-10,80-89,0.4141495467885619
2021-01-10,90+,0.20076357686414045
2021-01-11,0-19,0.0001550127239610918
2021-01-11,20-39,0.002544792218361257
2021-01-11,40-59,0.04149173911358557
2021-01-11,60-79,0.34065337863149603
2021-01-11,80-89,0.4142844225130146
2021-01-11,90+,0.20087065479958147
2021-01-12,0-19,0.00012826761755727149
2021-01-12,20-39,0.0025268720658782485
2021-01-12,40-59,0.04152022780328878
2021-01-12,60-79,0.34083271337318183
2021-01-12,80-89,0.4141761370924296
2021-01-12,90+,0.20081578204766426
2021-01-13,0-19,6.363023199582586e-05
2021-01-13,20-39,0.0025197571870347038
2021-01-13,40-59,0.04157599358607261
2021-01-13,60-79,0.3406380839664541
2021-01-13,80-89,0.41422008424642714
2021-01-13,90+,0.20098245078201554
2021-01-14,0-19,6.32183181398642e-05
2021-01-14,20-39,0.0025034453983386225
2021-01-14,40-59,0.04147121669975092
2021-01-14,60-79,0.3404053558559128
2021-01-14,80-89,0.41438343174318193
2021-01-14,90+,0.20117333198467588
2021-01-15,0-19,0.0001257561086029754
2021-01-15,20-39,0.0025025465611992104
2021-01-15,40-59,0.04146178900640098
2021-01-15,60-79,0.3401451225493278
2021-01-15,80-89,0.41455501200970835
2021-01-15,90+,0.20120977376476062
2021-01-16,0-19,0.00012494689756853338
2021-01-16,20-39,0.0024989379513706673
2021-01-16,40-59,0.04140740185421196
2021-01-16,60-79,0.3400304870430067
2021-01-16,80-89,0.41446135392458205
2021-01-16,90+,0.20147687232926006
2021-01-17,0-19,0.0001246245684874316
2021-01-17,20-39,0.0025174162834461188
2021-01-17,40-59,0.04142520656522227
2021-01-17,60-79,0.33982627335152854
2021-01-17,80-89,0.41451377724604627
2021-01-17,90+,0.20159270198526938
2021-01-18,0-19,0.0001246245684874316
2021-01-18,20-39,0.0025174162834461188
2021-01-18,40-59,0.04142520656522227
2021-01-18,60-79,0.33982627335152854
2021-01-18,80-89,0.41451377724604627
2021-01-18,90+,0.20159270198526938
2021-01-19,0-19,0.00012282296298115895
2021-01-19,20-39,0.002566999926306222
2021-01-19,40-59,0.04120710408017883
2021-01-19,60-79,0.33944582279102903
2021-01-19,80-89,0.41468716991328697
2021-01-19,90+,0.2019700803262178
2021-01-20,0-19,0.00012282296298115895
2021-01-20,20-39,0.002566999926306222
2021-01-20,40-59,0.04120710408017883
2021-01-20,60-79,0.33944582279102903
2021-01-20,80-89,0.41468716991328697
2021-01-20,90+,0.2019700803262178
2021-01-21,0-19,0.00012097896175855019
2021-01-21,20-39,0.002528460300753699
2021-01-21,40-59,0.04114494489408292
2021-01-21,60-79,0.3388862676780508
2021-01-21,80-89,0.41510301358593743
2021-01-21,90+,0.20221633457941665
2021-01-22,0-19,0.0001203166734846115
2021-01-22,20-39,0.002562745145222225
2021-01-22,40-59,0.041076112327646366
2021-01-22,60-79,0.33863127752243904
2021-01-22,80-89,0.4153211252015304
2021-01-22,90+,0.20228842312967732
2021-01-23,0-19,0.00011970456912340344
2021-01-23,20-39,0.002561677779240834
2021-01-23,40-59,0.040998814924765675
2021-01-23,60-79,0.3382970827996505
2021-01-23,80-89,0.41541076622894696
2021-01-23,90+,0.20261195369827267
2021-01-24,0-19,0.00011924209723000608
2021-01-24,20-39,0.002563705090445131
2021-01-24,40-59,0.04099543302767609
2021-01-24,60-79,0.33827790563180427
2021-01-24,80-89,0.4154036941201722
2021-01-24,90+,0.20264002003267234
2021-01-25,0-19,0.00011855364552459988
2021-01-25,20-39,0.0025726141078838173
2021-01-25,40-59,0.04097213989330172
2021-01-25,60-79,0.3381979845880261
2021-01-25,80-89,0.41536455245998816
2021-01-25,90+,0.20277415530527565
2021-01-26,0-19,0.00011805121061516486
2021-01-26,20-39,0.002549906149287561
2021-01-26,40-59,0.04086932911497007
2021-01-26,60-79,0.337980615991217
2021-01-26,80-89,0.4155402613653803
2021-01-26,90+,0.2029418361685299
2021-01-27,0-19,0.00011708230886313078
2021-01-27,20-39,0.0025289778714436247
2021-01-27,40-59,0.04075635171525582
2021-01-27,60-79,0.33779416930101863
2021-01-27,80-89,0.4157358623112048
2021-01-27,90+,0.20306755649221403
2021-01-28,0-19,0.00011674605398337536
2021-01-28,20-39,0.0025217147660409078
2021-01-28,40-59,0.040744372840198
2021-01-28,60-79,0.33772298496310826
2021-01-28,80-89,0.41572102362940133
2021-01-28,90+,0.20317315774726813
2021-01-29,0-19,0.00011612109107377173
2021-01-29,20-39,0.0025082155671934695
2021-01-29,40-59,0.040781727185108634
2021-01-29,60-79,0.3376801328425282
2021-01-29,80-89,0.41567866971678064
2021-01-29,90+,0.2032351335973153
2021-01-30,0-19,0.00011555216602535215
2021-01-30,20-39,0.0024959267861476065
2021-01-30,40-59,0.04076680417374424
2021-01-30,60-79,0.3373545487110156
2021-01-30,80-89,0.41569891727620434
2021-01-30,90+,0.20356825088686287
2021-01-31,0-19,0.00011526978894101645
2021-01-31,20-39,0.002501354420020057
2021-01-31,40-59,0.04070176247507291
2021-01-31,60-79,0.3372332945258377
2021-01-31,80-89,0.4157666017313522
2021-01-31,90+,0.20368171705877605
2021-02-01,0-19,0.00011477498364456483
2021-02-01,20-39,0.0024906171450870566
2021-02-01,40-59,0.040618866711811495
2021-02-01,60-79,0.33718594695100257
2021-02-01,80-89,0.41584124324262284
2021-02-01,90+,0.2037485509658315
2021-02-02,0-19,0.00011424654404204273
2021-02-02,20-39,0.002501999314520736
2021-02-02,40-59,0.0406374957157546
2021-02-02,60-79,0.3372443733577059
2021-02-02,80-89,0.415606077916143
2021-02-02,90+,0.20389580715183367
2021-02-03,0-19,0.00011343527383275103
2021-02-03,20-39,0.0024842324969372477
2021-02-03,40-59,0.04064385861427469
2021-02-03,60-79,0.33695948092018696
2021-02-03,80-89,0.4156495303779663
2021-02-03,90+,0.20414946231680203
2021-02-04,0-19,0.00011296371605440332
2021-02-04,20-39,0.0024739053815914327
2021-02-04,40-59,0.04058786317834712
2021-02-04,60-79,0.33689169038904704
2021-02-04,80-89,0.4156274004789662
2021-02-04,90+,0.20430617685599387
2021-02-05,0-19,0.0001124568446858518
2021-02-05,20-39,0.00247405058308874
2021-02-05,40-59,0.04055193819371816
2021-02-05,60-79,0.33674077572731465
2021-02-05,80-89,0.41565174364337687
2021-02-05,90+,0.20446903500781574
2021-02-06,0-19,0.00011220951761128379
2021-02-06,20-39,0.0024686093874482433
2021-02-06,40-59,0.04049641490591232
2021-02-06,60-79,0.3366734366408959
2021-02-06,80-89,0.4157923675086121
2021-02-06,90+,0.20445696203952018
2021-02-07,0-19,0.0001117493239165903
2021-02-07,20-39,0.0024584851261649867
2021-02-07,40-59,0.04046443019019735
2021-02-07,60-79,0.33671188789307827
2021-02-07,80-89,0.41574100976689093
2021-02-07,90+,0.20451243769975191
2021-02-08,0-19,0.0001113573345508402
2021-02-08,20-39,0.0024498613601184843
2021-02-08,40-59,0.040456119642320244
2021-02-08,60-79,0.33662208661373483
2021-02-08,80-89,0.41577488001247204
2021-02-08,90+,0.2045856950368036
2021-02-09,0-19,0.00011086351592554407
2021-02-09,20-39,0.002461170053547078
2021-02-09,40-59,0.04045409696123103
2021-02-09,60-79,0.33653728894358154
2021-02-09,80-89,0.4157381847207902
2021-02-09,90+,0.20469839580492455
2021-02-10,0-19,0.00011086351592554407
2021-02-10,20-39,0.002461170053547078
2021-02-10,40-59,0.04045409696123103
2021-02-10,60-79,0.33653728894358154
2021-02-10,80-89,0.4157381847207902
2021-02-10,90+,0.20469839580492455
2021-02-11,0-19,0.00010984786071291261
2021-02-11,20-39,0.002471576866040534
2021-02-11,40-59,0.04044598231449442
2021-02-11,60-79,0.33662876915472073
2021-02-11,80-89,0.41551051793266325
2021-02-11,90+,0.20483330587136817
2021-02-12,0-19,0.0001095086347558505
2021-02-12,20-39,0.0024639442820066364
2021-02-12,40-59,0.040452489678811175
2021-02-12,60-79,0.33652003460472857
2021-02-12,80-89,0.41567287580625734
2021-02-12,90+,0.20478114699344044
2021-02-13,0-19,0.00017454101168333896
2021-02-13,20-39,0.0024435741635667457
2021-02-13,40-59,0.04047169708407422
2021-02-13,60-79,0.3362750766344129
2021-02-13,80-89,0.41590941321493635
2021-02-13,90+,0.2047256978913264
2021-02-14,0-19,0.0001743071291615827
2021-02-14,20-39,0.002440299808262158
2021-02-14,40-59,0.04047193655220498
2021-02-14,60-79,0.33623845215269305
2021-02-14,80-89,0.4159839637441171
2021-02-14,90+,0.20469104061356108
2021-02-15,0-19,0.00017368649587494572
2021-02-15,20-39,0.0024424663482414243
2021-02-15,40-59,0.040501519756838904
2021-02-15,60-79,0.336322188449848
2021-02-15,80-89,0.41588145896656536
2021-02-15,90+,0.20467867998263134
2021-02-16,0-19,0.00017294118918685213
2021-02-16,20-39,0.002453603121588465
2021-02-16,40-59,0.04051147356702012
2021-02-16,60-79,0.336586789454911
2021-02-16,80-89,0.4157830452781651
2021-02-16,90+,0.2044921473891285
2021-02-17,0-19,0.0001719154605722636
2021-02-17,20-39,0.0024390505968689895
2021-02-17,40-59,0.040475346248482306
2021-02-17,60-79,0.33625589616306184
2021-02-17,80-89,0.4158312649754483
2021-02-17,90+,0.2048265265555663
2021-02-18,0-19,0.0001719154605722636
2021-02-18,20-39,0.0024390505968689895
2021-02-18,40-59,0.040475346248482306
2021-02-18,60-79,0.33625589616306184
2021-02-18,80-89,0.4158312649754483
2021-02-18,90+,0.2048265265555663
2021-02-19,0-19,0.00017088357488438658
2021-02-19,20-39,0.002445771165532783
2021-02-19,40-59,0.04049940724759962
2021-02-19,60-79,0.33623479403189116
2021-02-19,80-89,0.4158344992577245
2021-02-19,90+,0.2048146447223676
2021-02-20,0-19,0.000170590242238144
2021-02-20,20-39,0.0024415728420334355
2021-02-20,40-59,0.04052584442169908
2021-02-20,60-79,0.3361907198908222
2021-02-20,80-89,0.41581371545547596
2021-02-20,90+,0.20485755714773116
2021-02-21,0-19,0.00018085298779774254
2021-02-21,20-39,0.0024468345407929874
2021-02-21,40-59,0.04056426132192896
2021-02-21,60-79,0.33619506590495646
2021-02-21,80-89,0.41581293418015086
2021-02-21,90+,0.20480005106437302
2021-02-22,0-19,0.0001802260246379577
2021-02-22,20-39,0.0024489536289040137
2021-02-22,40-59,0.04060386319784577
2021-02-22,60-79,0.33643958187562284
2021-02-22,80-89,0.41566482200029686
2021-02-22,90+,0.2046625532726926
2021-02-23,0-19,0.00017953510967483023
2021-02-23,20-39,0.0024501262026212127
2021-02-23,40-59,0.040596056564120436
2021-02-23,60-79,0.3365438435298715
2021-02-23,80-89,0.41558153534201436
2021-02-23,90+,0.20464890325169766
2021-02-24,0-19,0.00017907177618134705
2021-02-24,20-39,0.0024438030631807363
2021-02-24,40-59,0.0406071586575937
2021-02-24,60-79,0.33654960288200225
2021-02-24,80-89,0.4154886552762972
2021-02-24,90+,0.20473170834474477
2021-02-25,0-19,0.00017858268378259133
2021-02-25,20-39,0.002416118662940942
2021-02-25,40-59,0.040674832447423155
2021-02-25,60-79,0.33662835893018467
2021-02-25,80-89,0.41550938084333044
2021-02-25,90+,0.20459272643233817
2021-02-26,0-19,0.00017804589394748694
2021-02-26,20-39,0.0024088562122307057
2021-02-26,40-59,0.04070966998669893
2021-02-26,60-79,0.3366114724395429
2021-02-26,80-89,0.4156429027764686
2021-02-26,90+,0.20444905269111133
2021-02-27,0-19,0.00017770530188994816
2021-02-27,20-39,0.002404248202040475
2021-02-27,40-59,0.04073632714500753
2021-02-27,60-79,0.3365947482856665
2021-02-27,80-89,0.4157258738919552
2021-02-27,90+,0.20436109717344036
2021-02-28,0-19,0.00017770530188994816
2021-02-28,20-39,0.002404248202040475
2021-02-28,40-59,0.04073632714500753
2021-02-28,60-79,0.3365947482856665
2021-02-28,80-89,0.4157258738919552
2021-02-28,90+,0.20436109717344036
2021-03-01,0-19,0.00017681626709657288
2021-03-01,20-39,0.002423422954911852
2021-03-01,40-59,0.04073014717353997
2021-03-01,60-79,0.3368869936034115
2021-03-01,80-89,0.4154974257631702
2021-03-01,90+,0.2042851942378699
2021-03-02,0-19,0.00017592333881800214
2021-03-02,20-39,0.0024111845849761468
2021-03-02,40-59,0.04074177558391026
2021-03-02,60-79,0.33703807188020657
2021-03-02,80-89,0.4154481388345596
2021-03-02,90+,0.2041849057775294
2021-03-03,0-19,0.00017530652862136884
2021-03-03,20-39,0.00241304280572943
2021-03-03,40-59,0.040722675383869734
2021-03-03,60-79,0.33707320594392254
2021-03-03,80-89,0.41542491208893195
2021-03-03,90+,0.20419085724892497
2021-03-04,0-19,0.00017489172144892647
2021-03-04,20-39,0.0024073331070028703
2021-03-04,40-59,0.04068804460767672
2021-03-04,60-79,0.3370472104770429
2021-03-04,80-89,0.4156250321492135
2021-03-04,90+,0.2040574879376151
2021-03-05,0-19,0.00017409470752089137
2021-03-05,20-39,0.002406603309847616
2021-03-05,40-59,0.040666475503850566
2021-03-05,60-79,0.3368732590529248
2021-03-05,80-89,0.4156357529084057
2021-03-05,90+,0.20424381451745044
2021-03-06,0-19,0.00017356502562636554
2021-03-06,20-39,0.002399281236599759
2021-03-06,40-59,0.04070610336307762
2021-03-06,60-79,0.3368999244481653
2021-03-06,80-89,0.41569844608253526
2021-03-06,90+,0.20412267984399568
2021-03-07,0-19,0.00017339507557985354
2021-03-07,20-39,0.0023969319271332696
2021-03-07,40-59,0.0407172436302809
2021-03-07,60-79,0.3368964321413272
2021-03-07,80-89,0.41570959384753475
2021-03-07,90+,0.20410640337814406
2021-03-08,0-19,0.0001728837001179677
2021-03-08,20-39,0.002410202172232844
2021-03-08,40-59,0.04074970508074686
2021-03-08,60-79,0.33696050115933773
2021-03-08,80-89,0.4157446202660375
2021-03-08,90+,0.20396208762152707
2021-03-09,0-19,0.00020163526197461412
2021-03-09,20-39,0.0024095413805966387
2021-03-09,40-59,0.04060934176168728
2021-03-09,60-79,0.33612598171168173
2021-03-09,80-89,0.41603403603222133
2021-03-09,90+,0.2046194638518384
2021-03-10,0-19,0.00020079514878920524
2021-03-10,20-39,0.0024195815429099233
2021-03-10,40-59,0.0407011766595719
2021-03-10,60-79,0.336271635677282
2021-03-10,80-89,0.4159471507168387
2021-03-10,90+,0.20445966025460824
2021-03-11,0-19,0.00020048517412137373
2021-03-11,20-39,0.0024058220894564845
2021-03-11,40-59,0.04077868441628742
2021-03-11,60-79,0.33634395236472264
2021-03-11,80-89,0.4158964694560837
2021-03-11,90+,0.20437458649932838
2021-03-12,0-19,0.00019953309256340163
2021-03-12,20-39,0.0024043737653889896
2021-03-12,40-59,0.040834447393100146
2021-03-12,60-79,0.3366023504998304
2021-03-12,80-89,0.415886824829898
2021-03-12,90+,0.20407247041921903
2021-03-13,0-19,0.00019910403185664509
2021-03-13,20-39,0.0023992035838725735
2021-03-13,40-59,0.040856147336983575
2021-03-13,60-79,0.3366948730711797
2021-03-13,80-89,0.41586859133897464
2021-03-13,90+,0.2039820806371329
2021-03-14,0-19,0.00019877356709104824
2021-03-14,20-39,0.002395221483447131
2021-03-14,40-59,0.040907600107337724
2021-03-14,60-79,0.3366826679388175
2021-03-14,80-89,0.4158641183895366
2021-03-14,90+,0.20395161851377003
2021-03-15,0-19,0.00019877356709104824
2021-03-15,20-39,0.002395221483447131
2021-03-15,40-59,0.040907600107337724
2021-03-15,60-79,0.3366826679388175
2021-03-15,80-89,0.4158641183895366
2021-03-15,90+,0.20395161851377003
2021-03-16,0-19,0.00019877356709104824
2021-03-16,20-39,0.002395221483447131
2021-03-16,40-59,0.040907600107337724
2021-03-16,60-79,0.3366826679388175
2021-03-16,80-89,0.4158641183895366
2021-03-16,90+,0.20395161851377003
2021-03-17,0-19,0.0001960765090538328
2021-03-17,20-39,0.002372525759551377
2021-03-17,40-59,0.04119567455221027
2021-03-17,60-79,0.3373398300016667
2021-03-17,80-89,0.41523122322330175
2021-03-17,90+,0.20366466995421614
2021-03-18,0-19,0.00019536401199535033
2021-03-18,20-39,0.002393209146943042
2021-03-18,40-59,0.04121203833041916
2021-03-18,60-79,0.33753040352436675
2021-03-18,80-89,0.41512898908891993
2021-03-18,90+,0.20353999589735575
2021-03-19,0-19,0.00018536223683440322
2021-03-19,20-39,0.00238044135724181
2021-03-19,40-59,0.04116017248443933
2021-03-19,60-79,0.3376519482546682
2021-03-19,80-89,0.41502604827222883
2021-03-19,90+,0.20359602739458743
2021-03-20,0-19,0.00019442392191935297
2021-03-20,20-39,0.0023816930435120735
2021-03-20,40-59,0.04113038068203912
2021-03-20,60-79,0.33775323715829997
2021-03-20,80-89,0.41504646731733874
2021-03-20,90+,0.2034937978768908
2021-03-21,0-19,0.00019397889509621354
2021-03-21,20-39,0.002376241464928616
2021-03-21,40-59,0.04113322470515208
2021-03-21,60-79,0.3378530415890751
2021-03-21,80-89,0.41503724394785846
2021-03-21,90+,0.2034062693978895
2021-03-22,0-19,0.00019339928248866196
2021-03-22,20-39,0.0023884811387349754
2021-03-22,40-59,0.0411650372777117
2021-03-22,60-79,0.33808128571843
2021-03-22,80-89,0.41493816057942423
2021-03-22,90+,0.20323363600321043
2021-03-23,0-19,0.00019212849553781568
2021-03-23,20-39,0.002411212618999587
2021-03-23,40-59,0.041182743018530796
2021-03-23,60-79,0.33846316416419303
2021-03-23,80-89,0.41482463471569786
2021-03-23,90+,0.20292611698704094
2021-03-24,0-19,0.0001905651208659279
2021-03-24,20-39,0.002391592266867395
2021-03-24,40-59,0.04104772703452087
2021-03-24,60-79,0.33841506988975806
2021-03-24,80-89,0.41507941801412085
2021-03-24,90+,0.20287562767386685
2021-03-25,0-19,0.00019000209002299024
2021-03-25,20-39,0.0024035264387908266
2021-03-25,40-59,0.04106895175846934
2021-03-25,60-79,0.33848872337595715
2021-03-25,80-89,0.4151165662822291
2021-03-25,90+,0.2027322300545306
2021-03-26,0-19,0.00018938676565281618
2021-03-26,20-39,0.0024146812620734065
2021-03-26,40-59,0.041125336161509034
2021-03-26,60-79,0.33863300632551796
2021-03-26,80-89,0.4151452596492557
2021-03-26,90+,0.20249232983599105
2021-03-27,0-19,0.00018892520451153387
2021-03-27,20-39,0.0024182426177476336
2021-03-27,40-59,0.04107233946080747
2021-03-27,60-79,0.3386106440460222
2021-03-27,80-89,0.41517258317432126
2021-03-27,90+,0.2025372654965899
2021-03-28,0-19,0.0001886080724254998
2021-03-28,20-39,0.0024236137306676724
2021-03-28,40-59,0.04107883817427386
2021-03-28,60-79,0.3386929460580913
2021-03-28,80-89,0.41517351942663144
2021-03-28,90+,0.20244247453791023
2021-03-29,0-19,0.00018805829807240243
2021-03-29,20-39,0.0024165491302303712
2021-03-29,40-59,0.04120357310766338
2021-03-29,60-79,0.3388904560413728
2021-03-29,80-89,0.4150728725905031
2021-03-29,90+,0.20222849083215796
2021-03-30,0-19,0.00018805829807240243
2021-03-30,20-39,0.0024165491302303712
2021-03-30,40-59,0.04120357310766338
2021-03-30,60-79,0.3388904560413728
2021-03-30,80-89,0.4150728725905031
2021-03-30,90+,0.20222849083215796
2021-03-31,0-19,0.00018593754357911177
2021-03-31,20-39,0.002417188066528453
2021-03-31,40-59,0.04131532218327864
2021-03-31,60-79,0.3395870327157108
2021-03-31,80-89,0.41459423779552446
2021-03-31,90+,0.20190028169537852
2021-04-01,0-19,0.00018545306183005082
2021-04-01,20-39,0.0024108898037906606
2021-04-01,40-59,0.04131894217573532
2021-04-01,60-79,0.3398056451912021
2021-04-01,80-89,0.41445977523088906
2021-04-01,90+,0.20181929453655278
2021-04-02,0-19,0.00018458528301538518
2021-04-02,20-39,0.0023996086792000076
2021-04-02,40-59,0.04135633265959705
2021-04-02,60-79,0.34001532057849027
2021-04-02,80-89,0.41451394080349974
2021-04-02,90+,0.20153021199619756
2021-04-03,0-19,0.00018442698535649736
2021-04-03,20-39,0.002406772158902291
2021-04-03,40-59,0.041385415513998006
2021-04-03,60-79,0.340249345284202
2021-04-03,80-89,0.41437055069897827
2021-04-03,90+,0.20140348935856295
2021-04-04,0-19,0.00018410950833555798
2021-04-04,20-39,0.0024026290837790318
2021-04-04,40-59,0.04137861199841666
2021-04-04,60-79,0.34028039878119504
2021-04-04,80-89,0.41435685946000683
2021-04-04,90+,0.20139739116826688
2021-04-05,0-19,0.00018376779101926806
2021-04-05,20-39,0.002398169672801448
2021-04-05,40-59,0.04140288331664109
2021-04-05,60-79,0.34046658642139793
2021-04-05,80-89,0.4142217893469812
2021-04-05,90+,0.2013268034511591
2021-04-06,0-19,0.00019239049774170201
2021-04-06,20-39,0.0023911390433611537
2021-04-06,40-59,0.041391441371286176
2021-04-06,60-79,0.340696087143734
2021-04-06,80-89,0.4141159656628769
2021-04-06,90+,0.20121297628100007
2021-04-07,0-19,0.00016281783398008196
2021-04-07,20-39,0.0023518131574900725
2021-04-07,40-59,0.04150045679447867
2021-04-07,60-79,0.3414018615505685
2021-04-07,80-89,0.4139462520239161
2021-04-07,90+,0.20063679863956654
2021-04-08,0-19,0.00016221331050331186
2021-04-08,20-39,0.002352093002298022
2021-04-08,40-59,0.04158067859234894
2021-04-08,60-79,0.34152210156355606
2021-04-08,80-89,0.41392330915153425
2021-04-08,90+,0.20045960437975938
2021-04-09,0-19,0.0001616132594700881
2021-04-09,20-39,0.0023433922623162773
2021-04-09,40-59,0.04166030688562271
2021-04-09,60-79,0.3417761297215763
2021-04-09,80-89,0.41373892275784047
2021-04-09,90+,0.20031963511317416
2021-04-10,0-19,0.00016107814974898656
2021-04-10,20-39,0.002335633171360305
2021-04-10,40-59,0.04169239442669602
2021-04-10,60-79,0.3420047070614871
2021-04-10,80-89,0.41351445676394
2021-04-10,90+,0.20029173042676762
2021-04-11,0-19,0.00016078750145155383
2021-04-11,20-39,0.0023314187710475305
2021-04-11,40-59,0.041670760792861035
2021-04-11,60-79,0.3420396787823027
2021-04-11,80-89,0.4135275884554574
2021-04-11,90+,0.20026976569687982
2021-04-12,0-19,0.00016029922522041144
2021-04-12,20-39,0.0023332442782082108
2021-04-12,40-59,0.041722326119868196
2021-04-12,60-79,0.3425772553210437
2021-04-12,80-89,0.41312672544304924
2021-04-12,90+,0.2000801496126102
2021-04-13,0-19,0.0001595942758853049
2021-04-13,20-39,0.002322983348997216
2021-04-13,40-59,0.04168957140070576
2021-04-13,60-79,0.34297696522618054
2021-04-13,80-89,0.4130211196425088
2021-04-13,90+,0.19982976610572234
2021-04-14,0-19,0.00015893618712087097
2021-04-14,20-39,0.002339893865946156
2021-04-14,40-59,0.04176489806009554
2021-04-14,60-79,0.34329333439290793
2021-04-14,80-89,0.41273078858838175
2021-04-14,90+,0.19971214890554775
2021-04-15,0-19,0.00015854141894569956
2021-04-15,20-39,0.0023340820011450215
2021-04-15,40-59,0.04174924032236755
2021-04-15,60-79,0.34343594486281764
2021-04-15,80-89,0.41270092922887214
2021-04-15,90+,0.19962126216585194
2021-04-16,0-19,0.0001577591193535382
2021-04-16,20-39,0.002322564812704868
2021-04-16,40-59,0.041849988606285825
2021-04-16,60-79,0.343774649862399
2021-04-16,80-89,0.41254009710950235
2021-04-16,90+,0.1993549404897544
2021-04-17,0-19,0.00015749822814493337
2021-04-17,20-39,0.002327473815919571
2021-04-17,40-59,0.04187702888342506
2021-04-17,60-79,0.3438448817450804
2021-04-17,80-89,0.41252285911783493
2021-04-17,90+,0.19927025820959515
2021-04-18,0-19,0.000157260178228202
2021-04-18,20-39,0.0023152192905818627
2021-04-18,40-59,0.04193604752752053
2021-04-18,60-79,0.3439192731085095
2021-04-18,80-89,0.4124759741394374
2021-04-18,90+,0.19919622575572252
2021-04-19,0-19,0.00015673025851785418
2021-04-19,20-39,0.002316124931430512
2021-04-19,40-59,0.04209078164862817
2021-04-19,60-79,0.34434508520031
2021-04-19,80-89,0.4120873858263603
2021-04-19,90+,0.1990038921347532
2021-04-20,0-19,0.0001562459310955444
2021-04-20,20-39,0.002317647977917242
2021-04-20,40-59,0.042169040736786366
2021-04-20,60-79,0.3446611633377603
2021-04-20,80-89,0.41193371700389747
2021-04-20,90+,0.19876218501254309
2021-04-21,0-19,0.0001545170483810047
2021-04-21,20-39,0.002300587164783848
2021-04-21,40-59,0.042140232805686226
2021-04-21,60-79,0.345731895752498
2021-04-21,80-89,0.41157332692373727
2021-04-21,90+,0.19809944030491364
2021-04-22,0-19,0.00015421521590130226
2021-04-22,20-39,0.0022960932145305005
2021-04-22,40-59,0.042263536668951336
2021-04-22,60-79,0.3459732693625771
2021-04-22,80-89,0.41123200822481154
2021-04-22,90+,0.19808087731322824
2021-04-23,0-19,0.0001537029604898001
2021-04-23,20-39,0.002314083460707546
2021-04-23,40-59,0.042379321828382104
2021-04-23,60-79,0.346173223236472
2021-04-23,80-89,0.4109931772963649
2021-04-23,90+,0.19798649121758363
2021-04-24,0-19,0.00016195022161609273
2021-04-24,20-39,0.002309921581997954
2021-04-24,40-59,0.04235424480054552
2021-04-24,60-79,0.34627514490282985
2021-04-24,80-89,0.41094442550289806
2021-04-24,90+,0.1979543129901125
2021-04-25,0-19,0.00016173378618793466
2021-04-25,20-39,0.002306834529312121
2021-04-25,40-59,0.04234871506763026
2021-04-25,60-79,0.34634013466465774
2021-04-25,80-89,0.41092298918086095
2021-04-25,90+,0.197919592771351
2021-04-26,0-19,0.00016130812398651803
2021-04-26,20-39,0.002300763242123494
2021-04-26,40-59,0.04236460729961711
2021-04-26,60-79,0.3467869968672264
2021-04-26,80-89,0.410597094755788
2021-04-26,90+,0.19778922971125845
2021-04-27,0-19,0.00016090377107627686
2021-04-27,20-39,0.002294995892719528
2021-04-27,40-59,0.042368503510242794
2021-04-27,60-79,0.34698474801622586
2021-04-27,80-89,0.41045705139605193
2021-04-27,90+,0.1977337974136836
2021-04-28,0-19,0.00016865539486444323
2021-04-28,20-39,0.002293713370156428
2021-04-28,40-59,0.042458995657123584
2021-04-28,60-79,0.3475650377366446
2021-04-28,80-89,0.4100349959944344
2021-04-28,90+,0.19747860184677657
2021-04-29,0-19,0.00016821282286348687
2021-04-29,20-39,0.00230451567322977
2021-04-29,40-59,0.04248214841417361
2021-04-29,60-79,0.3477884219114023
2021-04-29,80-89,0.409858953548029
2021-04-29,90+,0.19739774763030185
2021-04-30,0-19,0.00016793034249393352
2021-04-30,20-39,0.0023090422092915857
2021-04-30,40-59,0.04250316968521457
2021-04-30,60-79,0.3480440313358019
2021-04-30,80-89,0.4096576739968261
2021-04-30,90+,0.19731815243037187
2021-05-01,0-19,0.00016768535519950364
2021-05-01,20-39,0.0023140579017531505
2021-05-01,40-59,0.042566927417394
2021-05-01,60-79,0.3481483344652095
2021-05-01,80-89,0.4095127902004678
2021-05-01,90+,0.19729020465997602
2021-05-02,0-19,0.00016754207400333408
2021-05-02,20-39,0.0023120806212460106
2021-05-02,40-59,0.04257244100424719
2021-05-02,60-79,0.34827808633443075
2021-05-02,80-89,0.4094644517604483
2021-05-02,90+,0.19720539820562438
2021-05-03,0-19,0.00017561024560347206
2021-05-03,20-39,0.0023163827634362743
2021-05-03,40-59,0.042589665755165866
2021-05-03,60-79,0.3485946999155398
2021-05-03,80-89,0.40925549618256774
2021-05-03,90+,0.1970681451376868
2021-05-04,0-19,0.00017515764187768992
2021-05-04,20-39,0.002318753544857038
2021-05-04,40-59,0.04268007873753044
2021-05-04,60-79,0.3488973409401795
2021-05-04,80-89,0.40905147966503186
2021-05-04,90+,0.19687718947052346
2021-05-05,0-19,0.0001747117256526731
2021-05-05,20-39,0.0023461288873358956
2021-05-05,40-59,0.042779413966954526
2021-05-05,60-79,0.3490906670660078
2021-05-05,80-89,0.40886703605717234
2021-05-05,90+,0.1967420422968768
2021-05-06,0-19,0.00021589304990450884
2021-05-06,20-39,0.0023416092335796727
2021-05-06,40-59,0.04275512745993523
2021-05-06,60-79,0.3492319189570705
2021-05-06,80-89,0.4087353649422901
2021-05-06,90+,0.19672008635721996
2021-05-07,0-19,0.00021539226244718748
2021-05-07,20-39,0.0023610305691326317
2021-05-07,40-59,0.042796785684698864
2021-05-07,60-79,0.3494822301383481
2021-05-07,80-89,0.4085908375445282
2021-05-07,90+,0.196553723800845
2021-05-08,0-19,0.00021510891957408435
2021-05-08,20-39,0.0023744715352985463
2021-05-08,40-59,0.042798401575259166
2021-05-08,60-79,0.34974228296751025
2021-05-08,80-89,0.40840083065136634
2021-05-08,90+,0.19646890435099157
2021-05-09,0-19,0.0002231349635959439
2021-05-09,20-39,0.002388370536267696
2021-05-09,40-59,0.042808855978777385
2021-05-09,60-79,0.3499004156921729
2021-05-09,80-89,0.4082708693172897
2021-05-09,90+,0.1964083535118964
2021-05-10,0-19,0.00022276492524999175
2021-05-10,20-39,0.002400910861027689
2021-05-10,40-59,0.042894623939803964
2021-05-10,60-79,0.3500957064123296
2021-05-10,80-89,0.40817134748028117
2021-05-10,90+,0.19621464638130756
2021-05-11,0-19,0.00022225148990813606
2021-05-11,20-39,0.002395377169009911
2021-05-11,40-59,0.042968621382239634
2021-05-11,60-79,0.35042474729182443
2021-05-11,80-89,0.4079137993480623
2021-05-11,90+,0.1960752033189556
2021-05-12,0-19,0.00022173313185730242
2021-05-12,20-39,0.002398002759345641
2021-05-12,40-59,0.04303265225675054
2021-05-12,60-79,0.350699691216083
2021-05-12,80-89,0.4077508048091453
2021-05-12,90+,0.1958971158268182
2021-05-13,0-19,0.00022140947632558674
2021-05-13,20-39,0.002410903186656389
2021-05-13,40-59,0.0430928443737392
2021-05-13,60-79,0.35081101471142967
2021-05-13,80-89,0.40755744345858
2021-05-13,90+,0.19590638479326916
2021-05-14,0-19,0.00022140947632558674
2021-05-14,20-39,0.002410903186656389
2021-05-14,40-59,0.0430928443737392
2021-05-14,60-79,0.35081101471142967
2021-05-14,80-89,0.40755744345858
2021-05-14,90+,0.19590638479326916
2021-05-15,0-19,0.00022090768513291278
2021-05-15,20-39,0.002413621004229973
2021-05-15,40-59,0.04313427096373023
2021-05-15,60-79,0.351169583466287
2021-05-15,80-89,0.4073619531512072
2021-05-15,90+,0.19569966372941264
2021-05-16,0-19,0.0002207613814756672
2021-05-16,20-39,0.0024120225013082156
2021-05-16,40-59,0.04312205651491366
2021-05-16,60-79,0.3512804160125589
2021-05-16,80-89,0.40724751439037155
2021-05-16,90+,0.19571722919937207
2021-05-17,0-19,0.00022029127401786806
2021-05-17,20-39,0.0024068861420470772
2021-05-17,40-59,0.0431444539632032
2021-05-17,60-79,0.3515848733325174
2021-05-17,80-89,0.40707379757679596
2021-05-17,90+,0.19556969771141844
2021-05-18,0-19,0.00017920271084828046
2021-05-18,20-39,0.0024192365964517864
2021-05-18,40-59,0.04317156215890393
2021-05-18,60-79,0.3516771744619846
2021-05-18,80-89,0.4069775019142108
2021-05-18,90+,0.19557532215760065
2021-05-19,0-19,0.00017887487702352204
2021-05-19,20-39,0.0024229415160458897
2021-05-19,40-59,0.043173890772495546
2021-05-19,60-79,0.35187940581018123
2021-05-19,80-89,0.40684277711377254
2021-05-19,90+,0.19550210991048125
2021-05-20,0-19,0.00017864683145483483
2021-05-20,20-39,0.00241173222464027
2021-05-20,40-59,0.04319193165946666
2021-05-20,60-79,0.35210478448695876
2021-05-20,80-89,0.4067382336700555
2021-05-20,90+,0.1953746711274239
2021-05-21,0-19,0.00017851491816713865
2021-05-21,20-39,0.002426180024180657
2021-05-21,40-59,0.04320872451090969
2021-05-21,60-79,0.35218559060037813
2021-05-21,80-89,0.4066326406413554
2021-05-21,90+,0.19536834930500896
2021-05-22,0-19,0.0001864779185821192
2021-05-22,20-39,0.0024242129415675494
2021-05-22,40-59,0.043254769375461126
2021-05-22,60-79,0.3522405727304421
2021-05-22,80-89,0.40660293986492513
2021-05-22,90+,0.19529102716902197
2021-05-23,0-19,0.00018636157386400467
2021-05-23,20-39,0.0024308031373565827
2021-05-23,40-59,0.04327639852207169
2021-05-23,60-79,0.3523611201140857
2021-05-23,80-89,0.4064951059830168
2021-05-23,90+,0.19525021066960524
2021-05-24,0-19,0.0002266472397604015
2021-05-24,20-39,0.002436457827424316
2021-05-24,40-59,0.043305811882791
2021-05-24,60-79,0.35248502509308727
2021-05-24,80-89,0.40643516270033997
2021-05-24,90+,0.19511089525659706
2021-05-25,0-19,0.0002266472397604015
2021-05-25,20-39,0.002436457827424316
2021-05-25,40-59,0.043305811882791
2021-05-25,60-79,0.35248502509308727
2021-05-25,80-89,0.40643516270033997
2021-05-25,90+,0.19511089525659706
2021-05-26,0-19,0.00018588712610420995
2021-05-26,20-39,0.0024326967372768345
2021-05-26,40-59,0.043400602920852495
2021-05-26,60-79,0.35316937550007677
2021-05-26,80-89,0.4059774834115945
2021-05-26,90+,0.19483395430409517
2021-05-27,0-19,0.0001856665428889714
2021-05-27,20-39,0.0024378824327160593
2021-05-27,40-59,0.04337331891054102
2021-05-27,60-79,0.35336379340964497
2021-05-27,80-89,0.4058267004633591
2021-05-27,90+,0.19481263824084988
2021-05-28,0-19,0.00018544797781074631
2021-05-28,20-39,0.002443075533767658
2021-05-28,40-59,0.0434190156743856
2021-05-28,60-79,0.3534315938850545
2021-05-28,80-89,0.40571986067212795
2021-05-28,90+,0.1948010062568535
2021-05-29,0-19,0.00019336282116356077
2021-05-29,20-39,0.002449262401405103
2021-05-29,40-59,0.04342606691964969
2021-05-29,60-79,0.35347529387120424
2021-05-29,80-89,0.40569936915379595
2021-05-29,90+,0.19475664483278143
2021-05-30,0-19,0.00019331453886427708
2021-05-30,20-39,0.0024567055980668547
2021-05-30,40-59,0.0434393878372936
2021-05-30,60-79,0.3534595247684253
2021-05-30,80-89,0.4056705598066855
2021-05-30,90+,0.19478050745066453
2021-05-31,0-19,0.00019309523617961076
2021-05-31,20-39,0.00245391862644922
2021-05-31,40-59,0.04351883885397977
2021-05-31,60-79,0.35355737744486726
2021-05-31,80-89,0.40549999597718256
2021-05-31,90+,0.19477677386134154
2021-06-01,0-19,0.00020098078623683575
2021-06-01,20-39,0.0024680440549883433
2021-06-01,40-59,0.043556555993247044
2021-06-01,60-79,0.3536859876195836
2021-06-01,80-89,0.40540236353404613
2021-06-01,90+,0.19468606801189806
2021-06-02,0-19,0.00019284233532068074
2021-06-02,20-39,0.002466774872643708
2021-06-02,40-59,0.04355826249055876
2021-06-02,60-79,0.3538014045350089
2021-06-02,80-89,0.40533048355215584
2021-06-02,90+,0.1946502322143121
2021-06-03,0-19,0.00019277727798483485
2021-06-03,20-39,0.0024739750674720473
2021-06-03,40-59,0.04355160005140728
2021-06-03,60-79,0.3538185965814163
2021-06-03,80-89,0.40532225934969796
2021-06-03,90+,0.19464079167202158
2021-06-04,0-19,0.00019266430652891168
2021-06-04,20-39,0.002480552946559738
2021-06-04,40-59,0.04358227167272757
2021-06-04,60-79,0.3539484141319269
2021-06-04,80-89,0.4052131750274948
2021-06-04,90+,0.1945829219147621
2021-06-05,0-19,0.00019258391442854736
2021-06-05,20-39,0.0024795178982675472
2021-06-05,40-59,0.04361223228829812
2021-06-05,60-79,0.35400935636850933
2021-06-05,80-89,0.4051644586385922
2021-06-05,90+,0.19454185089190426
2021-06-06,0-19,0.00019251285424370522
2021-06-06,20-39,0.002478602998387705
2021-06-06,40-59,0.043620204224052876
2021-06-06,60-79,0.35409530990558846
2021-06-06,80-89,0.4051112162801704
2021-06-06,90+,0.19450215373755686
2021-06-07,0-19,0.00018430225569934693
2021-06-07,20-39,0.0024920870227172565
2021-06-07,40-59,0.04365559517608879
2021-06-07,60-79,0.35422092231259267
2021-06-07,80-89,0.4050002003285388
2021-06-07,90+,0.19444689290436315
2021-06-08,0-19,0.0001842004100461302
2021-06-08,20-39,0.002490709892362891
2021-06-08,40-59,0.043655497180932853
2021-06-08,60-79,0.3542734495130702
2021-06-08,80-89,0.40498462327011786
2021-06-08,90+,0.19441151973347
2021-06-09,0-19,0.0001759268144451908
2021-06-09,20-39,0.0024949620957681606
2021-06-09,40-59,0.043645843329175066
2021-06-09,60-79,0.35435658765953365
2021-06-09,80-89,0.40493554681252597
2021-06-09,90+,0.19439113328855195
2021-06-10,0-19,0.000215779042260725
2021-06-10,20-39,0.002501438526948405
2021-06-10,40-59,0.04370724378236686
2021-06-10,60-79,0.35438111373953074
2021-06-10,80-89,0.4048414423630203
2021-06-10,90+,0.19435298254587302
2021-06-11,0-19,0.00021569974595363255
2021-06-11,20-39,0.0025005192771661846
2021-06-11,40-59,0.043723137392749294
2021-06-11,60-79,0.354370715963379
2021-06-11,80-89,0.4048364676370492
2021-06-11,90+,0.19435345998370268
2021-06-12,0-19,0.0001746489159859328
2021-06-12,20-39,0.0025165321076154865
2021-06-12,40-59,0.0440829741122675
2021-06-12,60-79,0.3552597108766582
2021-06-12,80-89,0.404121714417268
2021-06-12,90+,0.1938444195702049
2021-06-13,0-19,0.00017462396317021868
2021-06-13,20-39,0.0025161725602254235
2021-06-13,40-59,0.044076675794737466
2021-06-13,60-79,0.35528832797555265
2021-06-13,80-89,0.40410366313450014
2021-06-13,90+,0.1938405365718141
2021-06-14,0-19,0.00017455884219880666
2021-06-14,20-39,0.002523168719055478
2021-06-14,40-59,0.044099911133680336
2021-06-14,60-79,0.3553065888028437
2021-06-14,80-89,0.40407198171892855
2021-06-14,90+,0.19382379078329312
2021-06-15,0-19,0.00021412766767385977
2021-06-15,20-39,0.0025219480859365708
2021-06-15,40-59,0.04412616084953169
2021-06-15,60-79,0.3553726217950243
2021-06-15,80-89,0.40396374104827387
2021-06-15,90+,0.19380140055355968
2021-06-16,0-19,0.00021403939910420548
2021-06-16,20-39,0.0025367632486424352
2021-06-16,40-59,0.04415553529668239
2021-06-16,60-79,0.3553926037496532
2021-06-16,80-89,0.4039082008799397
2021-06-16,90+,0.19379285742597804
2021-06-17,0-19,0.00021394272673967132
2021-06-17,20-39,0.002551465111487932
2021-06-17,40-59,0.044191058778783224
2021-06-17,60-79,0.3554143357474525
2021-06-17,80-89,0.4038763252563351
2021-06-17,90+,0.1937528723792016
2021-06-18,0-19,0.00021386477409543123
2021-06-18,20-39,0.0025505354540269944
2021-06-18,40-59,0.04424624548507699
2021-06-18,60-79,0.35537196628857487
2021-06-18,80-89,0.40384006083264684
2021-06-18,90+,0.19377732716557886
2021-06-19,0-19,0.00021382412569690825
2021-06-19,20-39,0.0025500506842372024
2021-06-19,40-59,0.04426159401926001
2021-06-19,60-79,0.35537569690826154
2021-06-19,80-89,0.4038187404967055
2021-06-19,90+,0.19378009376583882
2021-06-20,0-19,0.00021380888653083205
2021-06-20,20-39,0.0025498689430714042
2021-06-20,40-59,0.04425843951188223
2021-06-20,60-79,0.3553899636524893
2021-06-20,80-89,0.4038137170278981
2021-06-20,90+,0.19377420197812814
2021-06-21,0-19,0.00021373272327153555
2021-06-21,20-39,0.002548960625682757
2021-06-21,40-59,0.04425058974399569
2021-06-21,60-79,0.35541377072020014
2021-06-21,80-89,0.4037965264474455
2021-06-21,90+,0.1937764197394044
2021-06-22,0-19,0.00022950663986451194
2021-06-22,20-39,0.002564143148831099
2021-06-22,40-59,0.04426312540559363
2021-06-22,60-79,0.3554108168853575
2021-06-22,80-89,0.40378131974231946
2021-06-22,90+,0.19375108817803385
2021-06-23,0-19,0.00022943037974683544
2021-06-23,20-39,0.0025712025316455694
2021-06-23,40-59,0.044264240506329114
2021-06-23,60-79,0.3554113924050633
2021-06-23,80-89,0.40378955696202534
2021-06-23,90+,0.19373417721518987
2021-06-24,0-19,0.00022935598421398122
2021-06-24,20-39,0.002554551134521239
2021-06-24,40-59,0.04427361378034024
2021-06-24,60-79,0.355438504915336
2021-06-24,80-89,0.40378516462223485
2021-06-24,90+,0.19371880956335366
2021-06-25,0-19,0.00022931427125506072
2021-06-25,20-39,0.002546179149797571
2021-06-25,40-59,0.044273469129554655
2021-06-25,60-79,0.35546084261133604
2021-06-25,80-89,0.4037433577935223
2021-06-25,90+,0.1937468370445344
2021-06-26,0-19,0.00023714477688628908
2021-06-26,20-39,0.002537449112683293
2021-06-26,40-59,0.04429073949646259
2021-06-26,60-79,0.3554958302043397
2021-06-26,80-89,0.4036994585194261
2021-06-26,90+,0.19373937789020196
2021-06-27,0-19,0.00023713352989068143
2021-06-27,20-39,0.0025373287698302912
2021-06-27,40-59,0.044296543383579294
2021-06-27,60-79,0.3554947791101169
2021-06-27,80-89,0.40368821683489975
2021-06-27,90+,0.1937459983716831
2021-06-28,0-19,0.00023710354311727932
2021-06-28,20-39,0.0025370079113548887
2021-06-28,40-59,0.04429094185430778
2021-06-28,60-79,0.35552095600148587
2021-06-28,80-89,0.40366878215716806
2021-06-28,90+,0.19374520853256616
2021-06-29,0-19,0.00023706607031379645
2021-06-29,20-39,0.002536606952357622
2021-06-29,40-59,0.04431555074399235
2021-06-29,60-79,0.35550427904256915
2021-06-29,80-89,0.4036840067326764
2021-06-29,90+,0.19372249045809067
2021-06-30,0-19,0.0002290498380854593
2021-06-30,20-39,0.0025511413000552877
2021-06-30,40-59,0.04435668588579101
2021-06-30,60-79,0.3555406366005845
2021-06-30,80-89,0.4036253060579733
2021-06-30,90+,0.19369718031751046
2021-07-01,0-19,0.0002290100448543812
2021-07-01,20-39,0.002550698085791901
2021-07-01,40-59,0.04434897972076568
2021-07-01,60-79,0.3555499399835744
2021-07-01,80-89,0.4036183587086992
2021-07-01,90+,0.19370301345631435
2021-07-02,0-19,0.00022897026544759739
2021-07-02,20-39,0.00255025502550255
2021-07-02,40-59,0.044341276232886445
2021-07-02,60-79,0.355582926713724
2021-07-02,80-89,0.4036035182465615
2021-07-02,90+,0.1936930535158779
2021-07-03,0-19,0.00023682278550960317
2021-07-03,20-39,0.0025576860835037143
2021-07-03,40-59,0.04434111954024803
2021-07-03,60-79,0.3555657301641182
2021-07-03,80-89,0.40360917925116635
2021-07-03,90+,0.1936894621754541
2021-07-04,0-19,0.00023681156903451923
2021-07-04,20-39,0.002573352383508442
2021-07-04,40-59,0.04434691316119763
2021-07-04,60-79,0.3555409960294594
2021-07-04,80-89,0.40360585082449896
2021-07-04,90+,0.1936960760323011
2021-07-05,0-19,0.0002209805221454052
2021-07-05,20-39,0.002580736812198125
2021-07-05,40-59,0.04430659469015374
2021-07-05,60-79,0.35556555229346215
2021-07-05,80-89,0.40362092369858255
2021-07-05,90+,0.19370521198345803
2021-07-06,0-19,0.00022096133965703642
2021-07-06,20-39,0.0025805127881375328
2021-07-06,40-59,0.04435009745973374
2021-07-06,60-79,0.35553468698458796
2021-07-06,80-89,0.4036174527892423
2021-07-06,90+,0.1936962886386414
2021-07-07,0-19,0.0002208950984955466
2021-07-07,20-39,0.002579739186001562
2021-07-07,40-59,0.044368358354962646
2021-07-07,60-79,0.35554643924990337
2021-07-07,80-89,0.40362267961532694
2021-07-07,90+,0.19366188849530994
2021-07-08,0-19,0.0002208602506763845
2021-07-08,20-39,0.0025793322132563476
2021-07-08,40-59,0.044408686118144455
2021-07-08,60-79,0.3555376763924056
2021-07-08,80-89,0.40359055664671034
2021-07-08,90+,0.19366288837880688
2021-07-09,0-19,0.0002208341220266263
2021-07-09,20-39,0.0025790270679538142
2021-07-09,40-59,0.04443498012492902
2021-07-09,60-79,0.3555587103287274
2021-07-09,80-89,0.40357435800365954
2021-07-09,90+,0.19363209035270365
2021-07-10,0-19,0.00022079929344226098
2021-07-10,20-39,0.002578620319843548
2021-07-10,40-59,0.044451629183358043
2021-07-10,60-79,0.3555341765763492
2021-07-10,80-89,0.4035659085890925
2021-07-10,90+,0.1936488660379144
2021-07-11,0-19,0.0002207923290436538
2021-07-11,20-39,0.002578538985616957
2021-07-11,40-59,0.044450227100681305
2021-07-11,60-79,0.3555387332828665
2021-07-11,80-89,0.4035610648498612
2021-07-11,90+,0.19365064345193037
2021-07-12,0-19,0.00022071227002569722
2021-07-12,20-39,0.002585486591729596
2021-07-12,40-59,0.04446563982910564
2021-07-12,60-79,0.3555438192681812
2021-07-12,80-89,0.40354085541769796
2021-07-12,90+,0.19364348662325992
2021-07-13,0-19,0.00022063574614281437
2021-07-13,20-39,0.002592470017178069
2021-07-13,40-59,0.044465982695853626
2021-07-13,60-79,0.3555623847572219
2021-07-13,80-89,0.4035348998471309
2021-07-13,90+,0.19362362693647267
2021-07-14,0-19,0.00022042557881395294
2021-07-14,20-39,0.002582128208963449
2021-07-14,40-59,0.044557456288820484
2021-07-14,60-79,0.35562518204791105
2021-07-14,80-89,0.4034654049926394
2021-07-14,90+,0.1935494028828517
2021-07-15,0-19,0.00022034578549337783
2021-07-15,20-39,0.00258119348720814
2021-07-15,40-59,0.04458854359305281
2021-07-15,60-79,0.35562235880163373
2021-07-15,80-89,0.4034688722230529
2021-07-15,90+,0.19351868610955908
2021-07-16,0-19,0.00022030764388842992
2021-07-16,20-39,0.0025728785554113066
2021-07-16,40-59,0.044596561627129314
2021-07-16,60-79,0.355631614146898
2021-07-16,80-89,0.403454109130965
2021-07-16,90+,0.19352452889570793
2021-07-17,0-19,0.00022047764907832468
2021-07-17,20-39,0.0025748639731647204
2021-07-17,40-59,0.044473491499799206
2021-07-17,60-79,0.35552020913879856
2021-07-17,80-89,0.40356858823436775
2021-07-17,90+,0.19364236950479144
2021-07-18,0-19,0.00022046723305748682
2021-07-18,20-39,0.002574742328921364
2021-07-18,40-59,0.044471390439595915
2021-07-18,60-79,0.3555270347944537
2021-07-18,80-89,0.40356527011172966
2021-07-18,90+,0.19364109509224192
2021-07-19,0-19,0.00022044293283576214
2021-07-19,20-39,0.002574458537046222
2021-07-19,40-59,0.04446648873772802
2021-07-19,60-79,0.3555350858546494
2021-07-19,80-89,0.4035680263271845
2021-07-19,90+,0.19363549761055607
2021-07-20,0-19,0.000220416902827634
2021-07-20,20-39,0.002574154543737011
2021-07-20,40-59,0.044476982177719
2021-07-20,60-79,0.3555245922287298
2021-07-20,80-89,0.4035439889161786
2021-07-20,90+,0.193659865230808
2021-07-21,0-19,0.00022040128777323857
2021-07-21,20-39,0.0025739721822088933
2021-07-21,40-59,0.04446595980825088
2021-07-21,60-79,0.35549940570367045
2021-07-21,80-89,0.4035468864382365
2021-07-21,90+,0.19369337457986005
2021-07-22,0-19,0.00022033364809568776
2021-07-22,20-39,0.002581051306263771
2021-07-22,40-59,0.044460182562165565
2021-07-22,60-79,0.3554689959080894
2021-07-22,80-89,0.40353320742839155
2021-07-22,90+,0.193736229146994
2021-07-23,0-19,0.0002203041771245584
2021-07-23,20-39,0.002580706074887684
2021-07-23,40-59,0.044477839760183165
2021-07-23,60-79,0.35546865779680087
2021-07-23,80-89,0.40351070442260634
2021-07-23,90+,0.19374178776839737
2021-07-24,0-19,0.00022029897718332022
2021-07-24,20-39,0.002572777340676633
2021-07-24,40-59,0.044492525570416996
2021-07-24,60-79,0.35547600314712824
2021-07-24,80-89,0.40350118017309206
2021-07-24,90+,0.19373721479150274
2021-07-25,0-19,0.00022815961732124875
2021-07-25,20-39,0.0025726963746223563
2021-07-25,40-59,0.044498992950654584
2021-07-25,60-79,0.35546481621349446
2021-07-25,80-89,0.40349634944612284
2021-07-25,90+,0.1937389853977845
2021-07-26,0-19,0.0002281201327816497
2021-07-26,20-39,0.0025722511523999813
2021-07-26,40-59,0.04450702452684738
2021-07-26,60-79,0.3554740965656121
2021-07-26,80-89,0.40349731762188695
2021-07-26,90+,0.19372119000047197
2021-07-27,0-19,0.00023595664689874313
2021-07-27,20-39,0.0025640622296330086
2021-07-27,40-59,0.04452501926979283
2021-07-27,60-79,0.3555001494392097
2021-07-27,80-89,0.4034308096459077
2021-07-27,90+,0.193744002768558
2021-07-28,0-19,0.00023580827215418716
2021-07-28,20-39,0.002562449890742167
2021-07-28,40-59,0.044520601782710535
2021-07-28,60-79,0.3555910141327758
2021-07-28,80-89,0.4034522331043373
2021-07-28,90+,0.19363789281728003
2021-07-29,0-19,0.00023576750180755084
2021-07-29,20-39,0.0025698657697023042
2021-07-29,40-59,0.04452076325799252
2021-07-29,60-79,0.3555688283926943
2021-07-29,80-89,0.4034217723429003
2021-07-29,90+,0.19368300273490302
2021-07-30,0-19,0.00023573785950023574
2021-07-30,20-39,0.0025774005972025774
2021-07-30,40-59,0.04452302373094452
2021-07-30,60-79,0.35557127141285555
2021-07-30,80-89,0.40341819896275344
2021-07-30,90+,0.19367436743674368
2021-07-31,0-19,0.00023573785950023574
2021-07-31,20-39,0.0025774005972025774
2021-07-31,40-59,0.04452302373094452
2021-07-31,60-79,0.35557127141285555
2021-07-31,80-89,0.40341819896275344
2021-07-31,90+,0.19367436743674368
2021-08-01,0-19,0.00023570081709616594
2021-08-01,20-39,0.002576995600251414
2021-08-01,40-59,0.04451602765556254
2021-08-01,60-79,0.35558610936517915
2021-08-01,80-89,0.403401948460088
2021-08-01,90+,0.19368321810182276
2021-08-02,0-19,0.0002356711915535445
2021-08-02,20-39,0.002576671694318753
2021-08-02,40-59,0.04451043237807944
2021-08-02,60-79,0.35558854952237307
2021-08-02,80-89,0.403390522875817
2021-08-02,90+,0.19369815233785823
2021-08-03,0-19,0.00023564342437024295
2021-08-03,20-39,0.0025763681064479896
2021-08-03,40-59,0.044544461986788256
2021-08-03,60-79,0.3556016369363213
2021-08-03,80-89,0.40335084949454486
2021-08-03,90+,0.19369104005152737
2021-08-04,0-19,0.00023558420957571285
2021-08-04,20-39,0.002583573498346984
2021-08-04,40-59,0.0445489740307673
2021-08-04,60-79,0.3556065115475527
2021-08-04,80-89,0.4033515780215638
2021-08-04,90+,0.19367377869219352
2021-08-05,0-19,0.00023559345992555246
2021-08-05,20-39,0.002591528059181077
2021-08-05,40-59,0.04454287015659112
2021-08-05,60-79,0.3555733559503055
2021-08-05,80-89,0.4033595627385384
2021-08-05,90+,0.1936970896354584
2021-08-06,0-19,0.00023559160979746974
2021-08-06,20-39,0.002599360761432083
2021-08-06,40-59,0.04455037341270153
2021-08-06,60-79,0.35552344529170166
2021-08-06,80-89,0.40340351345620745
2021-08-06,90+,0.1936877154681598
2021-08-07,0-19,0.00024335102207429272
2021-08-07,20-39,0.0025905108801456966
2021-08-07,40-59,0.04456463717147612
2021-08-07,60-79,0.3555829434483625
2021-08-07,80-89,0.40338179420353565
2021-08-07,90+,0.19363676327440577
2021-08-08,0-19,0.00024333383046696547
2021-08-08,20-39,0.002590327872712858
2021-08-08,40-59,0.04456148888906332
2021-08-08,60-79,0.3555892210962582
2021-08-08,80-89,0.40336899613020716
2021-08-08,90+,0.19364663218129155
2021-08-09,0-19,0.00024329563559022738
2021-08-09,20-39,0.002589921282089517
2021-08-09,40-59,0.04457803903717714
2021-08-09,60-79,0.355580495538272
2021-08-09,80-89,0.40336846731597825
2021-08-09,90+,0.1936397811908929
2021-08-10,0-19,0.00024324027431225773
2021-08-10,20-39,0.002589331952356292
2021-08-10,40-59,0.04459143480376002
2021-08-10,60-79,0.35560943458405914
2021-08-10,80-89,0.4033551464934168
2021-08-10,90+,0.19361141189209546
2021-08-11,0-19,0.00024318684594505546
2021-08-11,20-39,0.0025887631987699454
2021-08-11,40-59,0.04461301912546872
2021-08-11,60-79,0.3555862371934669
2021-08-11,80-89,0.40335284057925536
2021-08-11,90+,0.193615953057094
2021-08-12,0-19,0.00024316014056224898
2021-08-12,20-39,0.0025884789156626507
2021-08-12,40-59,0.0446238077309237
2021-08-12,60-79,0.3555785642570281
2021-08-12,80-89,0.40334776606425704
2021-08-12,90+,0.19361822289156627
2021-08-13,0-19,0.00024310102808208973
2021-08-13,20-39,0.0025878496537770843
2021-08-13,40-59,0.04464432751197861
2021-08-13,60-79,0.35558622636626697
2021-08-13,80-89,0.4033516574000737
2021-08-13,90+,0.19358683803982152
2021-08-14,0-19,0.00024303813346713497
2021-08-14,20-39,0.0025950200702458603
2021-08-14,40-59,0.044664136979428
2021-08-14,60-79,0.3556039889613648
2021-08-14,80-89,0.4033100225790266
2021-08-14,90+,0.19358379327646763
2021-08-15,0-19,0.00024301527076604683
2021-08-15,20-39,0.0025947759555987582
2021-08-15,40-59,0.044652096202690415
2021-08-15,60-79,0.3556175723558371
2021-08-15,80-89,0.4032956006396789
2021-08-15,90+,0.1935969395754288
2021-08-16,0-19,0.00024298288930169854
2021-08-16,20-39,0.002602268362843997
2021-08-16,40-59,0.04466182268519607
2021-08-16,60-79,0.3556015394141761
2021-08-16,80-89,0.40328105282134485
2021-08-16,90+,0.19361033382713727
2021-08-17,0-19,0.00024287818483813343
2021-08-17,20-39,0.0026089817919709175
2021-08-17,40-59,0.04469742079037262
2021-08-17,60-79,0.3556128365038077
2021-08-17,80-89,0.40324829985270616
2021-08-17,90+,0.19358958287630448
2021-08-18,0-19,0.00024274695587486785
2021-08-18,20-39,0.0026075721389139032
2021-08-18,40-59,0.044704592615794216
2021-08-18,60-79,0.3556477819975725
2021-08-18,80-89,0.4032105242551192
2021-08-18,90+,0.19358678203672527
2021-08-19,0-19,0.00024267284569138276
2021-08-19,20-39,0.0026146042084168337
2021-08-19,40-59,0.04473008517034068
2021-08-19,60-79,0.35564096943887774
2021-08-19,80-89,0.4032126753507014
2021-08-19,90+,0.19355899298597196
2021-08-20,0-19,0.00024256651017214397
2021-08-20,20-39,0.0026134585289514867
2021-08-20,40-59,0.0447339593114241
2021-08-20,60-79,0.35570422535211266
2021-08-20,80-89,0.4031533646322379
2021-08-20,90+,0.19355242566510172
2021-08-21,0-19,0.0002425114801805537
2021-08-21,20-39,0.0026285115271182597
2021-08-21,40-59,0.04474727956879894
2021-08-21,60-79,0.3557174037190309
2021-08-21,80-89,0.40313230956981594
2021-08-21,90+,0.19353198413505543
2021-08-22,0-19,0.0002424413057419486
2021-08-22,20-39,0.002627750926751443
2021-08-22,40-59,0.04476561400215851
2021-08-22,60-79,0.35571614033441257
2021-08-22,80-89,0.4031251466378865
2021-08-22,90+,0.19352290679304898
2021-08-23,0-19,0.00024237875198398736
2021-08-23,20-39,0.0026270729247296694
2021-08-23,40-59,0.04479315710052463
2021-08-23,60-79,0.35572600254888626
2021-08-23,80-89,0.40308368321878985
2021-08-23,90+,0.19352770545508566
2021-08-24,0-19,0.00024231054832532146
2021-08-24,20-39,0.0026341501543752687
2021-08-24,40-59,0.04480400203228202
2021-08-24,60-79,0.35573533434947435
2021-08-24,80-89,0.403071872435221
2021-08-24,90+,0.19351233048032204
2021-08-25,0-19,0.0002421875
2021-08-25,20-39,0.0026328125
2021-08-25,40-59,0.0448125
2021-08-25,60-79,0.35571875
2021-08-25,80-89,0.4030703125
2021-08-25,90+,0.1935234375
2021-08-26,0-19,0.000242100495134561
2021-08-26,20-39,0.0026318666729144213
2021-08-26,40-59,0.04481983037345954
2021-08-26,60-79,0.35575496306015025
2021-08-26,80-89,0.40305046623869545
2021-08-26,90+,0.19350077315964576
2021-08-27,0-19,0.00024159672051935502
2021-08-27,20-39,0.0026341835979207095
2021-08-27,40-59,0.04485126214802865
2021-08-27,60-79,0.355638166047088
2021-08-27,80-89,0.40309243802264777
2021-08-27,90+,0.19354235346379556
2021-08-28,0-19,0.0002415063765473937
2021-08-28,20-39,0.0026409890854698858
2021-08-28,40-59,0.044842280755058
2021-08-28,60-79,0.35566098737155366
2021-08-28,80-89,0.40306635192932433
2021-08-28,90+,0.19354788448204674
2021-08-29,0-19,0.00024143866289710818
2021-08-29,20-39,0.0026402486039393443
2021-08-29,40-59,0.044860861235075586
2021-08-29,60-79,0.3556858805112269
2021-08-29,80-89,0.4030390118149178
2021-08-29,90+,0.19353255917194326
2021-08-30,0-19,0.00024128081194884845
2021-08-30,20-39,0.002638522427440633
2021-08-30,40-59,0.04490158077848087
2021-08-30,60-79,0.3557802320965746
2021-08-30,80-89,0.4029156061985819
2021-08-30,90+,0.19352277768697318
2021-08-31,0-19,0.00024105379387567846
2021-08-31,20-39,0.0026438158037977635
2021-08-31,40-59,0.04500707609523957
2021-08-31,60-79,0.3558031756893361
2021-08-31,80-89,0.4028164414239281
2021-08-31,90+,0.1934884371938228
2021-09-01,0-19,0.0002486325211337643
2021-09-01,20-39,0.0026572600696171057
2021-09-01,40-59,0.04504910492292392
2021-09-01,60-79,0.35587083540527104
2021-09-01,80-89,0.40276137493784187
2021-09-01,90+,0.19341279214321233
2021-09-02,0-19,0.0002486325211337643
2021-09-02,20-39,0.0026572600696171057
2021-09-02,40-59,0.04504910492292392
2021-09-02,60-79,0.35587083540527104
2021-09-02,80-89,0.40276137493784187
2021-09-02,90+,0.19341279214321233
2021-09-03,0-19,0.00024064399437979833
2021-09-03,20-39,0.0026781347761622716
2021-09-03,40-59,0.04512463030096025
2021-09-03,60-79,0.3559124676877217
2021-09-03,80-89,0.4026750296923638
2021-09-03,90+,0.19336909354841214
2021-09-04,0-19,0.000240597302205734
2021-09-04,20-39,0.0026853763407478698
2021-09-04,40-59,0.0451158747652236
2021-09-04,60-79,0.3559287831985471
2021-09-04,80-89,0.40268227185942906
2021-09-04,90+,0.1933470965338466
2021-09-05,0-19,0.00024054316197866149
2021-09-05,20-39,0.0026925315227934047
2021-09-05,40-59,0.04512124151309408
2021-09-05,60-79,0.3559262851600388
2021-09-05,80-89,0.40270805043646946
2021-09-05,90+,0.1933113482056256
2021-09-06,0-19,0.00024042749559862568
2021-09-06,20-39,0.002691236805571713
2021-09-06,40-59,0.0451538348185548
2021-09-06,60-79,0.35593351791960415
2021-09-06,80-89,0.40270829940203356
2021-09-06,90+,0.19327268355863716
2021-09-07,0-19,0.00024029703814521693
2021-09-07,20-39,0.0027052795584735713
2021-09-07,40-59,0.0451835946886603
2021-09-07,60-79,0.35597293170138056
2021-09-07,80-89,0.40262156317099074
2021-09-07,90+,0.19327633384234963
2021-09-08,0-19,0.00024019277407157745
2021-09-08,20-39,0.0027041057468058234
2021-09-08,40-59,0.04521047860347272
2021-09-08,60-79,0.35601992825209394
2021-09-08,80-89,0.4025785856519684
2021-09-08,90+,0.19324670897158752
2021-09-09,0-19,0.00025544959128065393
2021-09-09,20-39,0.0027093138469160265
2021-09-09,40-59,0.0452610230369086
2021-09-09,60-79,0.35596513500123855
2021-09-09,80-89,0.4025111468912559
2021-09-09,90+,0.1932979316324003
2021-09-10,0-19,0.00025533297741463755
2021-09-10,20-39,0.0027080770331855495
2021-09-10,40-59,0.04528678535781435
2021-09-10,60-79,0.35598833205666847
2021-09-10,80-89,0.4024976207608923
2021-09-10,90+,0.19326385181402475
2021-09-11,0-19,0.0002552421319679168
2021-09-11,20-39,0.0026993789108122113
2021-09-11,40-59,0.04527840728909652
2021-09-11,60-79,0.356062774095244
2021-09-11,80-89,0.40244723062286814
2021-09-11,90+,0.1932569669500112
2021-09-12,0-19,0.00025518291975657094
2021-09-12,20-39,0.0026987526968194927
2021-09-12,40-59,0.04528336903316605
2021-09-12,60-79,0.35602656995491766
2021-09-12,80-89,0.4024621285348634
2021-09-12,90+,0.1932739968604768
2021-09-13,0-19,0.00025507837862906967
2021-09-13,20-39,0.0026976470951983428
2021-09-13,40-59,0.045326654917601954
2021-09-13,60-79,0.35605849797483224
2021-09-13,80-89,0.4023745478156015
2021-09-13,90+,0.19328757381813685
2021-09-14,0-19,0.00025489908313572216
2021-09-14,20-39,0.0027034751241667506
2021-09-14,40-59,0.045395209442079976
2021-09-14,60-79,0.35606312228204196
2021-09-14,80-89,0.40234661640777675
2021-09-14,90+,0.19323667766079883
2021-09-15,0-19,0.00025472397184142276
2021-09-15,20-39,0.002709336791404224
2021-09-15,40-59,0.045433493886624675
2021-09-15,60-79,0.35611955045078425
2021-09-15,80-89,0.4022631838952698
2021-09-15,90+,0.1932197110040756
2021-09-16,0-19,0.0002545981977533638
2021-09-16,20-39,0.0027079990124675964
2021-09-16,40-59,0.04546506604122948
2021-09-16,60-79,0.35614430317244783
2021-09-16,80-89,0.40219571657820025
2021-09-16,90+,0.1932323169979015
2021-09-17,0-19,0.0002622101228531546
2021-09-17,20-39,0.0027069339153369784
2021-09-17,40-59,0.045478032190148614
2021-09-17,60-79,0.3561661795213894
2021-09-17,80-89,0.40216863195724434
2021-09-17,90+,0.1932180122930275
2021-09-18,0-19,3.8567748106323565e-05
2021-09-18,20-39,0.002368059733728267
2021-09-18,40-59,0.04552536986470434
2021-09-18,60-79,0.3563659925024298
2021-09-18,80-89,0.40236188889403124
2021-09-18,90+,0.19334012125700004
2021-09-19,0-19,3.856269136735591e-05
2021-09-19,20-39,0.002367749249955653
2021-09-19,40-59,0.045519400890026915
2021-09-19,60-79,0.35636554346400945
2021-09-19,80-89,0.4023554091887181
2021-09-19,90+,0.19335333451592254
2021-09-20,0-19,3.856269136735591e-05
2021-09-20,20-39,0.002367749249955653
2021-09-20,40-59,0.045519400890026915
2021-09-20,60-79,0.35636554346400945
2021-09-20,80-89,0.4023554091887181
2021-09-20,90+,0.19335333451592254
2021-09-21,0-19,3.852762816215508e-05
2021-09-21,20-39,0.002365596369156322
2021-09-21,40-59,0.04554736201329974
2021-09-21,60-79,0.35641138260246424
2021-09-21,80-89,0.4022361435385315
2021-09-21,90+,0.19340098784838608
2021-09-22,0-19,0.0002617277108062753
2021-09-22,20-39,0.0027404430896186475
2021-09-22,40-59,0.04551752805875017
2021-09-22,60-79,0.356188320785799
2021-09-22,80-89,0.40199067017689716
2021-09-22,90+,0.1933013101781288
2021-09-23,0-19,0.0002617277108062753
2021-09-23,20-39,0.0027404430896186475
2021-09-23,40-59,0.04551752805875017
2021-09-23,60-79,0.356188320785799
2021-09-23,80-89,0.40199067017689716
2021-09-23,90+,0.1933013101781288
2021-09-24,0-19,0.00026143388798326823
2021-09-24,20-39,0.002791191215821364
2021-09-24,40-59,0.045558699597084244
2021-09-24,60-79,0.35618829391320395
2021-09-24,80-89,0.40189308891827885
2021-09-24,90+,0.19330729246762834
2021-09-25,0-19,0.00026137560443108526
2021-09-25,20-39,0.002790568953190704
2021-09-25,40-59,0.04556391786656007
2021-09-25,60-79,0.35618576117957274
2021-09-25,80-89,0.4018957418839031
2021-09-25,90+,0.1933026345123423
2021-09-26,0-19,0.0002613193553097787
2021-09-26,20-39,0.002789968411101461
2021-09-26,40-59,0.045561798184599066
2021-09-26,60-79,0.35619365301401135
2021-09-26,80-89,0.4019014826030482
2021-09-26,90+,0.19329177843193016
2021-09-27,0-19,0.0002688956838401377
2021-09-27,20-39,0.002788832378113428
2021-09-27,40-59,0.04561239071311135
2021-09-27,60-79,0.3561869055484704
2021-09-27,80-89,0.40189148906746974
2021-09-27,90+,0.19325148660899494
2021-09-28,0-19,0.00026878210986276755
2021-09-28,20-39,0.0027799749648663385
2021-09-28,40-59,0.045616163788138264
2021-09-28,60-79,0.35619005199013953
2021-09-28,80-89,0.4019444465776358
2021-09-28,90+,0.1932005805693573
2021-09-29,0-19,0.0002687036965951403
2021-09-29,20-39,0.0027791639476411655
2021-09-29,40-59,0.045648919427277265
2021-09-29,60-79,0.35618594295804384
2021-09-29,80-89,0.4019193121185367
2021-09-29,90+,0.19319795785190588
2021-09-30,0-19,0.00026861502095197165
2021-09-30,20-39,0.002778246788131821
2021-09-30,40-59,0.045656878846950834
2021-09-30,60-79,0.35616049363766134
2021-09-30,80-89,0.40193249320787733
2021-09-30,90+,0.19320327249842667
2021-10-01,0-19,0.0002608782389184295
2021-10-01,20-39,0.002777585955543279
2021-10-01,40-59,0.04568438336824498
2021-10-01,60-79,0.3561141419024162
2021-10-01,80-89,0.4019596559476402
2021-10-01,90+,0.19320335458723692
2021-10-02,0-19,0.00026081019921296686
2021-10-02,20-39,0.0027768615327968824
2021-10-02,40-59,0.04568013930332993
2021-10-02,60-79,0.35612098524888197
2021-10-02,80-89,0.4019392005400305
2021-10-02,90+,0.19322200317574773
2021-10-03,0-19,0.00026078219317824465
2021-10-03,20-39,0.0027842334154030237
2021-10-03,40-59,0.045675234128719024
2021-10-03,60-79,0.3561441051719245
2021-10-03,80-89,0.4019267202037169
2021-10-03,90+,0.1932089248870583
2021-10-04,0-19,0.00026833905789990187
2021-10-04,20-39,0.002783059371933268
2021-10-04,40-59,0.04568664131501472
2021-10-04,60-79,0.35620859911678115
2021-10-04,80-89,0.40187990677134444
2021-10-04,90+,0.1931734543670265
2021-10-05,0-19,0.0002682691275887971
2021-10-05,20-39,0.0027899989269234895
2021-10-05,40-59,0.04569006484448056
2021-10-05,60-79,0.3561847531157543
2021-10-05,80-89,0.4018594882958012
2021-10-05,90+,0.19320742568945165
2021-10-06,0-19,0.0002681869032841402
2021-10-06,20-39,0.002789143794155058
2021-10-06,40-59,0.04571437328551944
2021-10-06,60-79,0.35621350742494595
2021-10-06,80-89,0.40182060594915175
2021-10-06,90+,0.1931941826429436
2021-10-07,0-19,0.0002680862471755199
2021-10-07,20-39,0.0027880969706254068
2021-10-07,40-59,0.04574317337520585
2021-10-07,60-79,0.3561870476044579
2021-10-07,80-89,0.40174639041017196
2021-10-07,90+,0.19326720539236336
2021-10-08,0-19,0.00026803286848775857
2021-10-08,20-39,0.002795199914229482
2021-10-08,40-59,0.04574938160988199
2021-10-08,60-79,0.35618504989240396
2021-10-08,80-89,0.40172766328945253
2021-10-08,90+,0.1932746724255443
2021-10-09,0-19,0.0002678421109019392
2021-10-09,20-39,0.0027932105851202226
2021-10-09,40-59,0.045747432542051214
2021-10-09,60-79,0.3561993969726189
2021-10-09,80-89,0.40174786108942867
2021-10-09,90+,0.1932442566998791
2021-10-10,0-19,0.0002678052214366602
2021-10-10,20-39,0.0027928258806965995
2021-10-10,40-59,0.045764086554647566
2021-10-10,60-79,0.3561962476662688
2021-10-10,80-89,0.401723135310501
2021-10-10,90+,0.19325589936644935
2021-10-11,0-19,0.00026771918552174643
2021-10-11,20-39,0.0027995777685988345
2021-10-11,40-59,0.04575703336545964
2021-10-11,60-79,0.3562271482552358
2021-10-11,80-89,0.4016705677176557
2021-10-11,90+,0.19327795370752826
2021-10-12,0-19,0.0002676618589498478
2021-10-12,20-39,0.00279897829644698
2021-10-12,40-59,0.045754882917055414
2021-10-12,60-79,0.3561891069270889
2021-10-12,80-89,0.4016839754668788
2021-10-12,90+,0.1933053945335801
2021-10-13,0-19,0.0002675370538819627
2021-10-13,20-39,0.0027976731920228096
2021-10-13,40-59,0.04576412404546601
2021-10-13,60-79,0.3561376822118435
2021-10-13,80-89,0.4016648448667283
2021-10-13,90+,0.19336813863005742
2021-10-14,0-19,0.000267549324629062
2021-10-14,20-39,0.0027978015089781907
2021-10-14,40-59,0.04575857877798757
2021-10-14,60-79,0.35616166094620727
2021-10-14,80-89,0.4016756231988197
2021-10-14,90+,0.19333878624337816
2021-10-15,0-19,0.0002675513698630137
2021-10-15,20-39,0.0027978228962818002
2021-10-15,40-59,0.0457665728962818
2021-10-15,60-79,0.35622553816046965
2021-10-15,80-89,0.40168633806262233
2021-10-15,90+,0.1932561766144814
2021-10-16,0-19,0.00026753091893048784
2021-10-16,20-39,0.0027976090379588157
2021-10-16,40-59,0.04577071835873603
2021-10-16,60-79,0.3562365279072967
2021-10-16,80-89,0.4016709216822344
2021-10-16,90+,0.19325669209484353
2021-10-17,0-19,0.0002676066030017815
2021-10-17,20-39,0.002798400477104344
2021-10-17,40-59,0.045776020919190454
2021-10-17,60-79,0.3562073263041999
2021-10-17,80-89,0.4016622192997882
2021-10-17,90+,0.1932884263967153
2021-10-18,0-19,0.00026741440828831857
2021-10-18,20-39,0.002796390669529274
2021-10-18,40-59,0.04577370628729476
2021-10-18,60-79,0.3562189130750365
2021-10-18,80-89,0.4016793624840506
2021-10-18,90+,0.19326421307580052
2021-10-19,0-19,0.00026732862325759023
2021-10-19,20-39,0.0027954936032079437
2021-10-19,40-59,0.04577429826236395
2021-10-19,60-79,0.3561962955890777
2021-10-19,80-89,0.40168798930685506
2021-10-19,90+,0.19327859461523772
2021-10-20,0-19,0.0002672388122380105
2021-10-20,20-39,0.0028021898311814245
2021-10-20,40-59,0.04579709702295963
2021-10-20,60-79,0.3561835243454558
2021-10-20,80-89,0.4016675701883652
2021-10-20,90+,0.19328237979979995
2021-10-21,0-19,0.0002671612967246025
2021-10-21,20-39,0.002809010205561535
2021-10-21,40-59,0.04579907943850329
2021-10-21,60-79,0.35616417443342724
2021-10-21,80-89,0.4016655598555802
2021-10-21,90+,0.1932950147702031
2021-10-22,0-19,0.00026708586428985683
2021-10-22,20-39,0.0028082170873904946
2021-10-22,40-59,0.045809041238057444
2021-10-22,60-79,0.3561399224687891
2021-10-22,80-89,0.4016437227190867
2021-10-22,90+,0.19333201062238636
2021-10-23,0-19,0.0002670389953230027
2021-10-23,20-39,0.002807724293681857
2021-10-23,40-59,0.04583152128300793
2021-10-23,60-79,0.3561537229050791
2021-10-23,80-89,0.4016190192802155
2021-10-23,90+,0.19332097324269268
2021-10-24,0-19,0.0002669025576890814
2021-10-24,20-39,0.0028062897494166273
2021-10-24,40-59,0.045830982048896546
2021-10-24,60-79,0.3561700245550353
2021-10-24,80-89,0.4015892140863544
2021-10-24,90+,0.19333658700260803
2021-10-25,0-19,0.00026683540829629406
2021-10-25,20-39,0.002813207590323786
2021-10-25,40-59,0.04583469927649485
2021-10-25,60-79,0.35617952686270177
2021-10-25,80-89,0.4015491701418802
2021-10-25,90+,0.19335656072030313
2021-10-26,0-19,0.0002667337311476409
2021-10-26,20-39,0.002812135622670843
2021-10-26,40-59,0.04585533886615301
2021-10-26,60-79,0.35614287782833015
2021-10-26,80-89,0.40153333790591156
2021-10-26,90+,0.19338957604578674
2021-10-27,0-19,0.00026658745210946845
2021-10-27,20-39,0.0028182102080143803
2021-10-27,40-59,0.04589112568455849
2021-10-27,60-79,0.3561532192339038
2021-10-27,80-89,0.4015035532298974
2021-10-27,90+,0.19336730419151643
2021-10-28,0-19,0.0002741311565288904
2021-10-28,20-39,0.0028022296000731017
2021-10-28,40-59,0.045901739209893086
2021-10-28,60-79,0.3561192165940727
2021-10-28,80-89,0.40151838201699613
2021-10-28,90+,0.19338430142243612
2021-10-29,0-19,0.0002664555323781537
2021-10-29,20-39,0.00280920261278682
2021-10-29,40-59,0.04590648172115048
2021-10-29,60-79,0.35607594743974297
2021-10-29,80-89,0.40156371332429924
2021-10-29,90+,0.19337819936964235
2021-10-30,0-19,0.000266354144470488
2021-10-30,20-39,0.002830964049800615
2021-10-30,40-59,0.045942284861952454
2021-10-30,60-79,0.3560317798544945
2021-10-30,80-89,0.40155550820370767
2021-10-30,90+,0.19337310888557427
2021-10-31,0-19,0.0002663136109082055
2021-10-31,20-39,0.0028305332359386415
2021-10-31,40-59,0.04594290236182128
2021-10-31,60-79,0.35601564402240077
2021-10-31,80-89,0.4015552714877039
2021-10-31,90+,0.19338933528122718
2021-11-01,0-19,0.0002738829758906903
2021-11-01,20-39,0.002830124084203799
2021-11-01,40-59,0.0459514770661047
2021-11-01,60-79,0.3560174372161317
2021-11-01,80-89,0.40153526623707614
2021-11-01,90+,0.19339181242059295
2021-11-02,0-19,0.00027378716090319344
2021-11-02,20-39,0.0028291339959996653
2021-11-02,40-59,0.04598103263390854
2021-11-02,60-79,0.35606020275460304
2021-11-02,80-89,0.40148605586779124
2021-11-02,90+,0.19336978758679432
2021-11-03,0-19,0.0002736414840489818
2021-11-03,20-39,0.0028276286685061454
2021-11-03,40-59,0.045994572777233025
2021-11-03,60-79,0.35596956498605187
2021-11-03,80-89,0.40155367553721144
2021-11-03,90+,0.19338091654694853
2021-11-04,0-19,0.0002735167415038862
2021-11-04,20-39,0.0028263396622068243
2021-11-04,40-59,0.04600399638350086
2021-11-04,60-79,0.3559060621946679
2021-11-04,80-89,0.4015605649640249
2021-11-04,90+,0.19342952005409553
2021-11-05,0-19,0.00027343156615524837
2021-11-05,20-39,0.0028254595169375663
2021-11-05,40-59,0.04601245632690263
2021-11-05,60-79,0.355893969314902
2021-11-05,80-89,0.4015494455415464
2021-11-05,90+,0.19344523773355612
2021-11-06,0-19,0.0002733443683467221
2021-11-06,20-39,0.0028169655737953865
2021-11-06,40-59,0.04600537577257748
2021-11-06,60-79,0.3559399249821567
2021-11-06,80-89,0.4014897268074896
2021-11-06,90+,0.19347466249563408
2021-11-07,0-19,0.0002733132397488555
2021-11-07,20-39,0.0028166447763007052
2021-11-07,40-59,0.04600772869105734
2021-11-07,60-79,0.355937350531822
2021-11-07,80-89,0.40148955715663126
2021-11-07,90+,0.19347540560443982
2021-11-08,0-19,0.0002732261173809759
2021-11-08,20-39,0.00281574693189839
2021-11-08,40-59,0.04601583193557935
2021-11-08,60-79,0.3559301451893229
2021-11-08,80-89,0.40150577949134403
2021-11-08,90+,0.1934592703344743
2021-11-09,0-19,0.00027310589681148867
2021-11-09,20-39,0.0028220942670520496
2021-11-09,40-59,0.04605627498729299
2021-11-09,60-79,0.3559100874697497
2021-11-09,80-89,0.4015035996874455
2021-11-09,90+,0.19343483769164826
2021-11-10,0-19,0.0002729568045856743
2021-11-10,20-39,0.002820553647385301
2021-11-10,40-59,0.046114535708057534
2021-11-10,60-79,0.3558750161120336
2021-11-10,80-89,0.40147396674476266
2021-11-10,90+,0.19344297098317526
2021-11-11,0-19,0.0002652499791589302
2021-11-11,20-39,0.0028192283499177727
2021-11-11,40-59,0.04610044637782207
2021-11-11,60-79,0.35584421489795454
2021-11-11,80-89,0.40152026130912233
2021-11-11,90+,0.19345059908602436
2021-11-12,0-19,0.0002651595502894027
2021-11-12,20-39,0.0028182672202187943
2021-11-12,40-59,0.046107457801751565
2021-11-12,60-79,0.3558289645140762
2021-11-12,80-89,0.4014894390739113
2021-11-12,90+,0.19349071183975272
2021-11-13,0-19,0.00025750357854237825
2021-11-13,20-39,0.0028098184599771275
2021-11-13,40-59,0.0460855669244227
2021-11-13,60-79,0.3558017828335997
2021-11-13,80-89,0.40150866802487184
2021-11-13,90+,0.1935366601785863
2021-11-14,0-19,0.0002574548318214172
2021-11-14,20-39,0.002809286547227817
2021-11-14,40-59,0.04609198709696961
2021-11-14,60-79,0.35578743317532674
2021-11-14,80-89,0.40150838242643605
2021-11-14,90+,0.19354545592221836
2021-11-15,0-19,0.00025735739372653504
2021-11-15,20-39,0.0028082233256630736
2021-11-15,40-59,0.046097250817488195
2021-11-15,60-79,0.3557814581567155
2021-11-15,80-89,0.40151538088894273
2021-11-15,90+,0.19354032941746396
2021-11-16,0-19,0.00025711217653019556
2021-11-16,20-39,0.0028131096961539043
2021-11-16,40-59,0.04612894931865273
2021-11-16,60-79,0.35581300382643416
2021-11-16,80-89,0.4014277287920265
2021-11-16,90+,0.1935600961902025
2021-11-17,0-19,0.00025691012679270373
2021-11-17,20-39,0.002826011394719741
2021-11-17,40-59,0.04613048011968989
2021-11-17,60-79,0.3557600761662964
2021-11-17,80-89,0.40145985401459855
2021-11-17,90+,0.19356666817790272
2021-11-18,0-19,0.0002567762497073506
2021-11-18,20-39,0.002832090989419308
2021-11-18,40-59,0.04612909803566169
2021-11-18,60-79,0.35573328499898044
2021-11-18,80-89,0.40142435296161194
2021-11-18,90+,0.19362439676461926
2021-11-19,0-19,0.0002566928896069579
2021-11-19,20-39,0.0028387213674181226
2021-11-19,40-59,0.04610657284793211
2021-11-19,60-79,0.35575369562263126
2021-11-19,80-89,0.401437480181799
2021-11-19,90+,0.19360683709061258
2021-11-20,0-19,0.00025661926757841985
2021-11-20,20-39,0.0028379071943966426
2021-11-20,40-59,0.046093349032394405
2021-11-20,60-79,0.35577242399541104
2021-11-20,80-89,0.4013978202457507
2021-11-20,90+,0.1936418802644688
2021-11-21,0-19,0.0002641190497751215
2021-11-21,20-39,0.002837393220441305
2021-11-21,40-59,0.04610763983217121
2021-11-21,60-79,0.35574572127139364
2021-11-21,80-89,0.40140813184822965
2021-11-21,90+,0.19363699477798907
2021-11-22,0-19,0.0002639596971251018
2021-11-22,20-39,0.002835681317686808
2021-11-22,40-59,0.0461401550574678
2021-11-22,60-79,0.3557271712570515
2021-11-22,80-89,0.40139974056532624
2021-11-22,90+,0.19363329210534255
2021-11-23,0-19,0.0002638065016996676
2021-11-23,20-39,0.0028340355611164293
2021-11-23,40-59,0.04613598848296187
2021-11-23,60-79,0.3557166868918318
2021-11-23,80-89,0.4014305849720742
2021-11-23,90+,0.19361889759031603
2021-11-24,0-19,0.0002636634148178839
2021-11-24,20-39,0.00283249839918641
2021-11-24,40-59,0.046148630833553056
2021-11-24,60-79,0.35567441334890204
2021-11-24,80-89,0.4014463821612867
2021-11-24,90+,0.19363441184225394
2021-11-25,0-19,0.0002635026274976285
2021-11-25,20-39,0.0028458283769743874
2021-11-25,40-59,0.04614307439808471
2021-11-25,60-79,0.35570596118229864
2021-11-25,80-89,0.4013672022043877
2021-11-25,90+,0.19367443121075692
2021-11-26,0-19,0.0002633955448524985
2021-11-26,20-39,0.002844671884406984
2021-11-26,40-59,0.04613937387116195
2021-11-26,60-79,0.3557269717037929
2021-11-26,80-89,0.401369656833233
2021-11-26,90+,0.19365593016255267
2021-11-27,0-19,0.00026331033756385274
2021-11-27,20-39,0.0028437516456896097
2021-11-27,40-59,0.04614701744619065
2021-11-27,60-79,0.35570217343875776
2021-11-27,80-89,0.40139780173483897
2021-11-27,90+,0.19364594539695915
2021-11-28,0-19,0.00026323706377858
2021-11-28,20-39,0.0028429602888086643
2021-11-28,40-59,0.04614921780986763
2021-11-28,60-79,0.35564831528279184
2021-11-28,80-89,0.40141395908543925
2021-11-28,90+,0.19368231046931408
2021-11-29,0-19,0.0002630728411115203
2021-11-29,20-39,0.00284870305089332
2021-11-29,40-59,0.04615800906473847
2021-11-29,60-79,0.3556895139165533
2021-11-29,80-89,0.4013664755004021
2021-11-29,90+,0.19367422562630127
2021-11-30,0-19,0.00026288710125660033
2021-11-30,20-39,0.002846691753607187
2021-11-30,40-59,0.046185508160766726
2021-11-30,60-79,0.355626159519893
2021-11-30,80-89,0.40137602619857743
2021-11-30,90+,0.19370272726589904
2021-12-01,0-19,0.0002626070123575357
2021-12-01,20-39,0.002851161848453245
2021-12-01,40-59,0.046181318887446636
2021-12-01,60-79,0.35562991919207076
2021-12-01,80-89,0.4013610546297616
2021-12-01,90+,0.1937139384299102
2021-12-02,0-19,0.00025498342607730497
2021-12-02,20-39,0.002857314274572153
2021-12-02,40-59,0.04618199817011894
2021-12-02,60-79,0.3555968862023968
2021-12-02,80-89,0.40138890972086816
2021-12-02,90+,0.1937199082059666
2021-12-03,0-19,0.00025487638495329766
2021-12-03,20-39,0.002848618420066268
2021-12-03,40-59,0.04617010749786354
2021-12-03,60-79,0.35560503155969353
2021-12-03,80-89,0.40137783175160047
2021-12-03,90+,0.19374353438582287
2021-12-04,0-19,0.0002547484359195295
2021-12-04,20-39,0.0028471884014535645
2021-12-04,40-59,0.046146929906717114
2021-12-04,60-79,0.35562132394260665
2021-12-04,80-89,0.4013861311954445
2021-12-04,90+,0.19374367811785861
2021-12-05,0-19,0.00025465875726526455
2021-12-05,20-39,0.0028536760740607587
2021-12-05,40-59,0.04614566480915573
2021-12-05,60-79,0.35562346455749294
2021-12-05,80-89,0.40134220145005695
2021-12-05,90+,0.19378033435196837
2021-12-06,0-19,0.00025452340492427926
2021-12-06,20-39,0.0028596453141492557
2021-12-06,40-59,0.04615108209877005
2021-12-06,60-79,0.3556515424866937
2021-12-06,80-89,0.40127860581061964
2021-12-06,90+,0.19380460088484314
2021-12-07,0-19,0.00025432540187153574
2021-12-07,20-39,0.0028649008504940646
2021-12-07,40-59,0.04616754059856231
2021-12-07,60-79,0.35566659435846415
2021-12-07,80-89,0.40119084129346905
2021-12-07,90+,0.19385579749713883
2021-12-08,0-19,0.0002541809020431659
2021-12-08,20-39,0.0028632731024274276
2021-12-08,40-59,0.046156261447485476
2021-12-08,60-79,0.3556364615028072
2021-12-08,80-89,0.401232029784021
2021-12-08,90+,0.19385779326121574
2021-12-09,0-19,0.00025401948478871554
2021-12-09,20-39,0.002868925945849023
2021-12-09,40-59,0.04614936345705577
2021-12-09,60-79,0.3556272787042018
2021-12-09,80-89,0.4012163050624589
2021-12-09,90+,0.19388410734564582
2021-12-10,0-19,0.00025379952823146516
2021-12-10,20-39,0.0028739064226210027
2021-12-10,40-59,0.046139261294079005
2021-12-10,60-79,0.3555955331283031
2021-12-10,80-89,0.40129437759398046
2021-12-10,90+,0.19384312203278492
2021-12-11,0-19,0.0002536688725910783
2021-12-11,20-39,0.0028724269396342692
2021-12-11,40-59,0.04614535226399469
2021-12-11,60-79,0.35562137682511025
2021-12-11,80-89,0.40125939134392274
2021-12-11,90+,0.19384778375474696
2021-12-12,0-19,0.0002535496957403651
2021-12-12,20-39,0.00287853478105238
2021-12-12,40-59,0.04618333134470827
2021-12-12,60-79,0.35558853358787734
2021-12-12,80-89,0.401287137573082
2021-12-12,90+,0.19380891301753966
2021-12-13,0-19,0.00026082031715750565
2021-12-13,20-39,0.002883927506855848
2021-12-13,40-59,0.046172648145940146
2021-12-13,60-79,0.3556545844759747
2021-12-13,80-89,0.40126833194229167
2021-12-13,90+,0.19375968761178014
2021-12-14,0-19,0.0002605659492417531
2021-12-14,20-39,0.0028811149244730985
2021-12-14,40-59,0.04614250724001102
2021-12-14,60-79,0.3557246339048413
2021-12-14,80-89,0.4012790065737067
2021-12-14,90+,0.19371217140772615
2021-12-15,0-19,0.0002602965893709747
2021-12-15,20-39,0.0028781365739019202
2021-12-15,40-59,0.046131992681947315
2021-12-15,60-79,0.35572131903437404
2021-12-15,80-89,0.401302970355937
2021-12-15,90+,0.19370528476446877
2021-12-16,0-19,0.0002526659978449077
2021-12-16,20-39,0.0028759335637052724
2021-12-16,40-59,0.04616356407684019
2021-12-16,60-79,0.3556645487310965
2021-12-16,80-89,0.4013450748708802
2021-12-16,90+,0.1936982127596329
2021-12-17,0-19,0.00025245025245025247
2021-12-17,20-39,0.0028734778734778735
2021-12-17,40-59,0.04616127116127116
2021-12-17,60-79,0.3556652806652807
2021-12-17,80-89,0.4012919512919513
2021-12-17,90+,0.19375556875556876
2021-12-18,0-19,0.00025226107537412544
2021-12-18,20-39,0.002871324593229016
2021-12-18,40-59,0.04613409901989153
2021-12-18,60-79,0.3556955357209102
2021-12-18,80-89,0.4012583375995133
2021-12-18,90+,0.19378844199108183
2021-12-19,0-19,0.0002521469571795138
2021-12-19,20-39,0.0028700256596609366
2021-12-19,40-59,0.04614289316385103
2021-12-19,60-79,0.35572002788448703
2021-12-19,80-89,0.40125480191631685
2021-12-19,90+,0.1937601044185046
2021-12-20,0-19,0.00025923429595668565
2021-12-20,20-39,0.0028663906438639243
2021-12-20,40-59,0.04615851806863043
2021-12-20,60-79,0.35573611430010443
2021-12-20,80-89,0.40125765667009844
2021-12-20,90+,0.19372208602134608
2021-12-21,0-19,0.0002589063794531897
2021-12-21,20-39,0.002870162149366789
2021-12-21,40-59,0.04615930879394011
2021-12-21,60-79,0.355715173393301
2021-12-21,80-89,0.40120872292579
2021-12-21,90+,0.1937877263581489
2021-12-22,0-19,0.0002586824931079593
2021-12-22,20-39,0.0028676802093110915
2021-12-22,40-59,0.04617112955558348
2021-12-22,60-79,0.35569581895181857
2021-12-22,80-89,0.40120915588207035
2021-12-22,90+,0.19379753290810858
2021-12-23,0-19,0.0002583807646594172
2021-12-23,20-39,0.0028643353339386827
2021-12-23,40-59,0.046183716105980405
2021-12-23,60-79,0.3555983729394134
2021-12-23,80-89,0.40123579828582817
2021-12-23,90+,0.19385939657017992
2021-12-24,0-19,0.0002583807646594172
2021-12-24,20-39,0.0028643353339386827
2021-12-24,40-59,0.046183716105980405
2021-12-24,60-79,0.3555983729394134
2021-12-24,80-89,0.40123579828582817
2021-12-24,90+,0.19385939657017992
2021-12-25,0-19,0.0002579256879246562
2021-12-25,20-39,0.002866659788648322
2021-12-25,40-59,0.046190806054621295
2021-12-25,60-79,0.35561319989977747
2021-12-25,80-89,0.4012955238839187
2021-12-25,90+,0.1937758846851096
2021-12-26,0-19,0.00026517188294134544
2021-12-26,20-39,0.0028653295128939827
2021-12-26,40-59,0.046250395916353
2021-12-26,60-79,0.35561022679561877
2021-12-26,80-89,0.40125662008971646
2021-12-26,90+,0.1937522558024764
2021-12-27,0-19,0.0002574968364674377
2021-12-27,20-39,0.0028618934110238073
2021-12-27,40-59,0.046253788882022306
2021-12-27,60-79,0.35560313116153147
2021-12-27,80-89,0.4012609987934434
2021-12-27,90+,0.1937626909155116
2021-12-28,0-19,0.0002571695187990918
2021-12-28,20-39,0.002858255508938478
2021-12-28,40-59,0.04627581798276229
2021-12-28,60-79,0.35560666289484705
2021-12-28,80-89,0.40121384012873174
2021-12-28,90+,0.19378825396592136
2021-12-29,0-19,0.00025689393216532226
2021-12-29,20-39,0.002862532386985019
2021-12-29,40-59,0.04627760692292448
2021-12-29,60-79,0.3556439596896721
2021-12-29,80-89,0.4012022636025337
2021-12-29,90+,0.19375674346571933
2021-12-30,0-19,0.00025667162898482704
2021-12-30,20-39,0.0028600552944023586
2021-12-30,40-59,0.046288894918635096
2021-12-30,60-79,0.3556368756462625
2021-12-30,80-89,0.401163089153057
2021-12-30,90+,0.19379441335865827
2021-12-31,0-19,0.0002564440732111194
2021-12-31,20-39,0.0028648466464442197
2021-12-31,40-59,0.046313799621928164
2021-12-31,60-79,0.35561465980861945
2021-12-31,80-89,0.40115912721091423
2021-12-31,90+,0.1937911226388828
2022-01-01,0-19,0.0002563182447326601
2022-01-01,20-39,0.0028634409625848596
2022-01-01,40-59,0.046313045133981205
2022-01-01,60-79,0.3556671963910391
2022-01-01,80-89,0.4011160828713502
2022-01-01,90+,0.19378391639631196
2022-01-02,0-19,0.00025613254493296643
2022-01-02,20-39,0.0028686845032492242
2022-01-02,40-59,0.04629412797845559
2022-01-02,60-79,0.355680288039342
2022-01-02,80-89,0.40114747380129967
2022-01-02,90+,0.19375329313272058
2022-01-03,0-19,0.0002558142934409215
2022-01-03,20-39,0.002872429066350919
2022-01-03,40-59,0.04631700507243199
2022-01-03,60-79,0.35573535645894544
2022-01-03,80-89,0.40111681211536493
2022-01-03,90+,0.19370258299346577
2022-01-04,0-19,0.0002554595352096228
2022-01-04,20-39,0.0028757444820740395
2022-01-04,40-59,0.04631116431157305
2022-01-04,60-79,0.35583323601541517
2022-01-04,80-89,0.4010349760597921
2022-01-04,90+,0.193689419595936
2022-01-05,0-19,0.0002622358520115675
2022-01-05,20-39,0.0028845943721272425
2022-01-05,40-59,0.04635018684304456
2022-01-05,60-79,0.35595603178881274
2022-01-05,80-89,0.400922196079574
2022-01-05,90+,0.1936247550644299
2022-01-06,0-19,0.0002620144544640713
2022-01-06,20-39,0.002882158999104784
2022-01-06,40-59,0.04635472390226861
2022-01-06,60-79,0.3560266963616382
2022-01-06,80-89,0.4008675589714477
2022-01-06,90+,0.19360684731107666
2022-01-07,0-19,0.00026159178601791903
2022-01-07,20-39,0.002892042523198105
2022-01-07,40-59,0.04637441051017665
2022-01-07,60-79,0.35607001940139077
2022-01-07,80-89,0.4008458134414579
2022-01-07,90+,0.1935561223377586
2022-01-08,0-19,0.00026143980711552006
2022-01-08,20-39,0.002897624528863681
2022-01-08,40-59,0.04637651689554753
2022-01-08,60-79,0.35610280394193133
2022-01-08,80-89,0.40077996209122796
2022-01-08,90+,0.19358165273531397
2022-01-09,0-19,0.00026835123550359374
2022-01-09,20-39,0.002901094437876689
2022-01-09,40-59,0.04641025826993233
2022-01-09,60-79,0.356123847721553
2022-01-09,80-89,0.40079344932875927
2022-01-09,90+,0.19350299900637516
2022-01-10,0-19,0.0002679334366446044
2022-01-10,20-39,0.0029183020261560966
2022-01-10,40-59,0.04646110620302113
2022-01-10,60-79,0.3561197445218474
2022-01-10,80-89,0.40072704100105727
2022-01-10,90+,0.1935058728112735
2022-01-11,0-19,0.00026741446350876685
2022-01-11,20-39,0.0029271042627310967
2022-01-11,40-59,0.04650120697879476
2022-01-11,60-79,0.3562105202295428
2022-01-11,80-89,0.4006880501871901
2022-01-11,90+,0.19340570387823247
2022-01-12,0-19,0.00026686862129900104
2022-01-12,20-39,0.0029211295034079843
2022-01-12,40-59,0.046485628764109777
2022-01-12,60-79,0.3562191207760828
2022-01-12,80-89,0.4006275018933247
2022-01-12,90+,0.19347975044177576
2022-01-13,0-19,0.00027357417459791794
2022-01-13,20-39,0.002915724755583073
2022-01-13,40-59,0.04655080560395099
2022-01-13,60-79,0.3563303624137881
2022-01-13,80-89,0.40053418957250436
2022-01-13,90+,0.19339534347957552
2022-01-14,0-19,0.00027291008330939385
2022-01-14,20-39,0.0029158287848319447
2022-01-14,40-59,0.04658144211433496
2022-01-14,60-79,0.35626975007181844
2022-01-14,80-89,0.4005170927894283
2022-01-14,90+,0.19344297615627692
2022-01-15,0-19,0.00027251278300093946
2022-01-15,20-39,0.0029187553337205884
2022-01-15,40-59,0.04657817172608163
2022-01-15,60-79,0.35635349210788636
2022-01-15,80-89,0.40051490573209125
2022-01-15,90+,0.19336216231721923
2022-01-16,0-19,0.0002720913081147653
2022-01-16,20-39,0.002921401413442743
2022-01-16,40-59,0.04654909458037076
2022-01-16,60-79,0.3564396136303425
2022-01-16,80-89,0.40047544375944266
2022-01-16,90+,0.1933423553082866
2022-01-17,0-19,0.00027153718630309266
2022-01-17,20-39,0.0029225976104727603
2022-01-17,40-59,0.04661864745898359
2022-01-17,60-79,0.3565068884696736
2022-01-17,80-89,0.400345852626765
2022-01-17,90+,0.19333447664780198
